Project_ID,Project_Name,Project_Type,Region,Contractor,Client,Planned_Budget_SAR,Actual_Cost_SAR,Cost_Overrun_SAR,Overrun_Pct,Start_Date,Planned_End_Date,Actual_End_Date,Delay_Days,Project_Status,Team_Size
PRJ-10000,Commercial Complex Project 0,Commercial Complex,Riyadh,SADEEM Construction,Ministry of Transport,56493747.77,66957197.26,10463449.49,18.52,2018-10-13,2019-08-27,2019-08-27,0,Cancelled,54
PRJ-10001,Metro Rail Project 1,Metro Rail,Abha,Saudi Binladin Group,Ministry of Housing,109933094.3,107164419.68,-2768674.62,-2.52,2019-03-24,2019-09-25,2019-10-22,27,Cancelled,111
PRJ-10002,Airport Terminal Project 2,Airport Terminal,Abha,Al Rashid Trading,Ministry of Education,23821180.79,21354899.85,-2466280.94,-10.35,2019-07-24,2021-06-16,2022-03-09,266,In Progress,367
PRJ-10003,School Project 3,School,Tabuk,SADEEM Construction,NEOM Co.,129993333.79,140436283.72,10442949.93,8.03,2023-05-15,2024-03-20,2024-03-20,0,On Hold,59
PRJ-10004,Hospital Project 4,Hospital,Tabuk,AECOM Arabia,Private Developer,106356850.38,96377955.94,-9978894.44,-9.38,2018-03-30,2020-10-01,2020-10-01,0,On Hold,50
PRJ-10005,Airport Terminal Project 5,Airport Terminal,Mecca,AECOM Arabia,Royal Commission,145501522.9,220573632.04,75072109.14,51.6,2019-01-29,2020-12-10,2021-04-07,118,Delayed,50
PRJ-10006,Bridge Project 6,Bridge,Jeddah,Al Arrab,Private Developer,32244697.05,30779094.64,-1465602.41,-4.55,2021-07-25,2023-01-30,2023-01-30,0,Delayed,117
PRJ-10007,Industrial Plant Project 7,Industrial Plant,Jeddah,AECOM Arabia,NEOM Co.,27918974.22,35451657.12,7532682.9,26.98,2022-02-02,2023-10-31,2023-11-10,10,Delayed,483
PRJ-10008,Airport Terminal Project 8,Airport Terminal,Medina,Al Fouzan,Ministry of Housing,65075780.29,87167856.88,22092076.59,33.95,2022-08-11,2023-07-01,2023-07-11,10,Delayed,43
PRJ-10009,Bridge Project 9,Bridge,Neom,Al Fouzan,Ministry of Transport,21354332.17,24409912.34,3055580.17,14.31,2020-10-19,2022-11-19,2022-11-29,10,On Hold,83
PRJ-10010,Industrial Plant Project 10,Industrial Plant,Dammam,Al Rashid Trading,Private Developer,68682462.64,69351362.91,668900.27,0.97,2021-04-12,2023-08-14,2023-09-29,46,Delayed,122
PRJ-10011,Highway Project 11,Highway,Qassim,SSEM,Aramco,77378048.54,83392208.67,6014160.13,7.77,2018-04-07,2020-08-17,2020-08-17,0,In Progress,415
PRJ-10012,School Project 12,School,Neom,El Seif Engineering,Ministry of Health,7444336.7,8056733.56,612396.86,8.23,2021-05-05,2022-08-28,2022-08-28,0,Cancelled,450
PRJ-10013,Residential Building Project 13,Residential Building,Jeddah,Al Bawani,Private Developer,25993356.49,41826129.05,15832772.56,60.91,2021-08-05,2023-12-30,2024-01-01,2,In Progress,242
PRJ-10014,Residential Building Project 14,Residential Building,Mecca,Al Bawani,NEOM Co.,144861988.94,158434255.77,13572266.83,9.37,2023-02-13,2024-10-14,2024-12-02,49,Cancelled,321
PRJ-10015,Bridge Project 15,Bridge,Dammam,Al Fouzan,NEOM Co.,15101981.04,16691765.19,1589784.15,10.53,2023-05-07,2025-02-07,2025-02-07,0,Completed,316
PRJ-10016,Hospital Project 16,Hospital,Jazan,Saudi Binladin Group,Aramco,66302797.81,62099960.95,-4202836.86,-6.34,2020-01-14,2022-11-20,2022-11-20,0,Delayed,132
PRJ-10017,Residential Building Project 17,Residential Building,Medina,AECOM Arabia,Aramco,74528948.06,117566160.26,43037212.2,57.75,2022-02-07,2022-08-03,2023-04-15,255,Cancelled,402
PRJ-10018,Highway Project 18,Highway,Dammam,SSEM,NEOM Co.,39187607.25,43057645.45,3870038.2,9.88,2020-12-16,2021-12-12,2021-12-12,0,In Progress,485
PRJ-10019,Airport Terminal Project 19,Airport Terminal,Medina,SADEEM Construction,Ministry of Health,47100805.88,60636080.79,13535274.91,28.74,2021-08-23,2023-10-09,2023-10-31,22,On Hold,71
PRJ-10020,Bridge Project 20,Bridge,Medina,El Seif Engineering,Royal Commission,28135741.1,41362529.08,13226787.98,47.01,2021-04-19,2021-08-08,2021-11-20,104,Completed,46
PRJ-10021,Residential Building Project 21,Residential Building,Medina,El Seif Engineering,Ministry of Housing,140955091.76,187233465.1,46278373.34,32.83,2019-11-08,2022-07-05,2022-09-10,67,On Hold,119
PRJ-10022,Airport Terminal Project 22,Airport Terminal,Dammam,AECOM Arabia,Ministry of Education,138320198.14,139258879.11,938680.97,0.68,2022-05-26,2023-04-29,2023-05-01,2,Completed,59
PRJ-10023,School Project 23,School,Tabuk,Al Arrab,Ministry of Health,7261479.69,7244045.6,-17434.09,-0.24,2022-11-05,2024-05-26,2024-05-26,0,Completed,41
PRJ-10024,School Project 24,School,Tabuk,El Seif Engineering,Ministry of Transport,58607254.81,88672190.88,30064936.07,51.3,2019-01-25,2019-11-07,2019-11-16,9,In Progress,152
PRJ-10025,Dam Project 25,Dam,Medina,El Seif Engineering,Ministry of Education,53834622.34,52988361.08,-846261.26,-1.57,2022-10-31,2025-05-05,2025-05-05,0,Cancelled,438
PRJ-10026,Residential Building Project 26,Residential Building,Jeddah,Al Rashid Trading,NEOM Co.,81633064.43,121776743.02,40143678.59,49.18,2020-09-21,2022-02-09,2022-02-13,4,Completed,94
PRJ-10027,School Project 27,School,Riyadh,Al Arrab,Private Developer,11645321.23,13928573.73,2283252.5,19.61,2022-05-25,2025-03-28,2025-03-28,0,Cancelled,348
PRJ-10028,Dam Project 28,Dam,Dammam,Al Rashid Trading,Private Developer,115950593.01,99070238.26,-16880354.75,-14.56,2023-06-07,2024-04-14,2024-04-20,6,Completed,392
PRJ-10029,Hospital Project 29,Hospital,Riyadh,Saudi Binladin Group,Ministry of Education,122411483.55,136128572.03,13717088.48,11.21,2023-02-26,2024-10-22,2024-10-22,0,Cancelled,51
PRJ-10030,Highway Project 30,Highway,Jeddah,AECOM Arabia,Aramco,109486571.62,99549101.93,-9937469.69,-9.08,2022-11-01,2024-12-21,2025-02-03,44,Cancelled,136
PRJ-10031,Metro Rail Project 31,Metro Rail,Neom,Saudi Binladin Group,Aramco,54090626.42,83325676.43,29235050.01,54.05,2021-09-08,2023-02-09,2023-02-12,3,Delayed,114
PRJ-10032,Hospital Project 32,Hospital,Medina,SADEEM Construction,Ministry of Health,93683069.96,84394082.57,-9288987.39,-9.92,2021-10-07,2022-05-19,2022-05-31,12,Completed,14
PRJ-10033,Dam Project 33,Dam,Neom,AECOM Arabia,Aramco,46991857.1,67371517.95,20379660.85,43.37,2021-01-06,2021-06-20,2021-07-01,11,Delayed,461
PRJ-10034,Commercial Complex Project 34,Commercial Complex,Medina,Al Fouzan,Private Developer,95814841.97,111735802.39,15920960.42,16.62,2020-06-16,2021-02-22,2021-02-22,0,Cancelled,423
PRJ-10035,Airport Terminal Project 35,Airport Terminal,Riyadh,Al Bawani,Private Developer,71096131.31,100998867.65,29902736.34,42.06,2021-09-20,2024-07-30,2024-08-02,3,Delayed,69
PRJ-10036,Commercial Complex Project 36,Commercial Complex,Qassim,Nesma & Partners,Private Developer,114237364.77,167560367.22,53323002.45,46.68,2021-05-23,2022-06-05,2022-06-29,24,Delayed,268
PRJ-10037,Dam Project 37,Dam,Mecca,Saudi Binladin Group,Aramco,74322441.66,94254699.58,19932257.92,26.82,2020-05-17,2022-05-26,2022-10-18,145,In Progress,336
PRJ-10038,Industrial Plant Project 38,Industrial Plant,Dammam,SSEM,Ministry of Health,64417382.24,60060669.0,-4356713.24,-6.76,2018-01-20,2019-11-15,2019-11-15,0,In Progress,289
PRJ-10039,Residential Building Project 39,Residential Building,Tabuk,AECOM Arabia,NEOM Co.,5198663.26,5726248.48,527585.22,10.15,2018-09-19,2020-03-02,2020-04-01,30,Completed,470
PRJ-10040,Hospital Project 40,Hospital,Medina,Al Rashid Trading,Aramco,76531318.33,80314550.94,3783232.61,4.94,2022-05-17,2023-08-12,2023-10-22,71,Cancelled,393
PRJ-10041,Highway Project 41,Highway,Medina,Nesma & Partners,NEOM Co.,61852246.99,63895754.46,2043507.47,3.3,2020-04-24,2023-01-11,2023-02-22,42,Delayed,410
PRJ-10042,School Project 42,School,Medina,SADEEM Construction,NEOM Co.,12008496.52,11756042.26,-252454.26,-2.1,2021-12-07,2024-05-21,2024-05-31,10,On Hold,123
PRJ-10043,Bridge Project 43,Bridge,Jazan,Al Fouzan,Private Developer,139489799.03,159358183.93,19868384.9,14.24,2022-06-17,2025-01-02,2025-01-02,0,In Progress,214
PRJ-10044,Hospital Project 44,Hospital,Mecca,El Seif Engineering,Private Developer,95193861.6,142118501.13,46924639.53,49.29,2021-08-06,2022-10-29,2022-12-29,61,Cancelled,179
PRJ-10045,Residential Building Project 45,Residential Building,Jeddah,SADEEM Construction,NEOM Co.,28392223.8,44406778.1,16014554.3,56.4,2023-05-26,2025-04-09,2025-11-07,212,On Hold,186
PRJ-10046,Hospital Project 46,Hospital,Abha,AECOM Arabia,Aramco,81131665.17,127123018.84,45991353.67,56.69,2023-01-17,2024-05-15,2024-07-03,49,On Hold,10
PRJ-10047,Airport Terminal Project 47,Airport Terminal,Qassim,Al Rashid Trading,Royal Commission,48041519.51,44823486.06,-3218033.45,-6.7,2018-05-24,2019-11-06,2019-11-06,0,Cancelled,170
PRJ-10048,Commercial Complex Project 48,Commercial Complex,Mecca,Al Bawani,Private Developer,34576306.8,52017004.39,17440697.59,50.44,2020-04-16,2022-05-28,2022-06-13,16,Cancelled,75
PRJ-10049,Bridge Project 49,Bridge,Abha,Al Arrab,NEOM Co.,129179222.2,136054681.77,6875459.57,5.32,2021-03-11,2023-03-01,2023-03-01,0,Completed,165
PRJ-10050,Industrial Plant Project 50,Industrial Plant,Medina,Al Arrab,Royal Commission,62902944.97,59499410.91,-3403534.06,-5.41,2020-06-23,2022-01-10,2022-01-17,7,On Hold,416
PRJ-10051,Highway Project 51,Highway,Jeddah,SADEEM Construction,Royal Commission,50973468.12,60295134.63,9321666.51,18.29,2022-08-04,2023-02-05,2023-02-05,0,Delayed,125
PRJ-10052,Bridge Project 52,Bridge,Dammam,Saudi Binladin Group,Ministry of Housing,48818838.34,68952467.71,20133629.37,41.24,2020-08-31,2021-08-06,2021-08-27,21,On Hold,222
PRJ-10053,Metro Rail Project 53,Metro Rail,Medina,Al Arrab,Ministry of Education,54862625.56,88875140.18,34012514.62,62.0,2019-05-15,2020-09-25,2021-01-10,107,Completed,408
PRJ-10054,School Project 54,School,Medina,Nesma & Partners,Ministry of Education,38141453.23,41600984.03,3459530.8,9.07,2021-02-15,2021-07-06,2021-07-26,20,On Hold,78
PRJ-10055,Dam Project 55,Dam,Qassim,Al Bawani,Royal Commission,43083653.91,39252055.86,-3831598.05,-8.89,2022-03-27,2025-02-21,2025-02-21,0,Cancelled,228
PRJ-10056,Airport Terminal Project 56,Airport Terminal,Jazan,Nesma & Partners,Ministry of Education,91629867.93,96285004.89,4655136.96,5.08,2019-06-15,2020-12-16,2020-12-16,0,Delayed,402
PRJ-10057,Airport Terminal Project 57,Airport Terminal,Jazan,Al Rashid Trading,Private Developer,8196073.31,8061608.03,-134465.28,-1.64,2018-06-08,2019-11-30,2019-11-30,0,Delayed,173
PRJ-10058,Airport Terminal Project 58,Airport Terminal,Jeddah,Nesma & Partners,NEOM Co.,136285749.95,132451836.53,-3833913.42,-2.81,2020-02-24,2021-01-15,2021-01-15,0,Completed,222
PRJ-10059,School Project 59,School,Tabuk,Al Bawani,Ministry of Education,22161783.38,36312533.35,14150749.97,63.85,2018-05-08,2019-10-05,2019-10-25,20,Cancelled,494
PRJ-10060,Residential Building Project 60,Residential Building,Neom,Al Arrab,Ministry of Education,36687263.09,53537564.99,16850301.9,45.93,2023-04-15,2023-07-20,2023-08-22,33,On Hold,285
PRJ-10061,Airport Terminal Project 61,Airport Terminal,Neom,Al Rashid Trading,Ministry of Education,36026812.83,41222834.17,5196021.34,14.42,2019-07-13,2020-05-22,2020-11-23,185,On Hold,380
PRJ-10062,Highway Project 62,Highway,Jazan,Nesma & Partners,Ministry of Housing,95029721.67,121506878.7,26477157.03,27.86,2020-03-17,2022-12-30,2023-01-29,30,Completed,339
PRJ-10063,School Project 63,School,Dammam,SSEM,NEOM Co.,13998320.62,15490878.29,1492557.67,10.66,2019-06-17,2019-11-05,2019-12-29,54,Delayed,182
PRJ-10064,School Project 64,School,Mecca,Al Arrab,Private Developer,28384517.3,37544608.48,9160091.18,32.27,2018-06-17,2021-01-16,2021-01-17,1,Completed,497
PRJ-10065,Hospital Project 65,Hospital,Medina,El Seif Engineering,Ministry of Housing,101795872.1,92122856.64,-9673015.46,-9.5,2018-03-05,2020-07-14,2020-07-14,0,Completed,328
PRJ-10066,Highway Project 66,Highway,Medina,Nesma & Partners,Ministry of Education,77057912.22,105271759.99,28213847.77,36.61,2018-08-23,2020-10-06,2020-10-13,7,Delayed,402
PRJ-10067,Hospital Project 67,Hospital,Dammam,AECOM Arabia,Aramco,26567781.14,30802374.0,4234592.86,15.94,2022-08-05,2025-01-07,2025-02-11,35,Cancelled,23
PRJ-10068,Industrial Plant Project 68,Industrial Plant,Neom,Al Arrab,Ministry of Health,140541133.32,157807044.53,17265911.21,12.29,2022-01-04,2024-11-23,2024-11-27,4,In Progress,62
PRJ-10069,Industrial Plant Project 69,Industrial Plant,Neom,El Seif Engineering,Ministry of Housing,17464291.43,27102335.84,9638044.41,55.19,2020-12-27,2022-03-17,2022-06-02,77,Cancelled,341
PRJ-10070,Hospital Project 70,Hospital,Riyadh,Al Arrab,Ministry of Education,39062273.34,42890189.17,3827915.83,9.8,2020-06-06,2020-12-21,2020-12-21,0,On Hold,372
PRJ-10071,Highway Project 71,Highway,Abha,Nesma & Partners,Private Developer,122674718.93,130839978.09,8165259.16,6.66,2022-07-14,2024-07-03,2024-07-03,0,On Hold,233
PRJ-10072,Metro Rail Project 72,Metro Rail,Mecca,Al Fouzan,Ministry of Transport,79682761.46,73665295.75,-6017465.71,-7.55,2023-03-30,2025-10-25,2025-11-02,8,In Progress,394
PRJ-10073,Dam Project 73,Dam,Neom,AECOM Arabia,Ministry of Health,134633755.81,182628154.04,47994398.23,35.65,2018-02-28,2019-05-08,2019-07-16,69,On Hold,118
PRJ-10074,Hospital Project 74,Hospital,Mecca,Al Fouzan,Private Developer,51184953.76,51428741.16,243787.4,0.48,2021-05-05,2024-01-21,2024-01-21,0,Completed,274
PRJ-10075,Bridge Project 75,Bridge,Jeddah,Al Rashid Trading,Ministry of Health,109030373.99,127471016.74,18440642.75,16.91,2021-02-11,2022-09-24,2022-09-24,0,On Hold,239
PRJ-10076,Residential Building Project 76,Residential Building,Jeddah,SADEEM Construction,Ministry of Transport,133119420.43,181525011.87,48405591.44,36.36,2021-11-17,2023-04-05,2023-05-20,45,Delayed,252
PRJ-10077,Airport Terminal Project 77,Airport Terminal,Qassim,Al Fouzan,Ministry of Health,13078924.77,20518784.16,7439859.39,56.88,2021-02-01,2023-06-04,2023-06-09,5,Delayed,166
PRJ-10078,Industrial Plant Project 78,Industrial Plant,Medina,El Seif Engineering,Ministry of Transport,91161144.42,82296554.1,-8864590.32,-9.72,2018-09-02,2019-10-20,2019-10-20,0,In Progress,108
PRJ-10079,Bridge Project 79,Bridge,Jazan,SADEEM Construction,Private Developer,15669995.66,17222117.05,1552121.39,9.91,2018-07-25,2021-07-23,2021-07-23,0,Delayed,101
PRJ-10080,Industrial Plant Project 80,Industrial Plant,Riyadh,Al Bawani,NEOM Co.,1256706.79,1191662.68,-65044.11,-5.18,2018-04-04,2019-04-09,2019-04-09,0,In Progress,336
PRJ-10081,Dam Project 81,Dam,Jeddah,Saudi Binladin Group,Private Developer,82535701.51,113203410.21,30667708.7,37.16,2020-09-07,2022-03-31,2022-05-05,35,Completed,139
PRJ-10082,Dam Project 82,Dam,Jeddah,El Seif Engineering,Ministry of Health,34028261.76,35382561.74,1354299.98,3.98,2018-06-01,2020-01-15,2020-02-21,37,In Progress,86
PRJ-10083,Metro Rail Project 83,Metro Rail,Mecca,El Seif Engineering,Ministry of Transport,49147254.87,55238930.39,6091675.52,12.39,2021-02-16,2021-09-15,2021-09-15,0,Cancelled,125
PRJ-10084,Airport Terminal Project 84,Airport Terminal,Abha,SSEM,Ministry of Education,97620118.41,134334099.38,36713980.97,37.61,2022-10-28,2023-11-26,2024-01-21,56,Cancelled,327
PRJ-10085,Residential Building Project 85,Residential Building,Neom,El Seif Engineering,Ministry of Transport,85462136.2,97783438.21,12321302.01,14.42,2019-03-09,2021-03-08,2021-03-10,2,In Progress,98
PRJ-10086,Airport Terminal Project 86,Airport Terminal,Jeddah,Nesma & Partners,Ministry of Housing,40147753.97,39071669.43,-1076084.54,-2.68,2020-07-11,2021-12-01,2021-12-01,0,Completed,128
PRJ-10087,Industrial Plant Project 87,Industrial Plant,Mecca,SSEM,Aramco,145965077.94,148582132.15,2617054.21,1.79,2019-04-24,2021-06-25,2021-06-25,0,Cancelled,348
PRJ-10088,Bridge Project 88,Bridge,Abha,El Seif Engineering,Ministry of Transport,133860960.0,145820310.71,11959350.71,8.93,2018-11-02,2020-11-24,2020-11-24,0,Completed,40
PRJ-10089,Highway Project 89,Highway,Mecca,AECOM Arabia,Private Developer,119324289.88,156496563.49,37172273.61,31.15,2018-09-12,2020-03-04,2020-03-24,20,On Hold,492
PRJ-10090,Industrial Plant Project 90,Industrial Plant,Qassim,Al Bawani,Ministry of Education,74131395.23,105856792.58,31725397.35,42.8,2018-06-14,2019-12-04,2019-12-10,6,Delayed,319
PRJ-10091,Industrial Plant Project 91,Industrial Plant,Riyadh,El Seif Engineering,Ministry of Transport,42475468.18,38537770.98,-3937697.2,-9.27,2021-10-12,2024-09-20,2024-09-20,0,Completed,401
PRJ-10092,Industrial Plant Project 92,Industrial Plant,Neom,Saudi Binladin Group,NEOM Co.,96998108.24,92452117.67,-4545990.57,-4.69,2020-11-28,2022-06-22,2022-06-22,0,In Progress,309
PRJ-10093,School Project 93,School,Jazan,El Seif Engineering,Ministry of Education,141098558.36,223202611.85,82104053.49,58.19,2020-04-16,2021-07-06,2021-10-06,92,In Progress,178
PRJ-10094,School Project 94,School,Jazan,SADEEM Construction,Ministry of Health,55838725.69,65805690.79,9966965.1,17.85,2022-04-07,2024-10-16,2024-10-16,0,Delayed,139
PRJ-10095,Hospital Project 95,Hospital,Jeddah,Al Arrab,Ministry of Housing,64513530.17,104569721.82,40056191.65,62.09,2022-11-16,2024-12-18,2025-03-30,102,In Progress,275
PRJ-10096,Hospital Project 96,Hospital,Neom,SSEM,Ministry of Education,128024913.59,148262859.29,20237945.7,15.81,2018-04-16,2020-08-31,2020-09-10,10,Delayed,234
PRJ-10097,Dam Project 97,Dam,Jeddah,Saudi Binladin Group,Ministry of Transport,127744932.39,125904664.1,-1840268.29,-1.44,2018-11-21,2021-02-14,2021-08-08,175,Completed,125
PRJ-10098,Commercial Complex Project 98,Commercial Complex,Jazan,El Seif Engineering,NEOM Co.,83741788.74,98886192.46,15144403.72,18.08,2023-03-26,2024-11-15,2024-11-15,0,Delayed,222
PRJ-10099,Dam Project 99,Dam,Jazan,Al Rashid Trading,Ministry of Education,104556454.6,97001330.14,-7555124.46,-7.23,2018-10-24,2020-08-08,2020-09-02,25,Cancelled,392
PRJ-10100,Highway Project 100,Highway,Jeddah,SADEEM Construction,Ministry of Health,92443580.39,110656459.16,18212878.77,19.7,2023-03-29,2024-06-09,2024-06-09,0,Completed,154
PRJ-10101,Industrial Plant Project 101,Industrial Plant,Neom,AECOM Arabia,Ministry of Education,21442560.28,33276676.22,11834115.94,55.19,2018-11-01,2021-07-04,2021-07-25,21,Delayed,292
PRJ-10102,Airport Terminal Project 102,Airport Terminal,Abha,SSEM,Royal Commission,111244908.35,123382253.18,12137344.83,10.91,2019-01-22,2021-09-28,2021-09-28,0,On Hold,129
PRJ-10103,School Project 103,School,Riyadh,Al Fouzan,Ministry of Education,105521370.56,106349433.2,828062.64,0.78,2023-02-14,2025-05-06,2025-05-06,0,In Progress,263
PRJ-10104,Residential Building Project 104,Residential Building,Dammam,Al Bawani,Royal Commission,44391980.72,50731526.09,6339545.37,14.28,2018-07-25,2021-03-31,2021-03-31,0,Cancelled,476
PRJ-10105,Dam Project 105,Dam,Riyadh,Nesma & Partners,Ministry of Health,121611952.5,187727245.72,66115293.22,54.37,2021-09-02,2024-05-10,2025-01-25,260,Delayed,183
PRJ-10106,Metro Rail Project 106,Metro Rail,Abha,El Seif Engineering,Royal Commission,137029462.61,144347208.59,7317745.98,5.34,2021-10-13,2024-06-01,2024-06-01,0,Delayed,330
PRJ-10107,Dam Project 107,Dam,Qassim,Saudi Binladin Group,Aramco,75476686.06,86004819.84,10528133.78,13.95,2021-07-16,2022-06-11,2022-06-11,0,In Progress,392
PRJ-10108,Commercial Complex Project 108,Commercial Complex,Abha,El Seif Engineering,Aramco,97669607.65,108470895.73,10801288.08,11.06,2018-12-07,2020-06-03,2020-06-03,0,Completed,176
PRJ-10109,Residential Building Project 109,Residential Building,Mecca,Al Fouzan,Royal Commission,119471004.08,133854850.08,14383846.0,12.04,2018-10-26,2020-04-09,2020-06-14,66,In Progress,97
PRJ-10110,Highway Project 110,Highway,Jeddah,AECOM Arabia,Ministry of Health,56649651.42,74359698.44,17710047.02,31.26,2021-10-31,2023-10-25,2023-10-27,2,In Progress,128
PRJ-10111,Dam Project 111,Dam,Mecca,SSEM,Private Developer,5873369.93,6106421.76,233051.83,3.97,2018-01-20,2020-03-02,2020-03-02,0,Delayed,356
PRJ-10112,Airport Terminal Project 112,Airport Terminal,Dammam,El Seif Engineering,Ministry of Education,81625372.89,80479546.57,-1145826.32,-1.4,2019-12-09,2022-10-31,2022-10-31,0,On Hold,363
PRJ-10113,Industrial Plant Project 113,Industrial Plant,Jazan,SADEEM Construction,Ministry of Transport,88829572.46,80941902.31,-7887670.15,-8.88,2022-10-14,2024-02-09,2024-02-09,0,Cancelled,193
PRJ-10114,Metro Rail Project 114,Metro Rail,Mecca,SADEEM Construction,Ministry of Housing,123478783.82,124473676.14,994892.32,0.81,2022-08-27,2025-08-22,2025-08-22,0,Cancelled,452
PRJ-10115,Residential Building Project 115,Residential Building,Neom,SSEM,Private Developer,19495546.64,28580370.83,9084824.19,46.6,2022-06-25,2024-11-25,2024-12-17,22,In Progress,335
PRJ-10116,Bridge Project 116,Bridge,Neom,SADEEM Construction,NEOM Co.,32765243.61,35611466.7,2846223.09,8.69,2018-07-18,2020-07-20,2020-07-20,0,Delayed,413
PRJ-10117,Dam Project 117,Dam,Riyadh,AECOM Arabia,Royal Commission,13259446.02,16906903.56,3647457.54,27.51,2018-09-27,2021-01-13,2021-01-14,1,On Hold,99
PRJ-10118,Bridge Project 118,Bridge,Dammam,Al Bawani,Royal Commission,81324950.68,88744142.2,7419191.52,9.12,2020-10-24,2022-07-19,2022-07-19,0,Delayed,477
PRJ-10119,Dam Project 119,Dam,Mecca,Al Fouzan,Aramco,109050654.39,137735368.91,28684714.52,26.3,2023-05-27,2024-12-16,2025-04-06,111,In Progress,450
PRJ-10120,School Project 120,School,Qassim,Al Fouzan,Aramco,48781992.7,52034083.32,3252090.62,6.67,2020-03-19,2022-09-04,2022-10-21,47,On Hold,198
PRJ-10121,Industrial Plant Project 121,Industrial Plant,Neom,Al Arrab,Royal Commission,66126227.4,57548372.51,-8577854.89,-12.97,2021-10-14,2022-05-02,2023-02-14,288,Cancelled,177
PRJ-10122,Metro Rail Project 122,Metro Rail,Medina,El Seif Engineering,Ministry of Education,144415937.99,203161361.52,58745423.53,40.68,2021-12-06,2024-09-22,2024-11-15,54,In Progress,33
PRJ-10123,Residential Building Project 123,Residential Building,Mecca,SSEM,Aramco,61638465.19,58679097.45,-2959367.74,-4.8,2019-04-26,2019-11-01,2019-11-01,0,On Hold,199
PRJ-10124,Airport Terminal Project 124,Airport Terminal,Abha,AECOM Arabia,NEOM Co.,23887337.88,23291895.09,-595442.79,-2.49,2020-04-29,2023-01-20,2023-01-20,0,Cancelled,218
PRJ-10125,Industrial Plant Project 125,Industrial Plant,Riyadh,Al Fouzan,Ministry of Transport,82609386.37,92058146.94,9448760.57,11.44,2020-06-29,2021-12-25,2021-12-25,0,Completed,361
PRJ-10126,Hospital Project 126,Hospital,Qassim,Al Fouzan,Ministry of Housing,99199507.82,160097314.35,60897806.53,61.39,2019-07-20,2020-11-28,2020-12-07,9,On Hold,56
PRJ-10127,Bridge Project 127,Bridge,Neom,Saudi Binladin Group,Ministry of Housing,110815589.05,148423806.55,37608217.5,33.94,2019-11-15,2022-04-28,2022-05-22,24,Cancelled,115
PRJ-10128,Commercial Complex Project 128,Commercial Complex,Qassim,Al Rashid Trading,Ministry of Transport,63230209.33,71752259.52,8522050.19,13.48,2022-11-17,2025-05-27,2025-06-04,8,Cancelled,11
PRJ-10129,Industrial Plant Project 129,Industrial Plant,Dammam,Nesma & Partners,Private Developer,113797993.51,106380844.24,-7417149.27,-6.52,2018-12-24,2021-06-18,2021-06-18,0,In Progress,17
PRJ-10130,Hospital Project 130,Hospital,Medina,AECOM Arabia,Royal Commission,7377394.98,11319642.23,3942247.25,53.44,2018-12-23,2019-04-08,2019-04-09,1,On Hold,279
PRJ-10131,Commercial Complex Project 131,Commercial Complex,Jeddah,SSEM,Ministry of Education,105696849.98,98114932.56,-7581917.42,-7.17,2020-01-12,2022-06-16,2022-07-05,19,Cancelled,123
PRJ-10132,Metro Rail Project 132,Metro Rail,Riyadh,Al Bawani,Private Developer,73996573.33,90925318.22,16928744.89,22.88,2021-08-10,2023-02-20,2023-08-21,182,On Hold,228
PRJ-10133,Commercial Complex Project 133,Commercial Complex,Jazan,SSEM,Aramco,26393679.55,30849032.62,4455353.07,16.88,2018-06-15,2021-03-21,2021-04-07,17,In Progress,150
PRJ-10134,Metro Rail Project 134,Metro Rail,Neom,Al Bawani,Royal Commission,92569589.66,82039170.09,-10530419.57,-11.38,2021-05-08,2022-08-31,2022-09-30,30,Cancelled,230
PRJ-10135,Commercial Complex Project 135,Commercial Complex,Jeddah,Al Bawani,Ministry of Transport,56504585.89,61463313.91,4958728.02,8.78,2020-07-13,2021-12-25,2021-12-25,0,On Hold,214
PRJ-10136,School Project 136,School,Jeddah,Al Fouzan,Ministry of Health,75718870.66,104261470.38,28542599.72,37.7,2021-09-24,2022-11-08,2023-01-05,58,On Hold,44
PRJ-10137,Commercial Complex Project 137,Commercial Complex,Jeddah,El Seif Engineering,Ministry of Health,24858696.85,22899101.29,-1959595.56,-7.88,2022-03-05,2022-09-09,2022-09-09,0,Cancelled,40
PRJ-10138,Metro Rail Project 138,Metro Rail,Qassim,Al Bawani,Royal Commission,96541682.09,103853041.86,7311359.77,7.57,2018-09-08,2020-10-23,2020-10-23,0,On Hold,454
PRJ-10139,Residential Building Project 139,Residential Building,Mecca,AECOM Arabia,Private Developer,141064421.09,163710330.67,22645909.58,16.05,2018-08-01,2019-10-25,2019-11-19,25,On Hold,124
PRJ-10140,Commercial Complex Project 140,Commercial Complex,Tabuk,Al Bawani,Royal Commission,96671588.66,124367363.82,27695775.16,28.65,2022-04-11,2022-11-04,2022-11-22,18,On Hold,442
PRJ-10141,Airport Terminal Project 141,Airport Terminal,Neom,AECOM Arabia,Ministry of Housing,141248988.91,143485072.18,2236083.27,1.58,2023-03-18,2025-02-28,2025-02-28,0,Completed,102
PRJ-10142,Industrial Plant Project 142,Industrial Plant,Mecca,Al Fouzan,Royal Commission,144197989.29,168943113.01,24745123.72,17.16,2019-01-07,2019-04-13,2019-04-13,0,On Hold,45
PRJ-10143,Highway Project 143,Highway,Riyadh,El Seif Engineering,Ministry of Transport,29770774.65,27705349.79,-2065424.86,-6.94,2020-05-09,2021-08-27,2021-08-29,2,Delayed,379
PRJ-10144,Hospital Project 144,Hospital,Neom,AECOM Arabia,Aramco,3224162.93,4502238.59,1278075.66,39.64,2018-04-18,2021-01-06,2021-01-08,2,Completed,355
PRJ-10145,Commercial Complex Project 145,Commercial Complex,Mecca,SSEM,Ministry of Health,11142702.94,17002653.19,5859950.25,52.59,2021-05-28,2023-01-05,2023-01-16,11,Cancelled,68
PRJ-10146,Hospital Project 146,Hospital,Abha,El Seif Engineering,Private Developer,3979154.39,4279516.16,300361.77,7.55,2021-10-21,2023-12-14,2024-02-02,50,Delayed,33
PRJ-10147,Bridge Project 147,Bridge,Abha,AECOM Arabia,Ministry of Housing,18165641.73,24580915.81,6415274.08,35.32,2019-02-23,2019-05-31,2019-07-05,35,In Progress,401
PRJ-10148,Industrial Plant Project 148,Industrial Plant,Mecca,Al Fouzan,Aramco,131682066.02,147552561.53,15870495.51,12.05,2020-10-15,2021-01-20,2021-01-20,0,On Hold,282
PRJ-10149,Bridge Project 149,Bridge,Qassim,Al Bawani,Royal Commission,120620399.09,129742637.39,9122238.3,7.56,2020-03-24,2020-09-03,2020-11-06,64,On Hold,481
PRJ-10150,Commercial Complex Project 150,Commercial Complex,Tabuk,AECOM Arabia,Ministry of Health,27027211.8,30410597.78,3383385.98,12.52,2020-04-08,2022-02-14,2022-02-14,0,Completed,217
PRJ-10151,Residential Building Project 151,Residential Building,Tabuk,Nesma & Partners,Ministry of Education,121121793.52,145001141.95,23879348.43,19.72,2021-11-13,2024-06-11,2024-06-11,0,Completed,134
PRJ-10152,School Project 152,School,Neom,Al Arrab,Aramco,62186342.7,91484217.26,29297874.56,47.11,2022-11-18,2024-03-27,2024-04-09,13,Delayed,408
PRJ-10153,Highway Project 153,Highway,Jeddah,Al Bawani,Aramco,51450129.27,79064967.52,27614838.25,53.67,2020-11-10,2022-08-05,2022-10-24,80,Delayed,382
PRJ-10154,Highway Project 154,Highway,Medina,El Seif Engineering,NEOM Co.,64634607.09,93955081.79,29320474.7,45.36,2019-02-09,2020-01-27,2020-03-08,41,Completed,100
PRJ-10155,Dam Project 155,Dam,Jazan,AECOM Arabia,Ministry of Education,15917018.39,18635101.92,2718083.53,17.08,2023-03-08,2025-05-03,2025-05-03,0,Cancelled,175
PRJ-10156,Hospital Project 156,Hospital,Dammam,SSEM,Aramco,76035229.68,84097981.17,8062751.49,10.6,2020-06-24,2022-01-15,2022-03-08,52,Cancelled,38
PRJ-10157,Hospital Project 157,Hospital,Qassim,El Seif Engineering,Private Developer,134380722.66,115388711.41,-18992011.25,-14.13,2020-07-14,2022-01-27,2022-02-10,14,Delayed,49
PRJ-10158,Commercial Complex Project 158,Commercial Complex,Neom,AECOM Arabia,Ministry of Health,135854605.47,150180597.25,14325991.78,10.55,2021-04-03,2022-10-18,2022-10-20,2,Completed,240
PRJ-10159,Metro Rail Project 159,Metro Rail,Medina,Al Fouzan,Ministry of Education,142534264.07,168929064.7,26394800.63,18.52,2018-11-05,2020-06-30,2020-06-30,0,Delayed,375
PRJ-10160,Commercial Complex Project 160,Commercial Complex,Qassim,Nesma & Partners,Ministry of Housing,86228964.27,104229813.94,18000849.67,20.88,2021-12-20,2022-11-28,2022-12-27,29,Cancelled,322
PRJ-10161,Highway Project 161,Highway,Tabuk,Al Fouzan,Private Developer,44335010.37,44272913.14,-62097.23,-0.14,2020-04-17,2021-08-16,2021-08-16,0,Completed,414
PRJ-10162,Hospital Project 162,Hospital,Jeddah,Al Fouzan,Aramco,101041509.18,149871155.77,48829646.59,48.33,2021-10-21,2023-08-13,2023-09-23,41,Cancelled,457
PRJ-10163,Highway Project 163,Highway,Tabuk,El Seif Engineering,NEOM Co.,118547912.35,147655721.45,29107809.1,24.55,2019-12-18,2022-10-11,2022-10-13,2,On Hold,76
PRJ-10164,Metro Rail Project 164,Metro Rail,Jeddah,SADEEM Construction,Ministry of Health,9105034.62,10955399.83,1850365.21,20.32,2022-06-10,2024-06-27,2024-07-20,23,Cancelled,57
PRJ-10165,School Project 165,School,Qassim,Al Fouzan,Ministry of Housing,133211775.32,125705773.09,-7506002.23,-5.63,2019-09-25,2020-12-29,2021-01-10,12,On Hold,108
PRJ-10166,Bridge Project 166,Bridge,Dammam,Nesma & Partners,Aramco,21877256.47,24687459.84,2810203.37,12.85,2022-09-26,2023-10-23,2023-10-23,0,Cancelled,437
PRJ-10167,Airport Terminal Project 167,Airport Terminal,Riyadh,Al Fouzan,NEOM Co.,92923600.47,85237466.2,-7686134.27,-8.27,2020-02-11,2022-01-12,2022-01-15,3,Cancelled,424
PRJ-10168,Highway Project 168,Highway,Jazan,Saudi Binladin Group,Ministry of Health,105294885.15,97063868.35,-8231016.8,-7.82,2021-10-17,2023-01-23,2023-01-23,0,Cancelled,155
PRJ-10169,Dam Project 169,Dam,Medina,Al Bawani,Ministry of Transport,123368078.86,137169595.01,13801516.15,11.19,2023-06-01,2024-07-11,2024-07-11,0,In Progress,198
PRJ-10170,Metro Rail Project 170,Metro Rail,Jazan,SSEM,Private Developer,12661642.71,20756378.56,8094735.85,63.93,2020-02-22,2022-07-27,2022-07-29,2,In Progress,428
PRJ-10171,Bridge Project 171,Bridge,Neom,Nesma & Partners,Private Developer,56453483.97,84693755.25,28240271.28,50.02,2021-08-06,2021-12-27,2022-01-09,13,Completed,374
PRJ-10172,Airport Terminal Project 172,Airport Terminal,Jeddah,SADEEM Construction,Aramco,142113662.32,206448879.39,64335217.07,45.27,2018-11-25,2021-04-14,2021-08-20,128,In Progress,435
PRJ-10173,School Project 173,School,Jeddah,Al Rashid Trading,Ministry of Education,56750808.04,52497347.18,-4253460.86,-7.49,2019-12-17,2022-09-07,2022-09-07,0,On Hold,267
PRJ-10174,Hospital Project 174,Hospital,Medina,Al Arrab,Aramco,116683463.93,138780699.15,22097235.22,18.94,2019-04-05,2020-07-21,2020-08-14,24,Delayed,415
PRJ-10175,Highway Project 175,Highway,Dammam,Saudi Binladin Group,Private Developer,135999980.57,169197587.17,33197606.6,24.41,2022-08-27,2025-06-21,2025-06-24,3,On Hold,239
PRJ-10176,Metro Rail Project 176,Metro Rail,Riyadh,El Seif Engineering,Ministry of Housing,2197369.89,2286579.14,89209.25,4.06,2019-03-18,2020-03-04,2020-03-04,0,Cancelled,280
PRJ-10177,School Project 177,School,Jeddah,SADEEM Construction,Ministry of Transport,8917339.71,8418155.93,-499183.78,-5.6,2018-09-07,2019-10-10,2019-10-13,3,Cancelled,244
PRJ-10178,Commercial Complex Project 178,Commercial Complex,Jeddah,SSEM,Ministry of Housing,97556940.17,128452736.52,30895796.35,31.67,2020-11-21,2022-11-28,2023-01-08,41,Delayed,229
PRJ-10179,Residential Building Project 179,Residential Building,Neom,Al Fouzan,Ministry of Transport,144344796.0,155685918.85,11341122.85,7.86,2020-05-03,2022-03-08,2022-03-22,14,Cancelled,194
PRJ-10180,Commercial Complex Project 180,Commercial Complex,Qassim,Al Bawani,Ministry of Housing,130355569.66,211251372.48,80895802.82,62.06,2022-11-24,2024-03-27,2024-04-03,7,Delayed,139
PRJ-10181,Residential Building Project 181,Residential Building,Tabuk,El Seif Engineering,Royal Commission,2317093.97,2759574.69,442480.72,19.1,2022-02-10,2023-01-12,2023-01-12,0,Cancelled,386
PRJ-10182,Hospital Project 182,Hospital,Dammam,Saudi Binladin Group,Royal Commission,6952406.84,8115843.0,1163436.16,16.73,2019-11-25,2021-09-04,2021-09-04,0,On Hold,366
PRJ-10183,Dam Project 183,Dam,Dammam,Nesma & Partners,Aramco,79391315.81,130548843.81,51157528.0,64.44,2022-05-09,2024-08-09,2024-11-28,111,Completed,415
PRJ-10184,Bridge Project 184,Bridge,Riyadh,Al Fouzan,Private Developer,11532586.43,12295539.51,762953.08,6.62,2020-03-26,2021-12-03,2021-12-03,0,Delayed,28
PRJ-10185,Bridge Project 185,Bridge,Mecca,Al Fouzan,Ministry of Housing,145410729.08,196816171.6,51405442.52,35.35,2021-09-04,2024-05-07,2024-05-29,22,Delayed,233
PRJ-10186,School Project 186,School,Jazan,Al Arrab,Royal Commission,104514429.0,141308364.17,36793935.17,35.2,2019-01-18,2022-01-09,2022-01-27,18,Cancelled,146
PRJ-10187,Commercial Complex Project 187,Commercial Complex,Abha,El Seif Engineering,Ministry of Health,87854989.63,77870894.2,-9984095.43,-11.36,2022-08-12,2024-07-18,2024-09-25,69,Completed,50
PRJ-10188,Hospital Project 188,Hospital,Mecca,SADEEM Construction,Ministry of Education,42503996.84,66400212.56,23896215.72,56.22,2022-01-09,2023-12-17,2024-03-16,90,Delayed,238
PRJ-10189,Residential Building Project 189,Residential Building,Tabuk,AECOM Arabia,Ministry of Health,68620684.54,74524793.1,5904108.56,8.6,2021-08-02,2022-08-08,2022-08-08,0,Completed,353
PRJ-10190,School Project 190,School,Tabuk,Al Bawani,NEOM Co.,41968486.86,51241790.16,9273303.3,22.1,2018-03-05,2021-02-02,2021-02-08,6,On Hold,27
PRJ-10191,Highway Project 191,Highway,Jeddah,Al Rashid Trading,Royal Commission,53326158.09,70226544.85,16900386.76,31.69,2020-02-24,2021-05-29,2021-09-05,99,On Hold,495
PRJ-10192,Hospital Project 192,Hospital,Tabuk,SSEM,Aramco,12121328.23,19866476.31,7745148.08,63.9,2018-10-09,2020-08-16,2020-12-03,109,Delayed,137
PRJ-10193,Commercial Complex Project 193,Commercial Complex,Riyadh,Nesma & Partners,Ministry of Education,104875176.25,111254618.9,6379442.65,6.08,2020-03-03,2021-11-13,2021-11-13,0,Delayed,370
PRJ-10194,Dam Project 194,Dam,Medina,AECOM Arabia,Private Developer,46774378.63,53516367.68,6741989.05,14.41,2023-02-20,2025-04-30,2025-04-30,0,In Progress,446
PRJ-10195,Commercial Complex Project 195,Commercial Complex,Jazan,Nesma & Partners,Ministry of Education,102867310.3,97598969.42,-5268340.88,-5.12,2022-07-18,2023-01-13,2023-01-13,0,Delayed,351
PRJ-10196,Hospital Project 196,Hospital,Jeddah,Al Bawani,Private Developer,136683614.08,156743461.6,20059847.52,14.68,2019-09-07,2022-06-05,2022-06-05,0,In Progress,416
PRJ-10197,Hospital Project 197,Hospital,Qassim,Al Rashid Trading,Aramco,142495087.04,191047745.37,48552658.33,34.07,2022-06-11,2023-04-02,2023-05-10,38,Completed,194
PRJ-10198,Airport Terminal Project 198,Airport Terminal,Neom,Al Fouzan,Ministry of Education,63027333.93,97241792.22,34214458.29,54.29,2021-02-03,2023-08-04,2023-10-23,80,Completed,168
PRJ-10199,School Project 199,School,Jazan,Al Bawani,Ministry of Health,7260191.18,6324305.92,-935885.26,-12.89,2020-04-18,2022-09-12,2023-01-31,141,Completed,240
PRJ-10200,Dam Project 200,Dam,Qassim,Al Fouzan,NEOM Co.,56781273.35,64910421.09,8129147.74,14.32,2022-08-25,2025-05-10,2025-05-10,0,In Progress,403
PRJ-10201,Highway Project 201,Highway,Abha,Al Bawani,Ministry of Housing,148097781.33,196274666.74,48176885.41,32.53,2018-09-12,2021-04-10,2021-04-14,4,In Progress,175
PRJ-10202,Bridge Project 202,Bridge,Tabuk,Al Bawani,Private Developer,57443183.07,87525898.78,30082715.71,52.37,2018-06-11,2021-01-22,2021-05-07,105,Cancelled,150
PRJ-10203,Highway Project 203,Highway,Mecca,AECOM Arabia,Aramco,125830141.35,148713057.44,22882916.09,18.19,2021-08-05,2023-04-01,2023-04-19,18,In Progress,97
PRJ-10204,Metro Rail Project 204,Metro Rail,Neom,Al Fouzan,Ministry of Housing,41374357.25,63790069.68,22415712.43,54.18,2022-11-05,2025-05-28,2026-01-08,225,Cancelled,145
PRJ-10205,Bridge Project 205,Bridge,Neom,Al Arrab,Ministry of Housing,122028700.86,201019034.5,78990333.64,64.73,2022-12-26,2024-08-16,2025-04-18,245,Delayed,257
PRJ-10206,Bridge Project 206,Bridge,Abha,SADEEM Construction,Ministry of Education,83537039.99,134144830.04,50607790.05,60.58,2021-11-11,2022-04-24,2022-06-06,43,On Hold,247
PRJ-10207,Bridge Project 207,Bridge,Tabuk,AECOM Arabia,NEOM Co.,127522284.91,124232774.95,-3289509.96,-2.58,2022-10-31,2023-12-15,2023-12-15,0,Delayed,214
PRJ-10208,Highway Project 208,Highway,Tabuk,Al Bawani,Aramco,67856348.23,109468630.98,41612282.75,61.32,2019-05-11,2020-06-30,2020-07-04,4,In Progress,82
PRJ-10209,Commercial Complex Project 209,Commercial Complex,Riyadh,SADEEM Construction,Ministry of Health,91123107.85,126420604.8,35297496.95,38.74,2021-06-14,2024-02-13,2024-02-20,7,In Progress,426
PRJ-10210,Hospital Project 210,Hospital,Neom,Al Fouzan,Ministry of Transport,92910171.95,87414170.49,-5496001.46,-5.92,2018-11-23,2021-04-12,2021-04-25,13,On Hold,460
PRJ-10211,Industrial Plant Project 211,Industrial Plant,Jazan,Saudi Binladin Group,Aramco,100900192.74,148106823.5,47206630.76,46.79,2020-03-16,2023-02-06,2023-02-28,22,In Progress,308
PRJ-10212,Hospital Project 212,Hospital,Riyadh,Saudi Binladin Group,Private Developer,78264443.42,90446652.32,12182208.9,15.57,2021-05-08,2022-12-25,2022-12-25,0,On Hold,156
PRJ-10213,Airport Terminal Project 213,Airport Terminal,Riyadh,El Seif Engineering,Ministry of Health,83010072.4,128775424.76,45765352.36,55.13,2022-12-13,2023-07-28,2023-08-21,24,On Hold,197
PRJ-10214,Residential Building Project 214,Residential Building,Abha,Saudi Binladin Group,Ministry of Transport,60820688.5,53098050.98,-7722637.52,-12.7,2021-02-07,2022-05-14,2022-05-18,4,On Hold,401
PRJ-10215,Airport Terminal Project 215,Airport Terminal,Mecca,AECOM Arabia,Aramco,113393019.72,160254251.58,46861231.86,41.33,2023-06-20,2024-01-27,2024-02-25,29,Delayed,295
PRJ-10216,Hospital Project 216,Hospital,Dammam,Al Rashid Trading,Ministry of Health,32338142.15,27863698.8,-4474443.35,-13.84,2018-03-24,2019-11-16,2019-11-20,4,Delayed,421
PRJ-10217,Dam Project 217,Dam,Qassim,SSEM,NEOM Co.,52912840.04,61579711.17,8666871.13,16.38,2023-01-04,2024-12-14,2025-01-09,26,Cancelled,173
PRJ-10218,Highway Project 218,Highway,Abha,AECOM Arabia,Private Developer,65902500.84,74377850.68,8475349.84,12.86,2019-11-20,2021-10-17,2021-12-26,70,On Hold,372
PRJ-10219,Metro Rail Project 219,Metro Rail,Mecca,SSEM,Ministry of Housing,77341428.63,87789938.83,10448510.2,13.51,2019-11-10,2021-02-19,2021-02-19,0,Cancelled,167
PRJ-10220,Residential Building Project 220,Residential Building,Neom,SSEM,Private Developer,59783145.96,64961921.36,5178775.4,8.66,2021-09-04,2024-08-19,2024-08-19,0,Cancelled,126
PRJ-10221,Residential Building Project 221,Residential Building,Neom,SSEM,NEOM Co.,129423374.46,153348085.98,23924711.52,18.49,2021-07-12,2023-03-30,2023-03-30,0,On Hold,85
PRJ-10222,Bridge Project 222,Bridge,Riyadh,AECOM Arabia,Aramco,22487485.4,27967528.95,5480043.55,24.37,2018-02-08,2018-11-20,2019-02-06,78,On Hold,363
PRJ-10223,Bridge Project 223,Bridge,Abha,Al Bawani,Ministry of Education,39107536.05,47605940.15,8498404.1,21.73,2022-10-04,2025-06-13,2025-09-16,95,Cancelled,116
PRJ-10224,Airport Terminal Project 224,Airport Terminal,Tabuk,SSEM,Ministry of Health,147014870.01,163627739.71,16612869.7,11.3,2023-05-14,2024-06-28,2024-07-18,20,Delayed,289
PRJ-10225,Hospital Project 225,Hospital,Mecca,AECOM Arabia,Ministry of Education,95193427.72,86691765.75,-8501661.97,-8.93,2023-05-15,2024-02-25,2024-03-04,8,In Progress,492
PRJ-10226,Industrial Plant Project 226,Industrial Plant,Mecca,Al Rashid Trading,Ministry of Education,19767518.43,19204582.1,-562936.33,-2.85,2020-09-09,2021-10-28,2021-11-01,4,Delayed,157
PRJ-10227,Commercial Complex Project 227,Commercial Complex,Neom,Al Bawani,Ministry of Health,21254662.31,23215668.96,1961006.65,9.23,2020-03-19,2022-12-21,2022-12-21,0,In Progress,158
PRJ-10228,Residential Building Project 228,Residential Building,Mecca,El Seif Engineering,Royal Commission,27691072.62,27793534.71,102462.09,0.37,2020-06-24,2023-04-26,2023-04-26,0,In Progress,113
PRJ-10229,Airport Terminal Project 229,Airport Terminal,Mecca,Al Bawani,Private Developer,134569867.28,186250912.21,51681044.93,38.4,2018-08-12,2019-03-30,2019-04-18,19,In Progress,35
PRJ-10230,Airport Terminal Project 230,Airport Terminal,Medina,Al Rashid Trading,Ministry of Housing,26261820.74,23181175.05,-3080645.69,-11.73,2020-04-26,2020-11-04,2020-11-10,6,In Progress,12
PRJ-10231,Airport Terminal Project 231,Airport Terminal,Dammam,Al Arrab,Ministry of Education,25755791.93,25539659.3,-216132.63,-0.84,2021-08-25,2023-03-26,2023-04-04,9,Delayed,156
PRJ-10232,Residential Building Project 232,Residential Building,Jeddah,AECOM Arabia,Ministry of Transport,13761028.8,12882948.03,-878080.77,-6.38,2022-02-21,2023-11-20,2023-11-20,0,In Progress,223
PRJ-10233,Highway Project 233,Highway,Riyadh,Al Arrab,Ministry of Education,69386425.82,66742811.01,-2643614.81,-3.81,2023-04-03,2024-01-08,2024-01-08,0,Delayed,458
PRJ-10234,Residential Building Project 234,Residential Building,Riyadh,SADEEM Construction,Aramco,54958344.23,77068957.91,22110613.68,40.23,2019-11-18,2022-09-23,2022-10-14,21,Cancelled,278
PRJ-10235,Dam Project 235,Dam,Dammam,Al Bawani,Ministry of Education,6377164.91,7268840.0,891675.09,13.98,2019-01-30,2020-02-03,2020-02-03,0,On Hold,341
PRJ-10236,Industrial Plant Project 236,Industrial Plant,Dammam,Saudi Binladin Group,Royal Commission,94371108.23,146167908.3,51796800.07,54.89,2019-08-28,2022-02-12,2022-02-14,2,In Progress,322
PRJ-10237,School Project 237,School,Abha,Al Bawani,Royal Commission,138170423.88,126885131.77,-11285292.11,-8.17,2020-03-31,2020-09-25,2020-09-25,0,In Progress,254
PRJ-10238,Hospital Project 238,Hospital,Medina,Saudi Binladin Group,Private Developer,41893208.4,60686826.46,18793618.06,44.86,2019-04-28,2020-08-22,2020-10-10,49,Delayed,164
PRJ-10239,Metro Rail Project 239,Metro Rail,Neom,Saudi Binladin Group,Private Developer,28085892.39,28576818.59,490926.2,1.75,2020-01-07,2022-02-04,2022-05-05,90,On Hold,167
PRJ-10240,Highway Project 240,Highway,Abha,Al Bawani,Private Developer,55885579.37,75143963.35,19258383.98,34.46,2018-08-29,2020-11-02,2020-11-21,19,Delayed,324
PRJ-10241,Bridge Project 241,Bridge,Medina,Nesma & Partners,Ministry of Education,55652589.12,57809706.56,2157117.44,3.88,2020-07-20,2021-03-23,2021-03-23,0,On Hold,369
PRJ-10242,Airport Terminal Project 242,Airport Terminal,Jazan,Al Bawani,Ministry of Transport,112246905.25,102257487.52,-9989417.73,-8.9,2019-05-22,2021-10-08,2021-10-08,0,Completed,279
PRJ-10243,Dam Project 243,Dam,Qassim,Al Fouzan,Aramco,38239323.18,59889107.57,21649784.39,56.62,2021-03-01,2023-12-25,2024-01-31,37,Cancelled,113
PRJ-10244,Metro Rail Project 244,Metro Rail,Qassim,Nesma & Partners,NEOM Co.,76995777.6,72047844.84,-4947932.76,-6.43,2022-10-16,2023-12-15,2024-01-06,22,In Progress,377
PRJ-10245,Metro Rail Project 245,Metro Rail,Jazan,El Seif Engineering,Ministry of Education,67388148.84,70351637.22,2963488.38,4.4,2018-04-24,2020-10-28,2020-11-19,22,On Hold,298
PRJ-10246,Residential Building Project 246,Residential Building,Qassim,SSEM,Private Developer,40751863.03,35293434.54,-5458428.49,-13.39,2018-02-14,2020-05-24,2020-06-07,14,In Progress,306
PRJ-10247,Commercial Complex Project 247,Commercial Complex,Riyadh,Al Arrab,Royal Commission,48650835.25,54099625.74,5448790.49,11.2,2018-05-11,2020-07-26,2021-05-17,295,Completed,488
PRJ-10248,Dam Project 248,Dam,Riyadh,SADEEM Construction,Ministry of Health,18404438.71,24383561.65,5979122.94,32.49,2022-04-24,2023-01-23,2023-03-30,66,On Hold,201
PRJ-10249,School Project 249,School,Jazan,Al Arrab,Ministry of Health,102025796.71,115977964.35,13952167.64,13.68,2021-10-30,2022-04-20,2022-04-20,0,In Progress,344
PRJ-10250,Hospital Project 250,Hospital,Jeddah,Nesma & Partners,Ministry of Health,75017108.74,69471550.48,-5545558.26,-7.39,2018-09-18,2020-06-10,2020-06-10,0,Completed,397
PRJ-10251,Residential Building Project 251,Residential Building,Mecca,SSEM,Ministry of Health,80797428.0,86942261.09,6144833.09,7.61,2020-02-16,2021-11-11,2021-11-11,0,Delayed,89
PRJ-10252,Industrial Plant Project 252,Industrial Plant,Medina,El Seif Engineering,Ministry of Housing,111943201.39,106577119.2,-5366082.19,-4.79,2021-09-14,2024-03-20,2024-04-05,16,Completed,133
PRJ-10253,Bridge Project 253,Bridge,Jeddah,El Seif Engineering,Ministry of Housing,42924497.92,43307585.71,383087.79,0.89,2021-05-09,2022-11-07,2022-11-07,0,In Progress,389
PRJ-10254,Residential Building Project 254,Residential Building,Abha,SSEM,Ministry of Transport,97064627.58,103978879.89,6914252.31,7.12,2019-03-21,2020-12-22,2020-12-22,0,In Progress,267
PRJ-10255,Industrial Plant Project 255,Industrial Plant,Medina,AECOM Arabia,Royal Commission,53736460.52,64266365.78,10529905.26,19.6,2021-05-09,2023-03-21,2023-03-21,0,In Progress,164
PRJ-10256,Highway Project 256,Highway,Qassim,Al Rashid Trading,Ministry of Health,91063335.49,84818756.33,-6244579.16,-6.86,2019-07-18,2020-08-18,2020-08-26,8,In Progress,330
PRJ-10257,School Project 257,School,Qassim,SSEM,Ministry of Housing,23352441.31,22740311.2,-612130.11,-2.62,2019-12-07,2022-11-26,2022-11-26,0,Cancelled,173
PRJ-10258,School Project 258,School,Abha,Nesma & Partners,Private Developer,24521865.3,23442170.2,-1079695.1,-4.4,2019-01-12,2020-05-01,2020-05-01,0,In Progress,163
PRJ-10259,Highway Project 259,Highway,Jazan,Saudi Binladin Group,Ministry of Health,43121727.72,67589528.14,24467800.42,56.74,2020-05-03,2023-04-19,2023-04-24,5,In Progress,140
PRJ-10260,Bridge Project 260,Bridge,Tabuk,El Seif Engineering,Ministry of Education,12494944.98,14723011.85,2228066.87,17.83,2020-01-30,2022-09-13,2022-10-05,22,In Progress,36
PRJ-10261,Industrial Plant Project 261,Industrial Plant,Abha,AECOM Arabia,Ministry of Housing,147365603.23,172164947.03,24799343.8,16.83,2018-05-30,2021-02-07,2021-02-10,3,Cancelled,121
PRJ-10262,Dam Project 262,Dam,Medina,Al Fouzan,Private Developer,145435829.77,218685699.0,73249869.23,50.37,2023-02-05,2026-01-09,2026-03-10,60,Completed,392
PRJ-10263,Dam Project 263,Dam,Medina,AECOM Arabia,Ministry of Transport,39056472.64,54089878.24,15033405.6,38.49,2023-02-18,2024-06-28,2024-07-03,5,Delayed,204
PRJ-10264,Dam Project 264,Dam,Qassim,Al Fouzan,Private Developer,139441710.37,182290774.69,42849064.32,30.73,2020-01-07,2020-12-29,2021-01-22,24,Completed,421
PRJ-10265,Dam Project 265,Dam,Tabuk,Al Rashid Trading,Royal Commission,42356874.5,42341414.19,-15460.31,-0.04,2020-04-27,2021-06-11,2021-07-25,44,In Progress,18
PRJ-10266,Industrial Plant Project 266,Industrial Plant,Qassim,AECOM Arabia,Ministry of Health,48890045.84,61410214.71,12520168.87,25.61,2018-11-09,2019-12-06,2019-12-22,16,Cancelled,436
PRJ-10267,Bridge Project 267,Bridge,Jazan,Al Bawani,Royal Commission,36740255.0,34331969.77,-2408285.23,-6.55,2022-04-13,2023-04-01,2023-04-01,0,On Hold,245
PRJ-10268,Highway Project 268,Highway,Tabuk,Nesma & Partners,NEOM Co.,91787696.35,120699955.8,28912259.45,31.5,2021-01-24,2023-05-01,2023-05-11,10,Cancelled,338
PRJ-10269,Residential Building Project 269,Residential Building,Qassim,Saudi Binladin Group,Aramco,23577225.93,24622688.0,1045462.07,4.43,2022-08-03,2025-06-25,2025-06-25,0,On Hold,80
PRJ-10270,Bridge Project 270,Bridge,Jeddah,Nesma & Partners,Ministry of Housing,80122120.17,89679360.89,9557240.72,11.93,2020-11-01,2021-09-10,2022-04-22,224,Cancelled,477
PRJ-10271,Dam Project 271,Dam,Jazan,Saudi Binladin Group,Ministry of Housing,20594994.2,33816325.27,13221331.07,64.2,2021-02-03,2022-10-30,2023-07-02,245,Delayed,284
PRJ-10272,Industrial Plant Project 272,Industrial Plant,Riyadh,Al Bawani,Ministry of Health,48691899.82,55653007.45,6961107.63,14.3,2023-04-09,2025-10-10,2025-10-10,0,Completed,278
PRJ-10273,Highway Project 273,Highway,Medina,Al Rashid Trading,Private Developer,38568777.89,56240308.79,17671530.9,45.82,2019-12-27,2022-07-08,2022-08-11,34,Delayed,217
PRJ-10274,Dam Project 274,Dam,Neom,Al Rashid Trading,Ministry of Transport,89547991.72,93261802.74,3713811.02,4.15,2021-11-01,2022-12-03,2022-12-03,0,Completed,57
PRJ-10275,School Project 275,School,Abha,Al Arrab,Ministry of Education,62070216.67,98916544.48,36846327.81,59.36,2021-07-28,2021-12-22,2022-01-03,12,On Hold,442
PRJ-10276,School Project 276,School,Tabuk,AECOM Arabia,Aramco,124677601.46,148305013.48,23627412.02,18.95,2020-12-17,2023-09-19,2023-09-19,0,Cancelled,253
PRJ-10277,Industrial Plant Project 277,Industrial Plant,Riyadh,El Seif Engineering,Private Developer,19082434.91,30544726.23,11462291.32,60.07,2021-01-17,2023-10-24,2024-09-24,336,Delayed,18
PRJ-10278,Bridge Project 278,Bridge,Neom,Nesma & Partners,Ministry of Health,27594343.39,39815782.03,12221438.64,44.29,2018-06-07,2021-04-13,2021-04-15,2,Cancelled,437
PRJ-10279,School Project 279,School,Qassim,Al Fouzan,Ministry of Health,86383730.42,83085418.3,-3298312.12,-3.82,2022-02-23,2024-07-05,2024-08-29,55,Completed,266
PRJ-10280,Hospital Project 280,Hospital,Riyadh,El Seif Engineering,Ministry of Health,119392463.12,117115022.55,-2277440.57,-1.91,2022-09-14,2023-08-07,2023-08-13,6,Cancelled,498
PRJ-10281,Metro Rail Project 281,Metro Rail,Abha,Al Fouzan,Ministry of Housing,25057736.79,28675382.79,3617646.0,14.44,2019-07-14,2021-07-22,2021-07-22,0,In Progress,192
PRJ-10282,Airport Terminal Project 282,Airport Terminal,Abha,Al Arrab,NEOM Co.,99946984.49,105635929.61,5688945.12,5.69,2021-04-14,2023-06-09,2023-06-09,0,Cancelled,161
PRJ-10283,Bridge Project 283,Bridge,Jeddah,El Seif Engineering,Private Developer,54145157.38,62979490.04,8834332.66,16.32,2020-02-18,2020-10-22,2020-10-22,0,On Hold,172
PRJ-10284,Hospital Project 284,Hospital,Jeddah,El Seif Engineering,Ministry of Housing,59170543.56,71082043.02,11911499.46,20.13,2019-09-24,2022-08-14,2022-10-03,50,Completed,77
PRJ-10285,Commercial Complex Project 285,Commercial Complex,Dammam,Al Arrab,Ministry of Education,56853192.2,62032648.73,5179456.53,9.11,2021-02-10,2022-12-02,2022-12-20,18,Completed,191
PRJ-10286,Airport Terminal Project 286,Airport Terminal,Jeddah,AECOM Arabia,Royal Commission,112267602.34,116283432.0,4015829.66,3.58,2020-02-28,2022-10-29,2022-11-18,20,Completed,381
PRJ-10287,Airport Terminal Project 287,Airport Terminal,Medina,AECOM Arabia,NEOM Co.,134986398.7,173436233.47,38449834.77,28.48,2020-02-19,2022-04-20,2022-05-04,14,Delayed,262
PRJ-10288,Highway Project 288,Highway,Jeddah,Nesma & Partners,Ministry of Health,136017580.59,128335094.44,-7682486.15,-5.65,2020-05-12,2021-05-19,2021-06-17,29,Delayed,138
PRJ-10289,Bridge Project 289,Bridge,Jazan,AECOM Arabia,Ministry of Transport,141004902.48,157632833.94,16627931.46,11.79,2018-08-08,2020-02-17,2020-08-25,190,Delayed,440
PRJ-10290,Metro Rail Project 290,Metro Rail,Abha,Al Fouzan,Ministry of Education,21321174.86,24267922.35,2946747.49,13.82,2020-05-31,2021-08-06,2021-08-06,0,Cancelled,79
PRJ-10291,Industrial Plant Project 291,Industrial Plant,Tabuk,AECOM Arabia,Ministry of Transport,93200877.01,145870003.61,52669126.6,56.51,2019-10-06,2021-05-08,2021-05-30,22,Delayed,159
PRJ-10292,Dam Project 292,Dam,Neom,Al Rashid Trading,Royal Commission,118395283.08,111943031.87,-6452251.21,-5.45,2019-07-29,2020-11-15,2020-11-15,0,Completed,487
PRJ-10293,Metro Rail Project 293,Metro Rail,Medina,AECOM Arabia,NEOM Co.,47102449.14,68070435.7,20967986.56,44.52,2022-04-22,2024-06-18,2024-06-26,8,On Hold,492
PRJ-10294,Bridge Project 294,Bridge,Jazan,SADEEM Construction,Aramco,5513098.99,5904346.56,391247.57,7.1,2022-10-03,2025-04-18,2025-04-18,0,On Hold,81
PRJ-10295,Industrial Plant Project 295,Industrial Plant,Medina,SADEEM Construction,NEOM Co.,114487573.52,177617453.73,63129880.21,55.14,2020-05-16,2022-08-16,2023-03-17,213,On Hold,308
PRJ-10296,School Project 296,School,Qassim,Al Bawani,Ministry of Health,51641221.43,59200318.38,7559096.95,14.64,2018-03-17,2019-12-23,2019-12-23,0,Cancelled,314
PRJ-10297,Commercial Complex Project 297,Commercial Complex,Jeddah,Al Rashid Trading,Royal Commission,17039444.67,16221396.78,-818047.89,-4.8,2021-08-18,2022-05-05,2022-06-30,56,On Hold,395
PRJ-10298,Hospital Project 298,Hospital,Abha,El Seif Engineering,Ministry of Housing,59894449.94,58093659.93,-1800790.01,-3.01,2019-06-14,2019-12-21,2020-02-06,47,Cancelled,307
PRJ-10299,Metro Rail Project 299,Metro Rail,Medina,SSEM,Royal Commission,34773083.59,38830259.91,4057176.32,11.67,2020-08-06,2021-12-09,2021-12-09,0,Cancelled,87
PRJ-10300,Hospital Project 300,Hospital,Riyadh,SSEM,Aramco,108145462.21,118132078.12,9986615.91,9.23,2020-05-01,2021-05-28,2021-05-28,0,In Progress,188
PRJ-10301,Industrial Plant Project 301,Industrial Plant,Tabuk,SSEM,Ministry of Transport,104245292.45,109607591.81,5362299.36,5.14,2020-09-16,2022-06-01,2022-06-24,23,On Hold,173
PRJ-10302,Commercial Complex Project 302,Commercial Complex,Mecca,Saudi Binladin Group,Aramco,52181551.03,82277805.84,30096254.81,57.68,2022-10-06,2023-01-27,2023-02-02,6,In Progress,486
PRJ-10303,Bridge Project 303,Bridge,Qassim,Nesma & Partners,NEOM Co.,87717073.32,106980149.88,19263076.56,21.96,2021-02-20,2022-04-24,2022-05-09,15,On Hold,332
PRJ-10304,Highway Project 304,Highway,Dammam,Al Arrab,Ministry of Health,142118859.27,187452482.38,45333623.11,31.9,2022-02-19,2022-06-18,2022-06-22,4,Cancelled,229
PRJ-10305,School Project 305,School,Riyadh,Al Rashid Trading,Ministry of Transport,76130357.49,82482390.6,6352033.11,8.34,2022-03-21,2023-03-31,2023-03-31,0,Cancelled,62
PRJ-10306,Airport Terminal Project 306,Airport Terminal,Dammam,Al Fouzan,Royal Commission,3207472.48,5118146.6,1910674.12,59.57,2020-07-26,2021-05-13,2021-07-13,61,On Hold,280
PRJ-10307,Hospital Project 307,Hospital,Neom,Al Arrab,Ministry of Health,84987410.95,134959966.51,49972555.56,58.8,2018-08-22,2020-07-13,2020-08-17,35,Cancelled,98
PRJ-10308,Industrial Plant Project 308,Industrial Plant,Neom,AECOM Arabia,Aramco,106232175.83,139273642.58,33041466.75,31.1,2018-10-02,2020-11-18,2020-11-22,4,Completed,103
PRJ-10309,Hospital Project 309,Hospital,Dammam,Al Bawani,Ministry of Health,91203899.43,131256583.32,40052683.89,43.92,2021-05-06,2022-10-06,2022-10-22,16,In Progress,259
PRJ-10310,Airport Terminal Project 310,Airport Terminal,Dammam,Al Bawani,NEOM Co.,140187868.71,169721456.89,29533588.18,21.07,2019-08-15,2021-03-28,2021-06-13,77,On Hold,327
PRJ-10311,Residential Building Project 311,Residential Building,Tabuk,Saudi Binladin Group,Ministry of Education,17429087.85,20835644.2,3406556.35,19.55,2019-02-04,2019-09-21,2019-09-21,0,Cancelled,344
PRJ-10312,Dam Project 312,Dam,Abha,SSEM,Ministry of Health,125915263.92,199786413.27,73871149.35,58.67,2022-09-17,2024-12-12,2024-12-15,3,Cancelled,25
PRJ-10313,Bridge Project 313,Bridge,Mecca,Saudi Binladin Group,Private Developer,130549506.13,172719653.11,42170146.98,32.3,2021-01-06,2021-11-22,2021-12-13,21,Cancelled,390
PRJ-10314,Dam Project 314,Dam,Qassim,Al Bawani,Aramco,60150904.23,67258202.34,7107298.11,11.82,2018-08-22,2020-06-28,2020-06-29,1,Delayed,287
PRJ-10315,Residential Building Project 315,Residential Building,Jazan,Al Bawani,Ministry of Transport,120526590.57,108641416.1,-11885174.47,-9.86,2018-07-29,2020-01-05,2020-01-05,0,In Progress,162
PRJ-10316,Residential Building Project 316,Residential Building,Jazan,SADEEM Construction,Royal Commission,50358126.17,64454195.71,14096069.54,27.99,2022-07-31,2025-03-29,2025-04-13,15,Completed,407
PRJ-10317,Bridge Project 317,Bridge,Medina,AECOM Arabia,Royal Commission,138018414.65,155624397.16,17605982.51,12.76,2021-12-26,2024-08-23,2024-09-04,12,Cancelled,81
PRJ-10318,Bridge Project 318,Bridge,Medina,Saudi Binladin Group,Royal Commission,110756436.59,114044114.97,3287678.38,2.97,2019-07-30,2021-04-25,2021-05-13,18,Delayed,158
PRJ-10319,Metro Rail Project 319,Metro Rail,Mecca,Al Bawani,Aramco,68139707.66,64205123.75,-3934583.91,-5.77,2023-05-26,2024-01-09,2024-01-09,0,Completed,151
PRJ-10320,Highway Project 320,Highway,Dammam,Al Rashid Trading,NEOM Co.,26869854.48,28200189.89,1330335.41,4.95,2019-10-22,2022-01-17,2022-01-17,0,On Hold,260
PRJ-10321,Highway Project 321,Highway,Neom,SADEEM Construction,Ministry of Health,63129354.7,71962105.89,8832751.19,13.99,2020-07-14,2021-10-31,2022-01-12,73,Completed,216
PRJ-10322,Airport Terminal Project 322,Airport Terminal,Mecca,Al Fouzan,Ministry of Education,87297958.37,75117760.08,-12180198.29,-13.95,2020-09-26,2023-08-25,2024-06-08,288,Completed,384
PRJ-10323,Dam Project 323,Dam,Tabuk,El Seif Engineering,Ministry of Health,99698837.12,161398085.99,61699248.87,61.89,2023-06-06,2024-04-14,2024-04-19,5,Delayed,175
PRJ-10324,Industrial Plant Project 324,Industrial Plant,Tabuk,Al Bawani,NEOM Co.,22725077.8,20867978.41,-1857099.39,-8.17,2022-10-12,2024-08-11,2024-08-27,16,Completed,33
PRJ-10325,Commercial Complex Project 325,Commercial Complex,Jazan,Saudi Binladin Group,Aramco,149532700.65,198326419.21,48793718.56,32.63,2022-10-23,2025-08-29,2025-09-18,20,On Hold,113
PRJ-10326,Highway Project 326,Highway,Mecca,Nesma & Partners,Private Developer,10527933.37,10716641.04,188707.67,1.79,2021-09-02,2022-03-06,2022-04-16,41,In Progress,36
PRJ-10327,School Project 327,School,Mecca,Al Rashid Trading,Ministry of Health,134759116.27,136660798.16,1901681.89,1.41,2018-07-06,2020-08-05,2021-02-03,182,Completed,77
PRJ-10328,Metro Rail Project 328,Metro Rail,Medina,Al Bawani,Ministry of Education,29007814.24,26425100.61,-2582713.63,-8.9,2018-01-17,2018-04-26,2018-04-26,0,On Hold,365
PRJ-10329,Highway Project 329,Highway,Jazan,El Seif Engineering,Ministry of Transport,71074008.29,76010264.48,4936256.19,6.95,2018-07-02,2019-10-27,2019-10-27,0,Delayed,198
PRJ-10330,Industrial Plant Project 330,Industrial Plant,Dammam,Al Arrab,NEOM Co.,10323441.59,12518526.0,2195084.41,21.26,2021-10-18,2023-11-03,2023-12-17,44,Completed,322
PRJ-10331,Highway Project 331,Highway,Jazan,Al Fouzan,Ministry of Transport,78896345.26,92356886.13,13460540.87,17.06,2022-03-13,2024-03-15,2024-04-01,17,On Hold,450
PRJ-10332,Bridge Project 332,Bridge,Jeddah,El Seif Engineering,NEOM Co.,84166229.53,83791058.93,-375170.6,-0.45,2018-09-10,2021-01-17,2021-01-22,5,On Hold,171
PRJ-10333,Highway Project 333,Highway,Medina,SADEEM Construction,Aramco,129336950.34,148562558.59,19225608.25,14.86,2021-02-07,2022-01-17,2022-04-14,87,Delayed,408
PRJ-10334,Residential Building Project 334,Residential Building,Mecca,Al Rashid Trading,Ministry of Transport,40976328.63,48228619.91,7252291.28,17.7,2020-03-13,2022-07-16,2023-05-31,319,In Progress,263
PRJ-10335,School Project 335,School,Jeddah,Al Rashid Trading,Ministry of Education,4295260.17,6111200.74,1815940.57,42.28,2021-05-01,2023-05-14,2023-05-19,5,Completed,194
PRJ-10336,Hospital Project 336,Hospital,Dammam,Al Arrab,Ministry of Health,99009129.32,89913041.58,-9096087.74,-9.19,2021-01-23,2022-05-02,2022-05-02,0,Completed,18
PRJ-10337,Metro Rail Project 337,Metro Rail,Jeddah,Saudi Binladin Group,Private Developer,33684838.21,32651469.53,-1033368.68,-3.07,2018-03-23,2019-01-27,2019-01-27,0,On Hold,269
PRJ-10338,Industrial Plant Project 338,Industrial Plant,Qassim,Al Arrab,Ministry of Health,100947965.17,94006033.51,-6941931.66,-6.88,2020-04-03,2022-06-20,2022-06-20,0,Cancelled,88
PRJ-10339,Industrial Plant Project 339,Industrial Plant,Jeddah,SADEEM Construction,Aramco,120087454.76,164783631.5,44696176.74,37.22,2023-03-02,2024-11-04,2024-11-09,5,Cancelled,177
PRJ-10340,School Project 340,School,Neom,El Seif Engineering,Private Developer,36108325.77,33574691.85,-2533633.92,-7.02,2020-06-14,2022-08-28,2022-08-28,0,Completed,135
PRJ-10341,Commercial Complex Project 341,Commercial Complex,Abha,El Seif Engineering,Ministry of Education,36854242.55,56554942.32,19700699.77,53.46,2021-05-31,2023-05-17,2023-06-24,38,In Progress,71
PRJ-10342,Residential Building Project 342,Residential Building,Dammam,Saudi Binladin Group,NEOM Co.,124617869.75,172529466.51,47911596.76,38.45,2023-05-06,2024-12-24,2025-01-08,15,Delayed,95
PRJ-10343,Hospital Project 343,Hospital,Dammam,SADEEM Construction,Aramco,31145152.16,48806591.7,17661439.54,56.71,2023-01-17,2025-06-14,2025-06-24,10,Delayed,278
PRJ-10344,Commercial Complex Project 344,Commercial Complex,Mecca,AECOM Arabia,Aramco,2443787.56,2483643.3,39855.74,1.63,2020-07-21,2022-03-11,2022-12-17,281,Cancelled,95
PRJ-10345,Hospital Project 345,Hospital,Dammam,SADEEM Construction,Aramco,4466564.48,4263025.95,-203538.53,-4.56,2021-03-21,2023-12-21,2023-12-21,0,Cancelled,11
PRJ-10346,Residential Building Project 346,Residential Building,Riyadh,Al Rashid Trading,Ministry of Housing,87664713.36,137119654.1,49454940.74,56.41,2020-01-16,2021-08-11,2021-08-27,16,Completed,293
PRJ-10347,School Project 347,School,Medina,Al Fouzan,Ministry of Transport,122707812.48,123020129.08,312316.6,0.25,2023-02-19,2024-07-19,2024-07-19,0,Completed,302
PRJ-10348,Hospital Project 348,Hospital,Jeddah,Al Bawani,Ministry of Housing,39283803.3,39830151.53,546348.23,1.39,2019-04-03,2020-01-01,2020-01-01,0,On Hold,45
PRJ-10349,Dam Project 349,Dam,Mecca,SADEEM Construction,Royal Commission,88749093.91,119750849.85,31001755.94,34.93,2021-02-06,2021-08-03,2021-08-12,9,Delayed,298
PRJ-10350,Industrial Plant Project 350,Industrial Plant,Neom,Al Rashid Trading,Ministry of Education,61707042.0,65755897.37,4048855.37,6.56,2021-04-26,2022-08-06,2022-08-06,0,In Progress,385
PRJ-10351,Airport Terminal Project 351,Airport Terminal,Medina,Nesma & Partners,Ministry of Housing,65700916.11,105697179.62,39996263.51,60.88,2020-04-19,2023-02-27,2023-03-09,10,Completed,496
PRJ-10352,Hospital Project 352,Hospital,Riyadh,Al Arrab,Private Developer,114659066.23,177122388.03,62463321.8,54.48,2019-02-25,2019-09-09,2019-09-13,4,On Hold,40
PRJ-10353,Highway Project 353,Highway,Mecca,El Seif Engineering,Ministry of Housing,73370964.14,85724115.53,12353151.39,16.84,2019-04-20,2022-02-16,2022-02-16,0,Delayed,244
PRJ-10354,Commercial Complex Project 354,Commercial Complex,Neom,El Seif Engineering,NEOM Co.,120078360.76,104225068.81,-15853291.95,-13.2,2022-08-07,2024-08-18,2024-09-03,16,Completed,232
PRJ-10355,Highway Project 355,Highway,Medina,SADEEM Construction,Private Developer,40667265.23,43208573.39,2541308.16,6.25,2019-10-08,2022-05-26,2022-05-26,0,Delayed,172
PRJ-10356,Dam Project 356,Dam,Mecca,Al Rashid Trading,Aramco,95204993.86,91538160.12,-3666833.74,-3.85,2019-02-20,2022-01-11,2022-01-19,8,Completed,89
PRJ-10357,Commercial Complex Project 357,Commercial Complex,Dammam,SSEM,Ministry of Education,125322070.4,159228225.47,33906155.07,27.06,2020-04-12,2021-05-28,2021-09-29,124,In Progress,241
PRJ-10358,Industrial Plant Project 358,Industrial Plant,Jazan,SADEEM Construction,Aramco,26166053.23,25687010.31,-479042.92,-1.83,2018-11-19,2019-05-20,2019-05-20,0,Cancelled,30
PRJ-10359,Bridge Project 359,Bridge,Tabuk,Nesma & Partners,Aramco,3249406.14,3815743.97,566337.83,17.43,2019-05-24,2021-08-19,2021-08-19,0,Completed,356
PRJ-10360,Industrial Plant Project 360,Industrial Plant,Mecca,Nesma & Partners,Ministry of Housing,18103786.89,19424547.62,1320760.73,7.3,2020-04-08,2023-03-08,2023-03-08,0,Cancelled,137
PRJ-10361,Commercial Complex Project 361,Commercial Complex,Jazan,El Seif Engineering,NEOM Co.,41471255.49,56862744.25,15391488.76,37.11,2018-01-25,2018-08-27,2018-09-20,24,In Progress,76
PRJ-10362,Bridge Project 362,Bridge,Abha,Al Fouzan,Aramco,124546399.65,106960032.4,-17586367.25,-14.12,2021-04-15,2023-03-02,2023-03-08,6,Completed,43
PRJ-10363,Bridge Project 363,Bridge,Jazan,Nesma & Partners,Aramco,20964401.7,24528467.23,3564065.53,17.0,2022-10-02,2025-07-14,2025-07-14,0,Completed,492
PRJ-10364,Dam Project 364,Dam,Riyadh,Nesma & Partners,Ministry of Health,131146566.6,174479161.16,43332594.56,33.04,2022-01-23,2024-08-11,2025-04-29,261,On Hold,98
PRJ-10365,Hospital Project 365,Hospital,Medina,Nesma & Partners,Private Developer,99922982.84,98953432.43,-969550.41,-0.97,2020-07-02,2021-07-13,2022-02-16,218,Cancelled,135
PRJ-10366,Industrial Plant Project 366,Industrial Plant,Jazan,Al Arrab,Ministry of Education,137204585.92,158678588.53,21474002.61,15.65,2018-06-29,2018-11-28,2018-12-14,16,In Progress,339
PRJ-10367,Airport Terminal Project 367,Airport Terminal,Medina,Al Bawani,Ministry of Housing,78078196.94,71370482.65,-6707714.29,-8.59,2022-05-21,2023-09-14,2023-09-14,0,On Hold,186
PRJ-10368,Metro Rail Project 368,Metro Rail,Qassim,Al Fouzan,Ministry of Health,25359363.63,23235236.31,-2124127.32,-8.38,2019-01-04,2020-01-05,2020-02-14,40,Completed,468
PRJ-10369,Industrial Plant Project 369,Industrial Plant,Riyadh,SSEM,Royal Commission,90671240.37,88277948.76,-2393291.61,-2.64,2021-04-11,2023-09-03,2023-09-03,0,Completed,136
PRJ-10370,Bridge Project 370,Bridge,Mecca,Al Bawani,Ministry of Housing,58699694.3,66597043.94,7897349.64,13.45,2023-04-26,2025-09-14,2025-09-24,10,On Hold,191
PRJ-10371,Highway Project 371,Highway,Dammam,Al Rashid Trading,Royal Commission,107997362.83,106824135.07,-1173227.76,-1.09,2022-02-20,2024-08-23,2024-08-23,0,Completed,370
PRJ-10372,Hospital Project 372,Hospital,Neom,AECOM Arabia,NEOM Co.,85177493.72,117624746.88,32447253.16,38.09,2023-04-27,2025-02-21,2025-03-12,19,On Hold,287
PRJ-10373,Industrial Plant Project 373,Industrial Plant,Dammam,SSEM,Ministry of Housing,140556046.03,143641574.92,3085528.89,2.2,2018-04-26,2018-10-25,2018-12-03,39,Cancelled,254
PRJ-10374,Residential Building Project 374,Residential Building,Tabuk,AECOM Arabia,Ministry of Transport,5161878.69,6844972.96,1683094.27,32.61,2018-09-25,2021-03-28,2021-04-06,9,Delayed,40
PRJ-10375,Residential Building Project 375,Residential Building,Dammam,AECOM Arabia,NEOM Co.,8188159.12,8588640.95,400481.83,4.89,2018-08-16,2021-01-14,2021-01-14,0,Completed,201
PRJ-10376,School Project 376,School,Neom,El Seif Engineering,Royal Commission,89728005.91,131606736.84,41878730.93,46.67,2019-10-23,2020-11-25,2020-12-07,12,On Hold,415
PRJ-10377,Dam Project 377,Dam,Tabuk,Nesma & Partners,Royal Commission,16436438.84,23546036.98,7109598.14,43.26,2021-09-25,2022-08-09,2022-08-11,2,Delayed,385
PRJ-10378,Industrial Plant Project 378,Industrial Plant,Dammam,Nesma & Partners,Ministry of Housing,74575951.77,82519835.77,7943884.0,10.65,2021-12-08,2024-11-03,2024-11-03,0,Cancelled,26
PRJ-10379,Highway Project 379,Highway,Neom,Al Fouzan,Ministry of Transport,65506687.12,98606027.45,33099340.33,50.53,2021-03-04,2023-03-18,2023-03-26,8,Delayed,391
PRJ-10380,Commercial Complex Project 380,Commercial Complex,Medina,Al Fouzan,Royal Commission,120012673.91,133023120.83,13010446.92,10.84,2021-07-26,2022-04-13,2022-04-13,0,Delayed,238
PRJ-10381,Residential Building Project 381,Residential Building,Mecca,Al Rashid Trading,Ministry of Transport,41185698.02,46901412.85,5715714.83,13.88,2018-05-19,2020-07-26,2020-08-21,26,Completed,34
PRJ-10382,School Project 382,School,Jazan,Al Arrab,NEOM Co.,14191519.96,13616123.43,-575396.53,-4.05,2020-04-27,2023-01-17,2023-04-01,74,Cancelled,202
PRJ-10383,Commercial Complex Project 383,Commercial Complex,Jazan,AECOM Arabia,Ministry of Transport,142560484.4,142290523.75,-269960.65,-0.19,2020-07-13,2021-03-26,2021-04-12,17,Delayed,20
PRJ-10384,Hospital Project 384,Hospital,Mecca,El Seif Engineering,Aramco,81514191.63,94710014.71,13195823.08,16.19,2018-12-15,2020-02-28,2020-02-28,0,Completed,290
PRJ-10385,Commercial Complex Project 385,Commercial Complex,Tabuk,AECOM Arabia,Ministry of Education,109967620.52,151428348.86,41460728.34,37.7,2018-03-05,2020-05-24,2020-07-12,49,Cancelled,465
PRJ-10386,School Project 386,School,Dammam,Saudi Binladin Group,Aramco,103995346.4,120089530.54,16094184.14,15.48,2019-02-25,2020-04-29,2020-04-29,0,Cancelled,379
PRJ-10387,Airport Terminal Project 387,Airport Terminal,Mecca,SADEEM Construction,Private Developer,37825367.32,38845424.94,1020057.62,2.7,2018-07-16,2019-06-14,2019-07-04,20,On Hold,88
PRJ-10388,Residential Building Project 388,Residential Building,Tabuk,Saudi Binladin Group,Ministry of Health,148156367.2,175301251.14,27144883.94,18.32,2019-08-27,2020-02-22,2020-02-22,0,On Hold,112
PRJ-10389,Commercial Complex Project 389,Commercial Complex,Riyadh,Al Rashid Trading,NEOM Co.,6394308.3,7108377.02,714068.72,11.17,2019-08-21,2021-09-02,2021-09-02,0,Completed,167
PRJ-10390,School Project 390,School,Jazan,SSEM,Private Developer,138824623.45,181076756.15,42252132.7,30.44,2021-08-07,2022-02-06,2022-02-11,5,On Hold,199
PRJ-10391,Highway Project 391,Highway,Jazan,Saudi Binladin Group,Private Developer,137365500.49,193401862.67,56036362.18,40.79,2020-08-10,2022-02-01,2022-02-02,1,Cancelled,41
PRJ-10392,Highway Project 392,Highway,Jeddah,El Seif Engineering,Royal Commission,44953676.6,73132735.76,28179059.16,62.68,2021-01-13,2023-07-19,2023-10-04,77,In Progress,293
PRJ-10393,Residential Building Project 393,Residential Building,Abha,Al Bawani,Ministry of Health,141667840.12,147655327.26,5987487.14,4.23,2021-01-01,2023-12-15,2023-12-15,0,Cancelled,461
PRJ-10394,Bridge Project 394,Bridge,Jazan,SADEEM Construction,Aramco,129375376.32,197380186.88,68004810.56,52.56,2023-01-23,2024-05-31,2024-12-23,206,Cancelled,419
PRJ-10395,Metro Rail Project 395,Metro Rail,Neom,Nesma & Partners,Aramco,48205520.75,42401870.48,-5803650.27,-12.04,2022-03-31,2025-02-25,2025-04-18,52,In Progress,118
PRJ-10396,Bridge Project 396,Bridge,Dammam,Saudi Binladin Group,Ministry of Health,89642346.83,84842313.68,-4800033.15,-5.35,2021-10-31,2022-04-19,2022-04-26,7,In Progress,437
PRJ-10397,Metro Rail Project 397,Metro Rail,Mecca,Al Fouzan,Aramco,12004503.64,13467852.29,1463348.65,12.19,2020-03-05,2020-08-31,2020-10-05,35,Delayed,276
PRJ-10398,Dam Project 398,Dam,Riyadh,AECOM Arabia,Ministry of Health,108852632.34,119980884.07,11128251.73,10.22,2020-04-28,2020-11-19,2020-11-21,2,Cancelled,398
PRJ-10399,Commercial Complex Project 399,Commercial Complex,Jeddah,AECOM Arabia,Aramco,81153948.21,92289645.42,11135697.21,13.72,2019-08-09,2022-01-19,2022-01-19,0,On Hold,145
PRJ-10400,School Project 400,School,Jazan,AECOM Arabia,Ministry of Education,48153499.19,75060817.34,26907318.15,55.88,2018-12-19,2019-04-26,2019-05-25,29,Cancelled,358
PRJ-10401,School Project 401,School,Riyadh,Al Arrab,Royal Commission,92571546.63,80492869.11,-12078677.52,-13.05,2019-05-02,2021-07-07,2021-07-14,7,Delayed,469
PRJ-10402,Hospital Project 402,Hospital,Riyadh,Al Fouzan,Private Developer,130579781.65,118355009.99,-12224771.66,-9.36,2019-07-29,2020-09-09,2020-09-09,0,Completed,454
PRJ-10403,Bridge Project 403,Bridge,Dammam,SADEEM Construction,Ministry of Education,131267900.07,210193270.91,78925370.84,60.13,2022-08-19,2025-01-17,2025-02-08,22,Cancelled,340
PRJ-10404,Commercial Complex Project 404,Commercial Complex,Medina,SSEM,Ministry of Transport,119918093.75,135575733.58,15657639.83,13.06,2022-08-15,2025-06-05,2025-12-07,185,Cancelled,454
PRJ-10405,Hospital Project 405,Hospital,Riyadh,Al Bawani,NEOM Co.,115194649.2,117565271.46,2370622.26,2.06,2019-09-30,2020-03-05,2020-03-05,0,Cancelled,460
PRJ-10406,Metro Rail Project 406,Metro Rail,Riyadh,Nesma & Partners,Ministry of Transport,72241405.24,111897724.42,39656319.18,54.89,2022-09-02,2025-05-15,2025-08-20,97,On Hold,35
PRJ-10407,Hospital Project 407,Hospital,Medina,SADEEM Construction,Royal Commission,147620478.65,174814152.73,27193674.08,18.42,2020-08-08,2023-02-27,2023-04-11,43,Completed,358
PRJ-10408,Residential Building Project 408,Residential Building,Medina,Al Fouzan,Ministry of Education,63492871.84,66097458.44,2604586.6,4.1,2020-07-02,2022-05-31,2022-07-10,40,Cancelled,292
PRJ-10409,Hospital Project 409,Hospital,Tabuk,Nesma & Partners,Private Developer,17015879.91,17124554.33,108674.42,0.64,2022-08-29,2025-01-01,2025-01-01,0,On Hold,35
PRJ-10410,Highway Project 410,Highway,Neom,Al Rashid Trading,Ministry of Transport,43442229.25,42959691.91,-482537.34,-1.11,2019-04-07,2021-04-28,2021-04-28,0,On Hold,272
PRJ-10411,Residential Building Project 411,Residential Building,Riyadh,SSEM,NEOM Co.,35424358.78,30617243.1,-4807115.68,-13.57,2018-12-21,2021-01-11,2021-05-16,125,Cancelled,422
PRJ-10412,Industrial Plant Project 412,Industrial Plant,Mecca,Al Arrab,Ministry of Health,148164497.27,171494674.25,23330176.98,15.75,2019-12-16,2022-08-04,2022-08-20,16,Delayed,356
PRJ-10413,Airport Terminal Project 413,Airport Terminal,Neom,Al Arrab,Aramco,102107268.76,98582134.4,-3525134.36,-3.45,2020-11-13,2021-02-18,2021-02-18,0,Delayed,297
PRJ-10414,Metro Rail Project 414,Metro Rail,Neom,SADEEM Construction,Private Developer,142519197.0,131335544.85,-11183652.15,-7.85,2018-08-10,2020-10-08,2020-11-23,46,Delayed,337
PRJ-10415,Hospital Project 415,Hospital,Mecca,SADEEM Construction,Private Developer,62928325.98,101049400.81,38121074.83,60.58,2018-11-04,2019-08-13,2019-10-15,63,Completed,422
PRJ-10416,Metro Rail Project 416,Metro Rail,Abha,Al Fouzan,NEOM Co.,70376525.93,76289802.1,5913276.17,8.4,2018-02-22,2020-05-30,2020-05-30,0,Delayed,474
PRJ-10417,School Project 417,School,Abha,Al Arrab,Ministry of Housing,25471574.94,30498405.23,5026830.29,19.74,2021-12-21,2023-11-08,2023-11-08,0,Delayed,381
PRJ-10418,Bridge Project 418,Bridge,Qassim,SSEM,Royal Commission,35134919.36,41558268.88,6423349.52,18.28,2019-09-07,2021-05-08,2021-05-08,0,Cancelled,102
PRJ-10419,Industrial Plant Project 419,Industrial Plant,Jeddah,SSEM,NEOM Co.,97622174.02,105658532.76,8036358.74,8.23,2019-06-14,2021-10-09,2021-10-09,0,In Progress,494
PRJ-10420,Hospital Project 420,Hospital,Jeddah,Al Rashid Trading,Royal Commission,77146932.4,74770879.67,-2376052.73,-3.08,2022-03-05,2023-01-17,2023-01-17,0,Delayed,200
PRJ-10421,Industrial Plant Project 421,Industrial Plant,Neom,SADEEM Construction,Ministry of Education,26890940.78,26868099.88,-22840.9,-0.08,2018-08-30,2021-04-17,2021-04-24,7,Cancelled,307
PRJ-10422,Metro Rail Project 422,Metro Rail,Jeddah,SSEM,Ministry of Transport,117047878.8,117637516.59,589637.79,0.5,2018-09-03,2020-04-27,2020-04-27,0,Delayed,221
PRJ-10423,Residential Building Project 423,Residential Building,Dammam,Nesma & Partners,Ministry of Transport,9147480.15,10892186.26,1744706.11,19.07,2020-04-18,2021-07-02,2021-07-02,0,On Hold,83
PRJ-10424,Hospital Project 424,Hospital,Dammam,El Seif Engineering,Ministry of Education,132625989.8,156276610.27,23650620.47,17.83,2021-07-16,2022-09-19,2022-09-19,0,Completed,12
PRJ-10425,Dam Project 425,Dam,Mecca,Al Rashid Trading,NEOM Co.,149238719.49,174160632.77,24921913.28,16.7,2022-04-15,2024-02-24,2024-02-29,5,Completed,76
PRJ-10426,Metro Rail Project 426,Metro Rail,Abha,Al Arrab,Ministry of Health,113856652.12,110795812.44,-3060839.68,-2.69,2023-05-31,2024-11-10,2025-06-29,231,In Progress,384
PRJ-10427,Hospital Project 427,Hospital,Riyadh,Al Fouzan,Ministry of Transport,122467052.19,126025221.17,3558168.98,2.91,2021-10-17,2022-02-02,2022-02-09,7,In Progress,365
PRJ-10428,Hospital Project 428,Hospital,Mecca,Nesma & Partners,Aramco,80777676.22,106147437.49,25369761.27,31.41,2020-10-27,2022-02-21,2022-03-19,26,Completed,162
PRJ-10429,Industrial Plant Project 429,Industrial Plant,Jazan,Al Bawani,Royal Commission,14177282.19,16491557.05,2314274.86,16.32,2022-12-24,2024-06-10,2024-06-10,0,On Hold,193
PRJ-10430,Bridge Project 430,Bridge,Dammam,Al Arrab,Ministry of Housing,40207206.37,37748715.68,-2458490.69,-6.11,2019-04-05,2020-02-22,2020-02-22,0,Completed,311
PRJ-10431,Airport Terminal Project 431,Airport Terminal,Dammam,El Seif Engineering,Royal Commission,133367837.94,158267006.39,24899168.45,18.67,2021-08-25,2023-11-21,2023-11-21,0,Delayed,404
PRJ-10432,Airport Terminal Project 432,Airport Terminal,Neom,Saudi Binladin Group,Ministry of Housing,129388078.78,193773250.68,64385171.9,49.76,2018-08-10,2020-09-15,2021-05-09,236,Completed,223
PRJ-10433,Dam Project 433,Dam,Abha,El Seif Engineering,Private Developer,98458676.11,90541555.67,-7917120.44,-8.04,2021-12-08,2023-07-06,2023-07-30,24,Completed,164
PRJ-10434,School Project 434,School,Jeddah,Al Bawani,Private Developer,61563755.35,62290611.22,726855.87,1.18,2021-05-25,2023-05-22,2023-05-22,0,Completed,271
PRJ-10435,Metro Rail Project 435,Metro Rail,Jeddah,SADEEM Construction,Aramco,39333190.67,49036711.94,9703521.27,24.67,2018-08-06,2021-01-15,2021-02-22,38,Delayed,435
PRJ-10436,Airport Terminal Project 436,Airport Terminal,Medina,Al Fouzan,Ministry of Health,12616409.28,17620165.65,5003756.37,39.66,2018-11-25,2019-12-22,2019-12-29,7,In Progress,362
PRJ-10437,Dam Project 437,Dam,Tabuk,Al Rashid Trading,Ministry of Housing,11881563.49,14805820.88,2924257.39,24.61,2021-10-07,2022-01-18,2022-03-16,57,Cancelled,352
PRJ-10438,Dam Project 438,Dam,Dammam,El Seif Engineering,Aramco,72347693.31,109226551.79,36878858.48,50.97,2022-01-21,2024-04-30,2024-05-26,26,In Progress,243
PRJ-10439,Industrial Plant Project 439,Industrial Plant,Mecca,SSEM,Ministry of Housing,52497476.58,68382455.52,15884978.94,30.26,2022-07-24,2023-02-01,2023-07-18,167,Delayed,420
PRJ-10440,Hospital Project 440,Hospital,Abha,El Seif Engineering,Aramco,40420726.39,62769507.25,22348780.86,55.29,2022-04-02,2024-11-18,2025-02-21,95,In Progress,178
PRJ-10441,Hospital Project 441,Hospital,Jazan,AECOM Arabia,Private Developer,119715190.23,183219954.5,63504764.27,53.05,2022-02-10,2024-10-26,2024-11-27,32,In Progress,68
PRJ-10442,School Project 442,School,Abha,SSEM,Private Developer,130160483.04,144804694.9,14644211.86,11.25,2020-02-29,2022-10-01,2022-10-01,0,On Hold,342
PRJ-10443,Highway Project 443,Highway,Jeddah,Nesma & Partners,Ministry of Housing,125633492.59,139357876.04,13724383.45,10.92,2023-04-15,2026-04-14,2026-04-14,0,Cancelled,257
PRJ-10444,Metro Rail Project 444,Metro Rail,Jazan,Nesma & Partners,Ministry of Health,102181045.38,148384587.06,46203541.68,45.22,2020-01-05,2022-06-10,2022-07-08,28,In Progress,257
PRJ-10445,Dam Project 445,Dam,Jeddah,Al Arrab,Ministry of Education,24211463.24,37466629.77,13255166.53,54.75,2018-05-10,2018-09-24,2018-11-26,63,Cancelled,402
PRJ-10446,Metro Rail Project 446,Metro Rail,Neom,Al Rashid Trading,Royal Commission,4872468.81,5592351.84,719883.03,14.77,2020-12-07,2022-08-20,2022-08-20,0,On Hold,348
PRJ-10447,Bridge Project 447,Bridge,Jazan,Al Fouzan,Ministry of Health,19766045.19,19776633.0,10587.81,0.05,2022-09-15,2023-05-15,2023-05-15,0,Cancelled,37
PRJ-10448,Residential Building Project 448,Residential Building,Dammam,Al Bawani,Ministry of Education,111654484.32,109265962.31,-2388522.01,-2.14,2020-10-12,2023-06-01,2023-12-03,185,Delayed,133
PRJ-10449,Hospital Project 449,Hospital,Mecca,Saudi Binladin Group,Ministry of Transport,122786070.11,154216134.58,31430064.47,25.6,2021-08-10,2023-05-25,2023-07-17,53,Completed,245
PRJ-10450,Dam Project 450,Dam,Neom,SSEM,Aramco,1454687.82,1954433.51,499745.69,34.35,2020-10-17,2023-06-11,2023-06-21,10,On Hold,391
PRJ-10451,Residential Building Project 451,Residential Building,Jeddah,Al Arrab,Ministry of Health,147187333.62,155701070.67,8513737.05,5.78,2021-02-15,2021-06-21,2021-07-20,29,Cancelled,326
PRJ-10452,Industrial Plant Project 452,Industrial Plant,Qassim,Al Bawani,Ministry of Transport,95283852.61,140436613.67,45152761.06,47.39,2021-10-07,2023-11-06,2023-11-29,23,Completed,428
PRJ-10453,Bridge Project 453,Bridge,Jazan,Al Fouzan,Ministry of Education,16493605.5,21161514.61,4667909.11,28.3,2021-09-07,2023-12-09,2024-01-20,42,Completed,398
PRJ-10454,Bridge Project 454,Bridge,Riyadh,Al Fouzan,Royal Commission,144467304.58,144837379.22,370074.64,0.26,2021-07-21,2024-02-15,2024-02-15,0,Cancelled,201
PRJ-10455,Commercial Complex Project 455,Commercial Complex,Riyadh,Nesma & Partners,Ministry of Education,95076973.02,112153599.03,17076626.01,17.96,2022-08-11,2023-04-01,2023-04-01,0,Completed,140
PRJ-10456,Metro Rail Project 456,Metro Rail,Medina,Al Rashid Trading,Aramco,15825204.33,22160169.37,6334965.04,40.03,2022-10-12,2025-08-19,2025-11-10,83,In Progress,376
PRJ-10457,Hospital Project 457,Hospital,Jeddah,Al Arrab,Ministry of Housing,10641640.34,10538300.12,-103340.22,-0.97,2021-07-20,2024-05-23,2024-05-23,0,On Hold,244
PRJ-10458,Metro Rail Project 458,Metro Rail,Qassim,Nesma & Partners,Ministry of Education,106371727.25,97883814.47,-8487912.78,-7.98,2020-12-22,2021-03-26,2021-03-26,0,On Hold,439
PRJ-10459,Metro Rail Project 459,Metro Rail,Jazan,Al Bawani,NEOM Co.,87534483.8,117885526.69,30351042.89,34.67,2021-03-30,2023-06-06,2023-06-18,12,Completed,208
PRJ-10460,Metro Rail Project 460,Metro Rail,Neom,Al Fouzan,Ministry of Health,7338434.05,8523305.26,1184871.21,16.15,2021-06-01,2022-11-01,2022-11-01,0,Delayed,213
PRJ-10461,Hospital Project 461,Hospital,Mecca,SSEM,NEOM Co.,146036600.89,211712395.04,65675794.15,44.97,2020-04-25,2020-12-12,2021-03-26,104,Cancelled,163
PRJ-10462,Airport Terminal Project 462,Airport Terminal,Tabuk,Al Bawani,Ministry of Transport,19947892.9,17348074.71,-2599818.19,-13.03,2019-03-06,2019-12-26,2020-02-06,42,Delayed,481
PRJ-10463,Highway Project 463,Highway,Dammam,Al Bawani,Royal Commission,3807470.95,3796364.81,-11106.14,-0.29,2018-08-25,2020-11-19,2020-11-19,0,Cancelled,302
PRJ-10464,School Project 464,School,Qassim,SADEEM Construction,Ministry of Health,73552156.97,102725612.46,29173455.49,39.66,2018-01-27,2020-08-01,2020-12-20,141,Completed,353
PRJ-10465,Residential Building Project 465,Residential Building,Medina,SADEEM Construction,NEOM Co.,67162454.6,110663549.59,43501094.99,64.77,2021-10-31,2022-11-18,2022-11-27,9,Delayed,114
PRJ-10466,Airport Terminal Project 466,Airport Terminal,Riyadh,Al Fouzan,Ministry of Education,64214104.68,66488318.3,2274213.62,3.54,2021-06-15,2021-12-26,2021-12-26,0,In Progress,390
PRJ-10467,Airport Terminal Project 467,Airport Terminal,Abha,Al Rashid Trading,Private Developer,24961761.27,35069921.17,10108159.9,40.49,2021-09-22,2023-11-30,2024-01-16,47,On Hold,499
PRJ-10468,Hospital Project 468,Hospital,Qassim,Saudi Binladin Group,Ministry of Housing,33505057.11,46719432.93,13214375.82,39.44,2019-05-30,2021-09-27,2021-09-29,2,On Hold,434
PRJ-10469,Bridge Project 469,Bridge,Tabuk,AECOM Arabia,Ministry of Transport,98349426.54,96576959.22,-1772467.32,-1.8,2022-01-24,2024-06-26,2024-06-26,0,In Progress,359
PRJ-10470,Commercial Complex Project 470,Commercial Complex,Dammam,Nesma & Partners,Aramco,142654102.56,170595453.61,27941351.05,19.59,2018-03-25,2019-07-14,2019-07-18,4,In Progress,92
PRJ-10471,Metro Rail Project 471,Metro Rail,Mecca,Saudi Binladin Group,Royal Commission,141570580.07,167871824.84,26301244.77,18.58,2021-12-24,2023-07-14,2024-05-06,297,Delayed,315
PRJ-10472,Residential Building Project 472,Residential Building,Neom,SADEEM Construction,Ministry of Education,95959629.18,102616556.11,6656926.93,6.94,2021-03-18,2023-09-02,2024-05-15,256,Delayed,279
PRJ-10473,Bridge Project 473,Bridge,Dammam,Al Bawani,Aramco,147604658.37,231042525.62,83437867.25,56.53,2020-10-31,2023-04-14,2023-04-29,15,On Hold,57
PRJ-10474,Hospital Project 474,Hospital,Medina,Al Rashid Trading,Royal Commission,34878213.58,30515202.5,-4363011.08,-12.51,2020-01-09,2021-03-13,2021-03-20,7,Cancelled,281
PRJ-10475,Dam Project 475,Dam,Qassim,Saudi Binladin Group,Aramco,97924190.39,150948827.29,53024636.9,54.15,2019-12-10,2022-01-22,2022-02-04,13,Cancelled,480
PRJ-10476,Metro Rail Project 476,Metro Rail,Medina,Saudi Binladin Group,Royal Commission,71244881.05,84814040.63,13569159.58,19.05,2023-02-19,2024-06-13,2024-06-13,0,Delayed,286
PRJ-10477,Industrial Plant Project 477,Industrial Plant,Riyadh,Al Bawani,Royal Commission,28236064.6,41543086.03,13307021.43,47.13,2022-07-03,2024-03-10,2024-05-09,60,Delayed,469
PRJ-10478,Bridge Project 478,Bridge,Tabuk,Al Bawani,Aramco,115752815.77,168862429.26,53109613.49,45.88,2018-07-16,2021-06-10,2021-08-04,55,Cancelled,283
PRJ-10479,Residential Building Project 479,Residential Building,Jeddah,Al Rashid Trading,Ministry of Transport,94119938.08,82451036.97,-11668901.11,-12.4,2021-11-04,2024-07-06,2024-07-10,4,Cancelled,434
PRJ-10480,School Project 480,School,Jeddah,Nesma & Partners,Ministry of Housing,138166753.25,205485717.33,67318964.08,48.72,2022-01-08,2023-07-22,2023-08-19,28,Completed,101
PRJ-10481,Industrial Plant Project 481,Industrial Plant,Qassim,El Seif Engineering,Ministry of Transport,72487591.55,68873986.08,-3613605.47,-4.99,2019-06-14,2022-04-01,2022-04-04,3,On Hold,231
PRJ-10482,Hospital Project 482,Hospital,Riyadh,Al Arrab,Aramco,102992010.44,104065164.67,1073154.23,1.04,2018-01-13,2019-10-12,2019-10-28,16,Cancelled,33
PRJ-10483,Commercial Complex Project 483,Commercial Complex,Tabuk,Al Bawani,Aramco,73993384.74,68019357.24,-5974027.5,-8.07,2022-05-31,2023-06-21,2023-06-21,0,Delayed,401
PRJ-10484,Dam Project 484,Dam,Abha,Al Arrab,Ministry of Housing,87504724.59,130211167.46,42706442.87,48.8,2018-11-17,2020-06-14,2020-06-23,9,On Hold,417
PRJ-10485,Airport Terminal Project 485,Airport Terminal,Mecca,Nesma & Partners,Private Developer,46899112.86,48614027.92,1714915.06,3.66,2022-12-22,2025-02-12,2025-02-12,0,Delayed,500
PRJ-10486,Residential Building Project 486,Residential Building,Qassim,Al Bawani,NEOM Co.,2237270.72,2604171.59,366900.87,16.4,2018-03-27,2018-10-29,2018-10-31,2,Cancelled,290
PRJ-10487,Commercial Complex Project 487,Commercial Complex,Mecca,Al Rashid Trading,Royal Commission,72250855.79,78031369.64,5780513.85,8.0,2020-04-25,2021-02-25,2021-02-25,0,In Progress,92
PRJ-10488,Highway Project 488,Highway,Medina,AECOM Arabia,Private Developer,44103555.52,67835586.91,23732031.39,53.81,2018-08-23,2019-06-07,2019-07-12,35,Completed,445
PRJ-10489,Airport Terminal Project 489,Airport Terminal,Jazan,Al Bawani,Aramco,117087722.84,144533735.82,27446012.98,23.44,2021-10-07,2022-10-29,2022-10-30,1,Cancelled,259
PRJ-10490,Hospital Project 490,Hospital,Tabuk,Nesma & Partners,Ministry of Transport,16187061.67,26535937.02,10348875.35,63.93,2019-08-07,2020-02-15,2020-02-23,8,Delayed,258
PRJ-10491,Dam Project 491,Dam,Tabuk,AECOM Arabia,Private Developer,21803083.66,29314782.06,7511698.4,34.45,2021-04-11,2023-06-20,2023-07-10,20,Delayed,500
PRJ-10492,School Project 492,School,Dammam,Saudi Binladin Group,Royal Commission,105518513.1,90515540.37,-15002972.73,-14.22,2022-05-29,2023-05-06,2023-05-30,24,On Hold,151
PRJ-10493,Hospital Project 493,Hospital,Dammam,Al Fouzan,Ministry of Education,49305965.58,45375944.81,-3930020.77,-7.97,2020-07-01,2022-01-15,2022-02-05,21,Cancelled,65
PRJ-10494,Highway Project 494,Highway,Neom,El Seif Engineering,Private Developer,52918726.22,48307536.47,-4611189.75,-8.71,2022-08-20,2025-04-15,2025-04-16,1,Delayed,385
PRJ-10495,Commercial Complex Project 495,Commercial Complex,Jeddah,Saudi Binladin Group,Ministry of Housing,59840029.79,78033354.34,18193324.55,30.4,2021-04-06,2023-10-15,2023-10-19,4,In Progress,474
PRJ-10496,Residential Building Project 496,Residential Building,Qassim,SADEEM Construction,Ministry of Education,103575012.89,104623212.26,1048199.37,1.01,2022-05-07,2024-06-04,2024-07-22,48,Cancelled,385
PRJ-10497,Industrial Plant Project 497,Industrial Plant,Dammam,SSEM,Aramco,25538646.05,34710702.65,9172056.6,35.91,2020-01-16,2021-05-26,2021-05-29,3,Cancelled,360
PRJ-10498,Highway Project 498,Highway,Qassim,Nesma & Partners,Ministry of Education,106118121.11,125311034.36,19192913.25,18.09,2019-01-02,2019-09-12,2019-09-12,0,In Progress,386
PRJ-10499,Dam Project 499,Dam,Tabuk,Saudi Binladin Group,Ministry of Transport,8269706.91,11720229.02,3450522.11,41.72,2020-09-25,2023-02-11,2023-03-06,23,In Progress,31
PRJ-10500,Bridge Project 500,Bridge,Qassim,Al Fouzan,Ministry of Health,130709884.0,194938429.19,64228545.19,49.14,2023-02-23,2024-09-15,2025-06-05,263,Delayed,62
PRJ-10501,Airport Terminal Project 501,Airport Terminal,Mecca,SADEEM Construction,NEOM Co.,51247803.79,46845201.16,-4402602.63,-8.59,2021-08-31,2022-12-19,2023-02-07,50,Completed,274
PRJ-10502,Industrial Plant Project 502,Industrial Plant,Abha,Al Rashid Trading,Ministry of Health,134275090.08,142905985.76,8630895.68,6.43,2022-08-01,2023-10-26,2023-10-26,0,On Hold,464
PRJ-10503,Metro Rail Project 503,Metro Rail,Riyadh,Al Bawani,NEOM Co.,122686016.61,167449501.16,44763484.55,36.49,2018-12-06,2020-05-29,2020-06-16,18,Delayed,118
PRJ-10504,Highway Project 504,Highway,Dammam,Nesma & Partners,Royal Commission,79197197.81,88659430.05,9462232.24,11.95,2022-01-09,2023-12-16,2023-12-16,0,On Hold,425
PRJ-10505,Hospital Project 505,Hospital,Jeddah,SSEM,Ministry of Education,12703682.31,13309426.75,605744.44,4.77,2019-03-08,2020-10-08,2020-10-09,1,On Hold,21
PRJ-10506,Bridge Project 506,Bridge,Riyadh,Nesma & Partners,NEOM Co.,24351929.68,24969767.11,617837.43,2.54,2021-07-13,2022-02-25,2022-04-27,61,In Progress,38
PRJ-10507,Highway Project 507,Highway,Mecca,Nesma & Partners,Ministry of Health,146391855.74,145761541.09,-630314.65,-0.43,2023-06-09,2025-05-12,2026-01-23,256,Delayed,494
PRJ-10508,Commercial Complex Project 508,Commercial Complex,Medina,SSEM,Ministry of Education,118559926.82,148028775.94,29468849.12,24.86,2020-09-13,2023-05-19,2023-06-20,32,Cancelled,83
PRJ-10509,Metro Rail Project 509,Metro Rail,Dammam,AECOM Arabia,Private Developer,83526850.87,93195963.69,9669112.82,11.58,2022-01-23,2022-10-11,2022-10-11,0,Cancelled,312
PRJ-10510,Commercial Complex Project 510,Commercial Complex,Medina,Al Arrab,Ministry of Health,34653983.83,56480259.44,21826275.61,62.98,2018-08-11,2019-03-24,2019-09-08,168,Cancelled,360
PRJ-10511,School Project 511,School,Dammam,AECOM Arabia,Aramco,97723690.11,93801328.49,-3922361.62,-4.01,2020-09-01,2021-05-30,2021-05-30,0,Cancelled,267
PRJ-10512,Commercial Complex Project 512,Commercial Complex,Jeddah,SSEM,NEOM Co.,102194122.24,89371008.35,-12823113.89,-12.55,2021-05-20,2024-02-27,2024-12-25,302,On Hold,277
PRJ-10513,School Project 513,School,Tabuk,Saudi Binladin Group,Ministry of Health,39023591.83,40537195.48,1513603.65,3.88,2023-04-06,2024-02-24,2024-02-24,0,On Hold,189
PRJ-10514,Metro Rail Project 514,Metro Rail,Neom,El Seif Engineering,Ministry of Health,130306739.56,188184460.81,57877721.25,44.42,2019-06-06,2020-01-19,2020-02-26,38,Completed,155
PRJ-10515,Metro Rail Project 515,Metro Rail,Qassim,Al Arrab,Private Developer,64111253.5,64353625.95,242372.45,0.38,2018-01-12,2018-10-22,2018-10-22,0,Cancelled,277
PRJ-10516,Commercial Complex Project 516,Commercial Complex,Qassim,Saudi Binladin Group,Ministry of Health,55970295.07,66956976.82,10986681.75,19.63,2019-02-25,2021-03-26,2021-03-26,0,Delayed,64
PRJ-10517,Highway Project 517,Highway,Abha,AECOM Arabia,Private Developer,6496324.12,8529285.91,2032961.79,31.29,2022-10-17,2023-10-09,2023-12-08,60,Cancelled,151
PRJ-10518,School Project 518,School,Medina,Al Arrab,Ministry of Education,66073005.17,81886597.98,15813592.81,23.93,2020-01-29,2020-10-28,2020-12-05,38,Delayed,305
PRJ-10519,Hospital Project 519,Hospital,Abha,Nesma & Partners,Aramco,131076774.09,155637512.91,24560738.82,18.74,2019-04-16,2021-08-18,2021-10-26,69,In Progress,61
PRJ-10520,Bridge Project 520,Bridge,Qassim,Al Arrab,Royal Commission,41885755.69,66174914.89,24289159.2,57.99,2021-02-01,2023-07-31,2023-08-26,26,Completed,92
PRJ-10521,School Project 521,School,Riyadh,El Seif Engineering,NEOM Co.,31993997.26,43359806.43,11365809.17,35.52,2023-03-12,2024-10-04,2024-11-02,29,Delayed,123
PRJ-10522,Hospital Project 522,Hospital,Jeddah,AECOM Arabia,Ministry of Housing,110100396.85,103436053.47,-6664343.38,-6.05,2020-02-27,2022-06-07,2022-06-07,0,Cancelled,156
PRJ-10523,Metro Rail Project 523,Metro Rail,Riyadh,Nesma & Partners,Ministry of Education,107515832.22,106843480.58,-672351.64,-0.63,2018-01-22,2019-07-15,2019-09-24,71,Cancelled,156
PRJ-10524,Bridge Project 524,Bridge,Riyadh,AECOM Arabia,Ministry of Transport,36012727.08,42906230.29,6893503.21,19.14,2018-12-14,2020-12-02,2020-12-02,0,Completed,90
PRJ-10525,Commercial Complex Project 525,Commercial Complex,Mecca,Al Arrab,Royal Commission,27556054.43,34274834.59,6718780.16,24.38,2020-03-20,2022-05-04,2022-06-30,57,Completed,387
PRJ-10526,Commercial Complex Project 526,Commercial Complex,Jeddah,Al Bawani,Private Developer,37461045.62,45187169.15,7726123.53,20.62,2022-08-27,2024-12-07,2025-02-06,61,Delayed,427
PRJ-10527,Industrial Plant Project 527,Industrial Plant,Medina,AECOM Arabia,Ministry of Transport,77465194.41,102591857.63,25126663.22,32.44,2023-03-20,2024-09-25,2025-01-20,117,On Hold,269
PRJ-10528,Commercial Complex Project 528,Commercial Complex,Qassim,El Seif Engineering,Private Developer,24946818.95,40551799.06,15604980.11,62.55,2023-04-24,2024-07-05,2024-07-19,14,Delayed,458
PRJ-10529,Airport Terminal Project 529,Airport Terminal,Neom,SADEEM Construction,Ministry of Education,39090948.19,43396896.32,4305948.13,11.02,2020-02-12,2023-01-26,2023-02-27,32,Delayed,407
PRJ-10530,Dam Project 530,Dam,Jazan,AECOM Arabia,Ministry of Housing,116134232.29,188817635.47,72683403.18,62.59,2018-08-27,2020-04-01,2020-04-05,4,In Progress,356
PRJ-10531,Bridge Project 531,Bridge,Tabuk,Al Arrab,Royal Commission,68341536.44,62108610.48,-6232925.96,-9.12,2021-01-02,2022-09-12,2022-09-20,8,In Progress,157
PRJ-10532,Commercial Complex Project 532,Commercial Complex,Abha,Al Fouzan,Aramco,25878806.81,28973977.87,3095171.06,11.96,2023-03-23,2025-01-08,2025-01-30,22,In Progress,467
PRJ-10533,Metro Rail Project 533,Metro Rail,Mecca,Nesma & Partners,Ministry of Transport,124418063.2,130510992.19,6092928.99,4.9,2022-02-18,2023-10-11,2023-10-27,16,Delayed,115
PRJ-10534,Bridge Project 534,Bridge,Medina,Al Rashid Trading,Royal Commission,92763175.5,91244969.43,-1518206.07,-1.64,2022-05-15,2023-01-19,2023-02-24,36,On Hold,324
PRJ-10535,Residential Building Project 535,Residential Building,Qassim,Saudi Binladin Group,Ministry of Education,25559072.84,36782614.11,11223541.27,43.91,2021-06-25,2022-10-08,2022-10-09,1,Cancelled,454
PRJ-10536,Industrial Plant Project 536,Industrial Plant,Jazan,Nesma & Partners,Private Developer,99738776.88,103966630.1,4227853.22,4.24,2019-03-31,2020-08-09,2020-08-09,0,Cancelled,419
PRJ-10537,School Project 537,School,Jazan,Al Bawani,Ministry of Housing,126703482.12,167031108.8,40327626.68,31.83,2019-12-13,2021-08-08,2021-09-26,49,In Progress,244
PRJ-10538,Commercial Complex Project 538,Commercial Complex,Qassim,SSEM,Royal Commission,130306556.44,122427661.14,-7878895.3,-6.05,2018-01-18,2020-03-23,2020-03-29,6,Cancelled,61
PRJ-10539,Hospital Project 539,Hospital,Tabuk,AECOM Arabia,Private Developer,40827566.92,52052519.44,11224952.52,27.49,2021-01-28,2021-11-05,2021-11-06,1,Cancelled,185
PRJ-10540,Hospital Project 540,Hospital,Dammam,SSEM,Ministry of Health,140522551.0,128128892.31,-12393658.69,-8.82,2020-05-08,2021-03-09,2021-03-09,0,On Hold,153
PRJ-10541,Dam Project 541,Dam,Dammam,AECOM Arabia,NEOM Co.,18755432.14,19424245.38,668813.24,3.57,2021-03-25,2024-03-21,2024-03-21,0,Delayed,421
PRJ-10542,Bridge Project 542,Bridge,Qassim,Al Arrab,Ministry of Health,140114315.12,139392282.44,-722032.68,-0.52,2018-10-26,2019-08-12,2019-08-12,0,On Hold,422
PRJ-10543,Residential Building Project 543,Residential Building,Dammam,Al Arrab,Ministry of Education,76331603.9,69650440.41,-6681163.49,-8.75,2023-01-04,2023-08-19,2023-08-19,0,Delayed,412
PRJ-10544,Dam Project 544,Dam,Mecca,SADEEM Construction,Ministry of Housing,22677308.54,37175004.83,14497696.29,63.93,2018-07-22,2019-12-01,2020-08-25,268,Delayed,253
PRJ-10545,Commercial Complex Project 545,Commercial Complex,Jazan,Al Fouzan,Private Developer,144785245.12,171649211.41,26863966.29,18.55,2020-01-08,2021-04-11,2021-04-11,0,Delayed,186
PRJ-10546,Residential Building Project 546,Residential Building,Abha,El Seif Engineering,Royal Commission,96048430.7,111452244.68,15403813.98,16.04,2021-10-23,2024-06-27,2024-06-27,0,Cancelled,342
PRJ-10547,Airport Terminal Project 547,Airport Terminal,Dammam,SADEEM Construction,Royal Commission,68483608.42,84993449.38,16509840.96,24.11,2021-10-10,2022-12-06,2022-12-27,21,On Hold,465
PRJ-10548,Commercial Complex Project 548,Commercial Complex,Abha,AECOM Arabia,Private Developer,100196206.5,94374343.64,-5821862.86,-5.81,2021-07-17,2023-02-01,2023-02-01,0,Delayed,225
PRJ-10549,Metro Rail Project 549,Metro Rail,Neom,Al Arrab,Aramco,4981051.69,7041934.98,2060883.29,41.37,2018-11-28,2019-05-18,2019-05-29,11,Delayed,373
PRJ-10550,Industrial Plant Project 550,Industrial Plant,Neom,Al Arrab,Private Developer,30677091.09,33807066.41,3129975.32,10.2,2020-06-30,2023-03-25,2023-03-25,0,Cancelled,276
PRJ-10551,Dam Project 551,Dam,Abha,Nesma & Partners,NEOM Co.,145501850.89,201968455.75,56466604.86,38.81,2018-02-17,2020-10-08,2020-10-10,2,Delayed,491
PRJ-10552,Commercial Complex Project 552,Commercial Complex,Medina,Nesma & Partners,Ministry of Health,66840657.79,66287205.88,-553451.91,-0.83,2018-07-15,2019-01-26,2019-03-27,60,Cancelled,37
PRJ-10553,Residential Building Project 553,Residential Building,Abha,Al Bawani,Aramco,104047579.86,167068301.63,63020721.77,60.57,2019-06-22,2020-01-04,2020-02-27,54,On Hold,168
PRJ-10554,Bridge Project 554,Bridge,Medina,SADEEM Construction,Ministry of Education,102645580.23,137984173.97,35338593.74,34.43,2018-09-16,2020-09-16,2020-10-06,20,Completed,27
PRJ-10555,Hospital Project 555,Hospital,Tabuk,SSEM,Ministry of Education,130401295.18,114011110.46,-16390184.72,-12.57,2022-11-19,2025-11-11,2025-12-06,25,On Hold,79
PRJ-10556,Airport Terminal Project 556,Airport Terminal,Dammam,AECOM Arabia,Ministry of Education,139676829.98,194319901.61,54643071.63,39.12,2022-03-14,2024-03-19,2024-04-23,35,Cancelled,337
PRJ-10557,Airport Terminal Project 557,Airport Terminal,Mecca,Al Fouzan,Ministry of Education,32743435.28,35941343.88,3197908.6,9.77,2019-04-11,2021-01-12,2021-01-12,0,Delayed,221
PRJ-10558,Industrial Plant Project 558,Industrial Plant,Dammam,SADEEM Construction,Ministry of Housing,59382728.65,65046053.13,5663324.48,9.54,2020-12-07,2021-03-07,2021-03-07,0,Delayed,156
PRJ-10559,Dam Project 559,Dam,Qassim,Saudi Binladin Group,Ministry of Education,16435658.03,27111127.11,10675469.08,64.95,2022-03-28,2025-02-19,2025-09-09,202,Delayed,315
PRJ-10560,Bridge Project 560,Bridge,Riyadh,Al Bawani,Royal Commission,7707699.81,9196459.41,1488759.6,19.32,2020-04-23,2021-01-31,2021-01-31,0,In Progress,93
PRJ-10561,School Project 561,School,Abha,Al Rashid Trading,Private Developer,61332740.13,90521505.57,29188765.44,47.59,2020-05-14,2020-11-01,2021-01-01,61,Cancelled,423
PRJ-10562,Industrial Plant Project 562,Industrial Plant,Mecca,Al Bawani,Private Developer,85268931.02,95632070.32,10363139.3,12.15,2019-01-21,2020-06-16,2020-06-16,0,Delayed,66
PRJ-10563,Dam Project 563,Dam,Neom,SSEM,Private Developer,131838076.41,146554703.3,14716626.89,11.16,2021-06-29,2023-09-14,2023-09-29,15,In Progress,35
PRJ-10564,Airport Terminal Project 564,Airport Terminal,Riyadh,Nesma & Partners,Aramco,100305211.14,146428366.58,46123155.44,45.98,2019-07-06,2020-07-18,2020-09-05,49,Completed,129
PRJ-10565,Commercial Complex Project 565,Commercial Complex,Dammam,Saudi Binladin Group,Ministry of Education,119773140.5,180170827.41,60397686.91,50.43,2019-12-02,2020-10-09,2020-10-26,17,On Hold,200
PRJ-10566,Dam Project 566,Dam,Riyadh,Al Fouzan,Aramco,18471253.78,23746482.76,5275228.98,28.56,2022-03-18,2024-10-26,2025-07-11,258,On Hold,46
PRJ-10567,Airport Terminal Project 567,Airport Terminal,Jazan,Nesma & Partners,Ministry of Transport,1360919.74,1555761.57,194841.83,14.32,2022-09-20,2025-06-23,2025-07-04,11,Completed,72
PRJ-10568,Bridge Project 568,Bridge,Abha,SSEM,Ministry of Transport,59727817.4,69334826.65,9607009.25,16.08,2018-03-10,2020-07-02,2020-08-06,35,Completed,276
PRJ-10569,Bridge Project 569,Bridge,Jazan,Al Arrab,Private Developer,67579696.58,77622136.35,10042439.77,14.86,2019-10-24,2022-09-06,2022-09-14,8,Cancelled,276
PRJ-10570,Commercial Complex Project 570,Commercial Complex,Mecca,SSEM,Private Developer,34476809.28,31786196.92,-2690612.36,-7.8,2020-01-09,2020-10-28,2020-10-28,0,In Progress,67
PRJ-10571,Bridge Project 571,Bridge,Abha,Al Fouzan,Ministry of Housing,90715564.71,122066163.26,31350598.55,34.56,2022-06-15,2023-03-03,2023-04-05,33,In Progress,14
PRJ-10572,Residential Building Project 572,Residential Building,Neom,SSEM,NEOM Co.,69792359.55,107526779.6,37734420.05,54.07,2022-04-28,2023-08-11,2023-08-25,14,Completed,361
PRJ-10573,Metro Rail Project 573,Metro Rail,Tabuk,Saudi Binladin Group,Ministry of Housing,78102726.88,67989490.06,-10113236.82,-12.95,2021-08-13,2022-11-10,2022-11-29,19,Completed,74
PRJ-10574,Dam Project 574,Dam,Medina,Al Fouzan,Royal Commission,51516550.23,60225846.76,8709296.53,16.91,2023-01-01,2025-07-03,2025-07-17,14,On Hold,193
PRJ-10575,Highway Project 575,Highway,Mecca,Saudi Binladin Group,Ministry of Education,87235769.2,116575258.52,29339489.32,33.63,2020-06-15,2022-09-06,2022-09-28,22,On Hold,107
PRJ-10576,Metro Rail Project 576,Metro Rail,Dammam,Al Bawani,Royal Commission,114850047.6,163603716.05,48753668.45,42.45,2022-02-08,2023-04-05,2023-05-25,50,Cancelled,478
PRJ-10577,Airport Terminal Project 577,Airport Terminal,Dammam,El Seif Engineering,NEOM Co.,143350792.55,129799809.85,-13550982.7,-9.45,2019-08-29,2021-03-01,2021-03-01,0,On Hold,10
PRJ-10578,Airport Terminal Project 578,Airport Terminal,Abha,Nesma & Partners,Ministry of Housing,29768808.86,32574293.28,2805484.42,9.42,2022-10-21,2024-10-14,2024-10-14,0,Delayed,379
PRJ-10579,Commercial Complex Project 579,Commercial Complex,Qassim,Al Arrab,Ministry of Transport,134755567.07,214480684.63,79725117.56,59.16,2021-10-31,2023-07-19,2023-07-27,8,Cancelled,154
PRJ-10580,Hospital Project 580,Hospital,Abha,Al Fouzan,Aramco,9509974.85,15192649.11,5682674.26,59.75,2020-12-07,2021-06-13,2022-04-09,300,In Progress,101
PRJ-10581,Residential Building Project 581,Residential Building,Medina,El Seif Engineering,Ministry of Education,53067591.74,65734688.3,12667096.56,23.87,2018-07-22,2019-05-04,2019-05-07,3,On Hold,346
PRJ-10582,Dam Project 582,Dam,Qassim,AECOM Arabia,Private Developer,38888096.87,42614819.88,3726723.01,9.58,2020-01-21,2020-06-09,2020-06-19,10,Completed,486
PRJ-10583,Bridge Project 583,Bridge,Jazan,El Seif Engineering,Ministry of Education,120552371.73,132492621.15,11940249.42,9.9,2021-08-01,2024-01-28,2024-02-20,23,On Hold,430
PRJ-10584,Hospital Project 584,Hospital,Riyadh,AECOM Arabia,Private Developer,91744900.6,102281362.27,10536461.67,11.48,2018-03-25,2019-12-16,2019-12-16,0,Completed,493
PRJ-10585,Bridge Project 585,Bridge,Qassim,El Seif Engineering,Aramco,41257288.11,39091646.63,-2165641.48,-5.25,2019-04-19,2021-07-29,2021-08-14,16,Cancelled,346
PRJ-10586,Bridge Project 586,Bridge,Neom,Nesma & Partners,Ministry of Health,27581827.76,30459587.58,2877759.82,10.43,2018-08-05,2020-12-06,2020-12-06,0,On Hold,369
PRJ-10587,School Project 587,School,Jeddah,Nesma & Partners,NEOM Co.,27625032.98,39151219.12,11526186.14,41.72,2020-04-02,2022-01-15,2022-02-06,22,Cancelled,317
PRJ-10588,Dam Project 588,Dam,Tabuk,Al Fouzan,Royal Commission,16478100.0,17388518.76,910418.76,5.53,2020-02-01,2022-09-13,2022-10-08,25,Delayed,321
PRJ-10589,Bridge Project 589,Bridge,Neom,Al Bawani,Ministry of Transport,144457567.85,215934311.43,71476743.58,49.48,2022-04-18,2023-08-05,2023-08-24,19,Delayed,241
PRJ-10590,Dam Project 590,Dam,Abha,Saudi Binladin Group,Ministry of Housing,82758868.05,112264150.76,29505282.71,35.65,2021-05-05,2022-05-21,2022-05-22,1,Delayed,13
PRJ-10591,Industrial Plant Project 591,Industrial Plant,Medina,Al Rashid Trading,Royal Commission,142734799.66,154222602.48,11487802.82,8.05,2022-04-30,2022-08-20,2022-08-20,0,Delayed,480
PRJ-10592,Airport Terminal Project 592,Airport Terminal,Qassim,Al Bawani,NEOM Co.,122968734.48,126960769.04,3992034.56,3.25,2018-03-19,2018-09-21,2018-11-24,64,Delayed,197
PRJ-10593,Metro Rail Project 593,Metro Rail,Medina,Al Rashid Trading,Private Developer,32200703.57,37958922.77,5758219.2,17.88,2019-09-08,2022-03-16,2022-04-13,28,In Progress,385
PRJ-10594,Commercial Complex Project 594,Commercial Complex,Tabuk,SSEM,NEOM Co.,126059264.78,147490214.27,21430949.49,17.0,2022-08-19,2024-03-30,2024-03-30,0,Completed,314
PRJ-10595,Industrial Plant Project 595,Industrial Plant,Riyadh,AECOM Arabia,Ministry of Health,53336496.21,78640418.73,25303922.52,47.44,2022-05-17,2022-11-03,2022-11-11,8,Delayed,460
PRJ-10596,School Project 596,School,Abha,El Seif Engineering,Ministry of Transport,41583502.31,47687307.4,6103805.09,14.68,2021-08-29,2024-01-01,2024-01-01,0,On Hold,37
PRJ-10597,Industrial Plant Project 597,Industrial Plant,Qassim,Saudi Binladin Group,Royal Commission,63848868.92,59151395.97,-4697472.95,-7.36,2021-03-02,2022-12-04,2023-01-06,33,In Progress,88
PRJ-10598,Residential Building Project 598,Residential Building,Abha,SSEM,Aramco,93766969.04,123705521.77,29938552.73,31.93,2020-06-03,2021-04-16,2021-05-04,18,In Progress,182
PRJ-10599,Commercial Complex Project 599,Commercial Complex,Jazan,AECOM Arabia,Ministry of Housing,25618124.06,39457999.51,13839875.45,54.02,2020-03-28,2022-01-08,2022-02-17,40,On Hold,406
PRJ-10600,Highway Project 600,Highway,Dammam,SSEM,Ministry of Transport,32902600.11,30557117.42,-2345482.69,-7.13,2020-03-20,2021-10-30,2021-10-30,0,Cancelled,386
PRJ-10601,Airport Terminal Project 601,Airport Terminal,Medina,Al Rashid Trading,Aramco,4033968.61,5388071.95,1354103.34,33.57,2022-05-10,2023-05-07,2023-06-06,30,Cancelled,55
PRJ-10602,Commercial Complex Project 602,Commercial Complex,Abha,Al Arrab,Royal Commission,82231263.2,95612328.79,13381065.59,16.27,2019-01-26,2020-04-16,2020-04-23,7,Completed,404
PRJ-10603,Industrial Plant Project 603,Industrial Plant,Dammam,Al Fouzan,Ministry of Education,89374212.11,146594122.38,57219910.27,64.02,2018-10-26,2020-10-23,2020-11-12,20,In Progress,112
PRJ-10604,Hospital Project 604,Hospital,Dammam,El Seif Engineering,Aramco,20897743.01,24522561.33,3624818.32,17.35,2018-04-22,2020-08-16,2020-09-20,35,In Progress,454
PRJ-10605,Industrial Plant Project 605,Industrial Plant,Riyadh,Al Fouzan,Aramco,64515842.43,90576947.37,26061104.94,40.39,2020-07-10,2021-08-16,2021-09-22,37,Cancelled,118
PRJ-10606,Bridge Project 606,Bridge,Qassim,Al Bawani,Private Developer,148692771.06,138773137.21,-9919633.85,-6.67,2020-09-16,2022-06-29,2022-07-03,4,Completed,202
PRJ-10607,Metro Rail Project 607,Metro Rail,Qassim,Saudi Binladin Group,Private Developer,108788653.16,116330810.92,7542157.76,6.93,2018-05-04,2019-01-23,2019-02-17,25,Cancelled,148
PRJ-10608,Residential Building Project 608,Residential Building,Jazan,Saudi Binladin Group,Aramco,12373195.66,19368415.23,6995219.57,56.54,2021-09-14,2023-01-14,2023-01-16,2,Delayed,452
PRJ-10609,Commercial Complex Project 609,Commercial Complex,Riyadh,SADEEM Construction,Ministry of Health,29184165.05,30098362.57,914197.52,3.13,2020-02-19,2021-01-10,2021-01-21,11,Delayed,258
PRJ-10610,Metro Rail Project 610,Metro Rail,Qassim,El Seif Engineering,NEOM Co.,53571947.72,49330504.09,-4241443.63,-7.92,2020-10-22,2021-08-11,2021-08-11,0,Completed,30
PRJ-10611,Bridge Project 611,Bridge,Qassim,SADEEM Construction,Royal Commission,78099438.74,70608925.54,-7490513.2,-9.59,2020-03-16,2021-10-28,2022-06-20,235,Delayed,191
PRJ-10612,Industrial Plant Project 612,Industrial Plant,Medina,Al Bawani,Private Developer,120153297.92,154037673.2,33884375.28,28.2,2018-05-07,2020-11-13,2020-11-20,7,Completed,493
PRJ-10613,Airport Terminal Project 613,Airport Terminal,Mecca,Al Rashid Trading,NEOM Co.,132071823.59,168572015.46,36500191.87,27.64,2023-01-12,2024-03-26,2024-04-26,31,On Hold,276
PRJ-10614,Metro Rail Project 614,Metro Rail,Medina,Al Arrab,Ministry of Transport,48987896.09,67877117.59,18889221.5,38.56,2018-11-09,2020-09-15,2020-09-27,12,Cancelled,178
PRJ-10615,Dam Project 615,Dam,Qassim,Nesma & Partners,Ministry of Transport,149123834.5,193298300.94,44174466.44,29.62,2018-10-11,2020-11-07,2020-12-09,32,In Progress,451
PRJ-10616,Highway Project 616,Highway,Mecca,Al Bawani,NEOM Co.,109732251.28,114073443.9,4341192.62,3.96,2023-02-05,2024-07-19,2024-07-19,0,Cancelled,479
PRJ-10617,Highway Project 617,Highway,Tabuk,El Seif Engineering,Aramco,9491280.22,10143227.19,651946.97,6.87,2019-10-13,2020-07-17,2020-07-17,0,Completed,401
PRJ-10618,Hospital Project 618,Hospital,Abha,Al Arrab,Private Developer,143664980.03,136853950.14,-6811029.89,-4.74,2022-03-08,2023-09-02,2023-09-02,0,Delayed,87
PRJ-10619,Bridge Project 619,Bridge,Jeddah,Nesma & Partners,NEOM Co.,103655731.18,99538536.59,-4117194.59,-3.97,2022-04-11,2022-08-05,2022-08-05,0,Cancelled,300
PRJ-10620,Metro Rail Project 620,Metro Rail,Medina,AECOM Arabia,Ministry of Transport,80606238.83,97557468.81,16951229.98,21.03,2021-11-08,2022-09-30,2023-06-19,262,On Hold,78
PRJ-10621,Airport Terminal Project 621,Airport Terminal,Neom,SSEM,Royal Commission,113546417.67,156913130.53,43366712.86,38.19,2022-10-12,2023-07-17,2023-07-29,12,In Progress,108
PRJ-10622,Bridge Project 622,Bridge,Riyadh,Al Arrab,Ministry of Housing,119419769.14,140694800.57,21275031.43,17.82,2019-07-07,2022-05-09,2022-05-09,0,In Progress,397
PRJ-10623,Bridge Project 623,Bridge,Jeddah,Nesma & Partners,Ministry of Education,35578991.24,34580388.96,-998602.28,-2.81,2021-06-17,2024-02-19,2024-03-05,15,On Hold,464
PRJ-10624,Bridge Project 624,Bridge,Abha,Al Arrab,Ministry of Housing,148876283.57,175391192.9,26514909.33,17.81,2022-02-14,2024-01-27,2024-01-27,0,On Hold,323
PRJ-10625,Metro Rail Project 625,Metro Rail,Neom,Al Bawani,Ministry of Housing,81223590.98,102891314.46,21667723.48,26.68,2018-08-12,2020-04-26,2020-06-20,55,Completed,459
PRJ-10626,Bridge Project 626,Bridge,Qassim,Al Bawani,Ministry of Health,93726060.36,136297968.12,42571907.76,45.42,2018-03-22,2020-07-11,2020-07-13,2,Completed,107
PRJ-10627,Industrial Plant Project 627,Industrial Plant,Jazan,Al Arrab,Private Developer,19593165.8,28912115.72,9318949.92,47.56,2022-08-22,2025-01-20,2025-03-13,52,Delayed,323
PRJ-10628,Residential Building Project 628,Residential Building,Qassim,Nesma & Partners,Ministry of Education,106457332.31,116304921.36,9847589.05,9.25,2021-08-16,2024-03-12,2024-03-13,1,Completed,102
PRJ-10629,Metro Rail Project 629,Metro Rail,Qassim,Nesma & Partners,Ministry of Health,39835329.2,36653051.96,-3182277.24,-7.99,2019-10-25,2021-03-21,2021-04-03,13,Cancelled,469
PRJ-10630,Bridge Project 630,Bridge,Jazan,El Seif Engineering,Private Developer,140575194.54,153848226.88,13273032.34,9.44,2021-11-17,2023-01-12,2023-02-05,24,In Progress,377
PRJ-10631,Commercial Complex Project 631,Commercial Complex,Jeddah,El Seif Engineering,Ministry of Education,59848736.8,79627276.02,19778539.22,33.05,2020-01-14,2022-01-22,2022-02-08,17,Cancelled,323
PRJ-10632,Highway Project 632,Highway,Abha,Al Bawani,Ministry of Health,77594074.44,96804100.46,19210026.02,24.76,2022-04-23,2022-09-04,2022-11-18,75,In Progress,93
PRJ-10633,Highway Project 633,Highway,Dammam,Saudi Binladin Group,Ministry of Health,148827623.22,171959526.74,23131903.52,15.54,2019-09-26,2020-11-04,2020-11-04,0,Delayed,330
PRJ-10634,Highway Project 634,Highway,Jeddah,Nesma & Partners,Ministry of Transport,31672321.9,50500762.57,18828440.67,59.45,2021-06-29,2021-09-30,2022-04-05,187,On Hold,288
PRJ-10635,Residential Building Project 635,Residential Building,Neom,SSEM,Ministry of Transport,17896776.48,20496013.25,2599236.77,14.52,2021-04-20,2022-02-26,2022-02-26,0,On Hold,50
PRJ-10636,Metro Rail Project 636,Metro Rail,Neom,Saudi Binladin Group,Ministry of Transport,57403182.37,88656078.21,31252895.84,54.44,2021-01-25,2023-10-15,2023-12-17,63,In Progress,35
PRJ-10637,Highway Project 637,Highway,Dammam,Saudi Binladin Group,Royal Commission,120985847.32,137562013.11,16576165.79,13.7,2018-10-25,2019-03-01,2019-03-01,0,Cancelled,162
PRJ-10638,Hospital Project 638,Hospital,Jeddah,Saudi Binladin Group,Aramco,46049531.3,53987740.29,7938208.99,17.24,2019-01-01,2020-05-31,2020-06-02,2,Cancelled,303
PRJ-10639,Airport Terminal Project 639,Airport Terminal,Dammam,SSEM,Royal Commission,26441914.99,29796859.38,3354944.39,12.69,2018-03-15,2021-01-21,2021-02-25,35,Delayed,469
PRJ-10640,School Project 640,School,Jeddah,Al Arrab,Aramco,146353725.03,220699141.68,74345416.65,50.8,2020-08-22,2021-09-15,2021-10-15,30,Delayed,178
PRJ-10641,Airport Terminal Project 641,Airport Terminal,Abha,Al Bawani,Ministry of Transport,20312438.57,32260331.78,11947893.21,58.82,2019-03-05,2021-05-15,2021-07-13,59,Cancelled,54
PRJ-10642,Dam Project 642,Dam,Neom,SADEEM Construction,Ministry of Health,73315756.86,107176480.86,33860724.0,46.18,2022-10-03,2024-09-15,2024-10-12,27,Cancelled,191
PRJ-10643,Highway Project 643,Highway,Neom,AECOM Arabia,Ministry of Education,26638374.78,31138406.68,4500031.9,16.89,2022-02-02,2023-10-17,2023-11-06,20,In Progress,462
PRJ-10644,Metro Rail Project 644,Metro Rail,Medina,SADEEM Construction,Ministry of Transport,22382911.83,20246190.89,-2136720.94,-9.55,2018-08-31,2018-11-30,2018-12-13,13,Completed,387
PRJ-10645,Bridge Project 645,Bridge,Neom,Al Arrab,Ministry of Health,4358880.09,7063530.7,2704650.61,62.05,2019-11-15,2020-03-30,2020-04-03,4,In Progress,15
PRJ-10646,Bridge Project 646,Bridge,Mecca,SADEEM Construction,Aramco,82654665.62,98854839.79,16200174.17,19.6,2019-09-07,2020-10-16,2021-01-25,101,Completed,68
PRJ-10647,Hospital Project 647,Hospital,Tabuk,Al Arrab,Ministry of Housing,47116511.9,56615641.28,9499129.38,20.16,2018-12-26,2021-07-25,2021-08-15,21,On Hold,479
PRJ-10648,Dam Project 648,Dam,Riyadh,Nesma & Partners,Ministry of Education,16296870.3,16668936.75,372066.45,2.28,2021-07-08,2022-03-14,2022-04-13,30,Delayed,246
PRJ-10649,School Project 649,School,Riyadh,Al Bawani,Private Developer,93128399.26,101981215.41,8852816.15,9.51,2022-01-24,2023-11-23,2023-11-23,0,Completed,116
PRJ-10650,Metro Rail Project 650,Metro Rail,Tabuk,Al Fouzan,Aramco,23227715.54,34251804.63,11024089.09,47.46,2018-11-02,2021-10-19,2022-03-25,157,Cancelled,441
PRJ-10651,Highway Project 651,Highway,Neom,AECOM Arabia,Ministry of Health,69240163.35,113961903.9,44721740.55,64.59,2021-05-03,2022-02-08,2022-02-09,1,Delayed,371
PRJ-10652,Hospital Project 652,Hospital,Riyadh,SADEEM Construction,Ministry of Health,9138193.87,10129784.48,991590.61,10.85,2020-10-14,2021-04-10,2021-04-10,0,Delayed,120
PRJ-10653,Airport Terminal Project 653,Airport Terminal,Mecca,Nesma & Partners,Aramco,147559999.33,142218252.83,-5341746.5,-3.62,2022-05-27,2023-09-12,2023-09-20,8,Completed,237
PRJ-10654,Airport Terminal Project 654,Airport Terminal,Riyadh,SSEM,NEOM Co.,18647048.44,18478899.51,-168148.93,-0.9,2019-11-28,2020-09-07,2020-09-07,0,Cancelled,168
PRJ-10655,Hospital Project 655,Hospital,Dammam,El Seif Engineering,NEOM Co.,15606348.75,14043114.46,-1563234.29,-10.02,2022-01-23,2022-11-19,2022-12-24,35,Cancelled,69
PRJ-10656,Residential Building Project 656,Residential Building,Mecca,Saudi Binladin Group,Aramco,76658608.16,91914365.42,15255757.26,19.9,2020-08-14,2021-10-19,2021-10-19,0,Delayed,21
PRJ-10657,Metro Rail Project 657,Metro Rail,Mecca,Al Rashid Trading,Royal Commission,122188555.29,133796821.98,11608266.69,9.5,2019-01-30,2019-11-21,2019-12-19,28,On Hold,353
PRJ-10658,Commercial Complex Project 658,Commercial Complex,Mecca,Nesma & Partners,NEOM Co.,93772427.53,111670461.99,17898034.46,19.09,2018-08-23,2019-08-28,2019-09-19,22,Cancelled,62
PRJ-10659,Bridge Project 659,Bridge,Qassim,Al Fouzan,Royal Commission,20041201.32,23367665.26,3326463.94,16.6,2018-10-17,2019-10-19,2019-10-19,0,Cancelled,135
PRJ-10660,Highway Project 660,Highway,Jeddah,SADEEM Construction,Royal Commission,67742805.0,77511824.24,9769019.24,14.42,2020-06-27,2022-04-01,2023-01-23,297,Completed,64
PRJ-10661,School Project 661,School,Riyadh,El Seif Engineering,Ministry of Health,62412398.0,71665745.55,9253347.55,14.83,2019-01-02,2020-05-07,2020-05-07,0,On Hold,325
PRJ-10662,Hospital Project 662,Hospital,Mecca,Al Fouzan,Ministry of Transport,110175349.89,124585345.65,14409995.76,13.08,2022-04-03,2024-07-01,2024-07-01,0,On Hold,300
PRJ-10663,Highway Project 663,Highway,Jeddah,SSEM,Aramco,2149174.03,2202572.84,53398.81,2.48,2019-09-28,2021-04-06,2021-04-06,0,On Hold,250
PRJ-10664,Bridge Project 664,Bridge,Medina,Nesma & Partners,Private Developer,72460950.67,70862749.23,-1598201.44,-2.21,2020-01-15,2022-11-04,2022-11-04,0,Delayed,413
PRJ-10665,Hospital Project 665,Hospital,Jazan,SSEM,Ministry of Housing,114163328.56,145929058.41,31765729.85,27.82,2020-08-31,2021-02-03,2021-02-07,4,In Progress,154
PRJ-10666,Hospital Project 666,Hospital,Neom,AECOM Arabia,NEOM Co.,32672679.87,31769621.29,-903058.58,-2.76,2018-07-30,2020-03-31,2020-03-31,0,Completed,176
PRJ-10667,Airport Terminal Project 667,Airport Terminal,Jeddah,SADEEM Construction,Ministry of Education,146393126.36,236814497.36,90421371.0,61.77,2021-04-24,2022-09-06,2022-10-24,48,Cancelled,91
PRJ-10668,Dam Project 668,Dam,Abha,El Seif Engineering,Royal Commission,73434179.57,68508277.93,-4925901.64,-6.71,2022-07-25,2023-05-24,2023-05-24,0,On Hold,300
PRJ-10669,Hospital Project 669,Hospital,Qassim,Al Rashid Trading,NEOM Co.,82419943.6,125730442.57,43310498.97,52.55,2021-10-03,2023-11-10,2023-11-28,18,Cancelled,438
PRJ-10670,Dam Project 670,Dam,Jeddah,AECOM Arabia,Ministry of Education,15163345.83,14709035.79,-454310.04,-3.0,2021-02-10,2022-04-09,2022-04-29,20,Delayed,499
PRJ-10671,School Project 671,School,Jeddah,AECOM Arabia,Aramco,49039051.07,60357975.29,11318924.22,23.08,2022-07-26,2024-09-24,2024-11-03,40,Delayed,263
PRJ-10672,Residential Building Project 672,Residential Building,Jeddah,Al Rashid Trading,NEOM Co.,56695298.63,57735253.89,1039955.26,1.83,2021-04-04,2023-12-28,2023-12-28,0,Completed,397
PRJ-10673,Highway Project 673,Highway,Dammam,SSEM,Private Developer,69187291.88,108185937.1,38998645.22,56.37,2021-06-14,2022-10-16,2022-12-01,46,Delayed,163
PRJ-10674,Metro Rail Project 674,Metro Rail,Mecca,Al Arrab,Royal Commission,143322535.63,157988088.13,14665552.5,10.23,2021-04-08,2021-10-06,2021-11-21,46,On Hold,443
PRJ-10675,Highway Project 675,Highway,Mecca,Saudi Binladin Group,Royal Commission,103376138.56,124059894.73,20683756.17,20.01,2021-01-29,2023-11-07,2024-05-28,203,Delayed,66
PRJ-10676,Industrial Plant Project 676,Industrial Plant,Riyadh,Al Rashid Trading,Ministry of Health,38573258.0,33973052.88,-4600205.12,-11.93,2021-04-23,2023-07-11,2023-09-04,55,On Hold,217
PRJ-10677,School Project 677,School,Abha,Al Bawani,Ministry of Transport,135313417.82,183993932.88,48680515.06,35.98,2018-12-22,2021-01-28,2021-02-15,18,On Hold,441
PRJ-10678,Hospital Project 678,Hospital,Abha,Nesma & Partners,Private Developer,99073411.37,134674029.53,35600618.16,35.93,2021-10-04,2024-06-13,2025-04-01,292,Completed,83
PRJ-10679,Dam Project 679,Dam,Abha,Nesma & Partners,Aramco,92283070.92,84900020.32,-7383050.6,-8.0,2021-08-08,2022-03-26,2022-03-26,0,Cancelled,486
PRJ-10680,School Project 680,School,Neom,Nesma & Partners,Ministry of Education,78001999.28,112318746.03,34316746.75,43.99,2020-05-18,2022-01-19,2022-01-23,4,Delayed,125
PRJ-10681,Highway Project 681,Highway,Abha,AECOM Arabia,Ministry of Housing,77077177.16,85098470.56,8021293.4,10.41,2020-10-17,2022-08-29,2022-08-29,0,Cancelled,147
PRJ-10682,School Project 682,School,Qassim,AECOM Arabia,Royal Commission,6730098.64,9577325.49,2847226.85,42.31,2018-03-19,2018-07-21,2018-07-23,2,Completed,307
PRJ-10683,Dam Project 683,Dam,Jeddah,Nesma & Partners,Private Developer,11276608.23,9694351.02,-1582257.21,-14.03,2020-11-24,2022-06-13,2022-06-15,2,Completed,135
PRJ-10684,Dam Project 684,Dam,Jeddah,Al Bawani,Private Developer,143496959.05,160896325.2,17399366.15,12.13,2018-04-19,2020-04-05,2020-04-05,0,Completed,250
PRJ-10685,Dam Project 685,Dam,Qassim,SSEM,Royal Commission,53311085.57,52722567.14,-588518.43,-1.1,2019-12-24,2021-05-28,2021-05-28,0,Delayed,95
PRJ-10686,Residential Building Project 686,Residential Building,Neom,SADEEM Construction,Private Developer,52780632.85,72789585.44,20008952.59,37.91,2021-07-12,2021-12-11,2022-01-24,44,Completed,346
PRJ-10687,Industrial Plant Project 687,Industrial Plant,Neom,Saudi Binladin Group,Private Developer,28186737.4,26177488.66,-2009248.74,-7.13,2018-06-18,2020-01-25,2020-10-16,265,Delayed,139
PRJ-10688,Highway Project 688,Highway,Neom,SADEEM Construction,Private Developer,99215256.6,105370287.63,6155031.03,6.2,2019-06-11,2022-02-03,2022-03-18,43,In Progress,475
PRJ-10689,Metro Rail Project 689,Metro Rail,Dammam,SSEM,Royal Commission,3631271.67,5898231.1,2266959.43,62.43,2018-12-26,2021-06-30,2021-07-02,2,On Hold,102
PRJ-10690,Airport Terminal Project 690,Airport Terminal,Riyadh,Al Fouzan,Aramco,44668994.23,60291119.78,15622125.55,34.97,2018-10-25,2021-10-09,2021-11-21,43,On Hold,395
PRJ-10691,School Project 691,School,Abha,Al Rashid Trading,Ministry of Education,57599976.13,54553463.54,-3046512.59,-5.29,2021-07-29,2023-11-09,2023-11-15,6,Delayed,37
PRJ-10692,Industrial Plant Project 692,Industrial Plant,Jeddah,Saudi Binladin Group,NEOM Co.,92444438.72,126198066.76,33753628.04,36.51,2020-03-27,2021-10-13,2021-11-26,44,Cancelled,129
PRJ-10693,School Project 693,School,Abha,SSEM,Private Developer,79780168.92,70490644.14,-9289524.78,-11.64,2020-12-22,2021-08-17,2022-06-10,297,On Hold,205
PRJ-10694,Hospital Project 694,Hospital,Qassim,Saudi Binladin Group,Aramco,145289072.25,157530785.05,12241712.8,8.43,2020-12-24,2023-10-19,2023-12-06,48,On Hold,322
PRJ-10695,Industrial Plant Project 695,Industrial Plant,Tabuk,SADEEM Construction,Private Developer,147005564.24,193450226.8,46444662.56,31.59,2018-07-21,2021-01-17,2021-02-13,27,On Hold,405
PRJ-10696,Bridge Project 696,Bridge,Neom,Al Rashid Trading,Royal Commission,112336940.32,128460766.56,16123826.24,14.35,2021-11-14,2024-01-06,2024-01-06,0,Completed,354
PRJ-10697,Residential Building Project 697,Residential Building,Jeddah,Saudi Binladin Group,Ministry of Health,98643551.8,110541345.63,11897793.83,12.06,2020-12-11,2021-06-19,2021-06-23,4,In Progress,381
PRJ-10698,Industrial Plant Project 698,Industrial Plant,Mecca,Al Rashid Trading,Ministry of Housing,139248504.23,159820189.71,20571685.48,14.77,2021-06-22,2021-10-14,2021-10-21,7,In Progress,496
PRJ-10699,Metro Rail Project 699,Metro Rail,Jeddah,El Seif Engineering,Aramco,65095494.0,87250853.83,22155359.83,34.04,2021-05-23,2024-01-14,2024-01-31,17,Cancelled,421
PRJ-10700,Highway Project 700,Highway,Jeddah,Nesma & Partners,Private Developer,141489837.74,147510820.27,6020982.53,4.26,2020-08-14,2021-09-09,2022-03-04,176,Delayed,403
PRJ-10701,School Project 701,School,Tabuk,SADEEM Construction,NEOM Co.,18664455.76,29107963.85,10443508.09,55.95,2018-06-01,2020-11-06,2021-04-20,165,Delayed,40
PRJ-10702,Industrial Plant Project 702,Industrial Plant,Mecca,Nesma & Partners,Ministry of Education,97048716.49,95667910.92,-1380805.57,-1.42,2020-10-04,2021-03-14,2021-03-14,0,On Hold,101
PRJ-10703,Dam Project 703,Dam,Jeddah,Nesma & Partners,Ministry of Health,122484067.38,187059072.71,64575005.33,52.72,2021-06-11,2022-04-20,2022-06-18,59,Delayed,62
PRJ-10704,Residential Building Project 704,Residential Building,Jeddah,El Seif Engineering,Private Developer,137879516.78,200481442.29,62601925.51,45.4,2020-07-02,2022-12-04,2022-12-12,8,Completed,487
PRJ-10705,Residential Building Project 705,Residential Building,Abha,SADEEM Construction,NEOM Co.,69350654.84,79933534.66,10582879.82,15.26,2019-11-07,2022-01-21,2022-01-21,0,Cancelled,372
PRJ-10706,Dam Project 706,Dam,Jazan,Al Arrab,Ministry of Health,109409356.24,123953605.2,14544248.96,13.29,2022-01-30,2024-09-10,2024-09-10,0,Cancelled,125
PRJ-10707,Residential Building Project 707,Residential Building,Abha,SSEM,Aramco,98596194.73,93984715.71,-4611479.02,-4.68,2021-01-01,2022-11-02,2022-11-02,0,Delayed,215
PRJ-10708,Residential Building Project 708,Residential Building,Jeddah,Al Fouzan,Royal Commission,81981524.38,131163097.82,49181573.44,59.99,2022-09-19,2023-03-10,2023-07-13,125,In Progress,100
PRJ-10709,Airport Terminal Project 709,Airport Terminal,Riyadh,Al Arrab,Ministry of Transport,6954473.5,6644185.89,-310287.61,-4.46,2021-11-26,2022-12-27,2023-01-01,5,Delayed,259
PRJ-10710,Commercial Complex Project 710,Commercial Complex,Jazan,Al Rashid Trading,NEOM Co.,109033996.54,111302895.12,2268898.58,2.08,2019-01-31,2019-06-06,2019-07-27,51,In Progress,260
PRJ-10711,School Project 711,School,Jeddah,Al Bawani,Private Developer,76124977.6,87712029.59,11587051.99,15.22,2020-12-29,2022-08-22,2022-08-22,0,Completed,28
PRJ-10712,Hospital Project 712,Hospital,Riyadh,Al Fouzan,Ministry of Housing,110053830.94,145521776.24,35467945.3,32.23,2018-08-31,2020-01-18,2020-02-10,23,Cancelled,244
PRJ-10713,Airport Terminal Project 713,Airport Terminal,Dammam,AECOM Arabia,Ministry of Transport,76499901.76,99604218.05,23104316.29,30.2,2018-05-28,2021-03-30,2021-04-09,10,Completed,251
PRJ-10714,Metro Rail Project 714,Metro Rail,Riyadh,Al Rashid Trading,NEOM Co.,103488352.66,140644094.99,37155742.33,35.9,2018-12-19,2019-04-02,2019-06-02,61,Completed,243
PRJ-10715,Metro Rail Project 715,Metro Rail,Dammam,AECOM Arabia,Aramco,114287669.79,139344781.9,25057112.11,21.92,2022-08-02,2025-02-14,2025-02-19,5,Cancelled,122
PRJ-10716,Commercial Complex Project 716,Commercial Complex,Medina,Al Arrab,Royal Commission,1895077.16,1845812.09,-49265.07,-2.6,2022-09-08,2025-03-16,2025-03-16,0,Delayed,71
PRJ-10717,Metro Rail Project 717,Metro Rail,Qassim,Nesma & Partners,Royal Commission,109106026.41,130659156.59,21553130.18,19.75,2023-05-30,2025-12-31,2025-12-31,0,Cancelled,98
PRJ-10718,Hospital Project 718,Hospital,Jeddah,El Seif Engineering,Private Developer,15327125.89,22838287.77,7511161.88,49.01,2022-04-01,2022-11-21,2022-12-06,15,Cancelled,94
PRJ-10719,Dam Project 719,Dam,Medina,AECOM Arabia,Ministry of Housing,31003327.38,33065838.76,2062511.38,6.65,2018-07-24,2019-03-07,2019-03-07,0,On Hold,408
PRJ-10720,Highway Project 720,Highway,Riyadh,SSEM,Aramco,110094158.76,110140374.93,46216.17,0.04,2018-01-15,2018-04-21,2018-05-19,28,Cancelled,464
PRJ-10721,Industrial Plant Project 721,Industrial Plant,Abha,SSEM,NEOM Co.,53629993.02,69364025.33,15734032.31,29.34,2018-10-21,2019-08-18,2019-10-02,45,On Hold,132
PRJ-10722,Highway Project 722,Highway,Neom,Saudi Binladin Group,NEOM Co.,1281827.22,1125763.58,-156063.64,-12.18,2020-10-20,2023-01-22,2023-03-05,42,Delayed,188
PRJ-10723,School Project 723,School,Riyadh,Al Bawani,Ministry of Transport,111987200.52,107591049.8,-4396150.72,-3.93,2018-08-29,2019-06-11,2019-06-11,0,Cancelled,195
PRJ-10724,Airport Terminal Project 724,Airport Terminal,Qassim,Al Rashid Trading,Ministry of Education,143731985.28,145224243.15,1492257.87,1.04,2021-07-06,2023-12-01,2023-12-01,0,In Progress,67
PRJ-10725,Highway Project 725,Highway,Jazan,SSEM,NEOM Co.,49376276.64,47851065.19,-1525211.45,-3.09,2021-10-04,2022-06-14,2022-11-14,153,Delayed,117
PRJ-10726,School Project 726,School,Mecca,Al Fouzan,Ministry of Education,46187830.22,53716226.16,7528395.94,16.3,2018-08-02,2018-12-14,2018-12-14,0,In Progress,90
PRJ-10727,Residential Building Project 727,Residential Building,Jazan,Al Bawani,Aramco,149451983.48,180670784.84,31218801.36,20.89,2023-01-08,2023-06-19,2023-07-02,13,Cancelled,176
PRJ-10728,School Project 728,School,Medina,Al Fouzan,Ministry of Transport,108449605.26,143634503.63,35184898.37,32.44,2018-08-14,2021-01-17,2021-03-23,65,On Hold,455
PRJ-10729,Bridge Project 729,Bridge,Abha,Al Rashid Trading,Aramco,59033091.88,83029720.06,23996628.18,40.65,2021-04-13,2022-11-06,2022-11-21,15,In Progress,120
PRJ-10730,Metro Rail Project 730,Metro Rail,Jazan,Nesma & Partners,Ministry of Health,981130.41,1112988.85,131858.44,13.44,2018-10-07,2020-01-22,2020-02-19,28,Delayed,148
PRJ-10731,Bridge Project 731,Bridge,Tabuk,Nesma & Partners,Ministry of Housing,119232501.03,157453887.8,38221386.77,32.06,2021-03-10,2023-05-17,2023-05-19,2,On Hold,244
PRJ-10732,School Project 732,School,Dammam,Al Fouzan,Ministry of Transport,72405447.04,65301232.78,-7104214.26,-9.81,2019-08-28,2022-05-21,2022-06-20,30,Cancelled,473
PRJ-10733,Highway Project 733,Highway,Neom,Al Bawani,Ministry of Transport,87207576.22,93176531.6,5968955.38,6.84,2020-04-23,2020-10-18,2020-10-18,0,In Progress,312
PRJ-10734,Dam Project 734,Dam,Jazan,SADEEM Construction,Ministry of Housing,84318684.12,91152401.49,6833717.37,8.1,2020-05-26,2022-09-10,2022-09-10,0,Delayed,232
PRJ-10735,Metro Rail Project 735,Metro Rail,Medina,AECOM Arabia,NEOM Co.,101631956.62,116012543.09,14380586.47,14.15,2021-03-20,2024-01-09,2024-01-09,0,Completed,30
PRJ-10736,Dam Project 736,Dam,Qassim,Saudi Binladin Group,Ministry of Health,40838197.66,50990759.24,10152561.58,24.86,2020-03-18,2021-12-11,2022-02-01,52,Completed,241
PRJ-10737,Dam Project 737,Dam,Medina,El Seif Engineering,Ministry of Housing,12020212.73,13431273.38,1411060.65,11.74,2022-02-07,2024-04-16,2024-04-17,1,Delayed,161
PRJ-10738,Bridge Project 738,Bridge,Jeddah,Saudi Binladin Group,Ministry of Education,117842098.08,174511416.98,56669318.9,48.09,2019-09-17,2021-10-31,2021-12-06,36,Cancelled,392
PRJ-10739,Metro Rail Project 739,Metro Rail,Riyadh,SSEM,Ministry of Education,77831723.94,80326985.61,2495261.67,3.21,2018-10-11,2021-03-09,2021-03-09,0,Delayed,330
PRJ-10740,Dam Project 740,Dam,Riyadh,El Seif Engineering,Ministry of Health,22544152.74,26990208.94,4446056.2,19.72,2021-11-15,2024-08-15,2025-02-11,180,Delayed,367
PRJ-10741,Metro Rail Project 741,Metro Rail,Qassim,AECOM Arabia,Ministry of Transport,13745764.24,18262350.69,4516586.45,32.86,2021-11-03,2024-04-17,2024-04-24,7,Completed,273
PRJ-10742,Hospital Project 742,Hospital,Riyadh,El Seif Engineering,Ministry of Health,110481635.58,176382899.87,65901264.29,59.65,2020-08-11,2021-11-18,2022-05-29,192,In Progress,341
PRJ-10743,Airport Terminal Project 743,Airport Terminal,Jeddah,Al Bawani,Ministry of Transport,96563497.33,131224181.74,34660684.41,35.89,2019-11-17,2020-07-05,2020-07-21,16,On Hold,387
PRJ-10744,Metro Rail Project 744,Metro Rail,Medina,Al Rashid Trading,Royal Commission,117954916.9,138941917.13,20987000.23,17.79,2023-01-13,2024-04-08,2024-04-11,3,Delayed,37
PRJ-10745,Commercial Complex Project 745,Commercial Complex,Tabuk,Al Fouzan,Ministry of Education,126050441.7,164810677.35,38760235.65,30.75,2020-10-23,2022-06-02,2022-06-16,14,Cancelled,357
PRJ-10746,Airport Terminal Project 746,Airport Terminal,Mecca,SSEM,Royal Commission,88371519.45,84425101.54,-3946417.91,-4.47,2021-10-10,2024-04-06,2024-04-06,0,Completed,106
PRJ-10747,Dam Project 747,Dam,Jeddah,El Seif Engineering,Ministry of Health,54654198.53,47601476.84,-7052721.69,-12.9,2019-01-02,2021-10-07,2021-10-19,12,Completed,94
PRJ-10748,Industrial Plant Project 748,Industrial Plant,Jeddah,Nesma & Partners,Ministry of Education,4116668.7,4398482.04,281813.34,6.85,2022-11-27,2023-07-29,2023-09-20,53,Completed,160
PRJ-10749,School Project 749,School,Qassim,Nesma & Partners,Ministry of Education,77952775.55,124922705.66,46969930.11,60.25,2020-05-10,2021-07-29,2021-08-08,10,Delayed,106
PRJ-10750,Commercial Complex Project 750,Commercial Complex,Riyadh,Al Rashid Trading,Royal Commission,39264865.45,60789244.32,21524378.87,54.82,2021-03-31,2022-08-24,2022-09-09,16,Delayed,258
PRJ-10751,Metro Rail Project 751,Metro Rail,Qassim,Al Bawani,Ministry of Education,126369068.24,188557137.75,62188069.51,49.21,2019-09-15,2021-03-26,2021-04-01,6,Delayed,97
PRJ-10752,Industrial Plant Project 752,Industrial Plant,Medina,SSEM,Royal Commission,68998939.57,85308570.65,16309631.08,23.64,2019-08-14,2022-08-02,2022-12-30,150,Delayed,243
PRJ-10753,Highway Project 753,Highway,Neom,Nesma & Partners,Private Developer,20455255.88,29299115.33,8843859.45,43.24,2023-06-17,2024-03-19,2024-03-21,2,In Progress,92
PRJ-10754,Bridge Project 754,Bridge,Jeddah,Saudi Binladin Group,Royal Commission,74720942.28,107120434.73,32399492.45,43.36,2018-09-17,2020-07-26,2020-08-12,17,In Progress,297
PRJ-10755,Residential Building Project 755,Residential Building,Tabuk,Al Fouzan,NEOM Co.,114944178.4,153816014.4,38871836.0,33.82,2020-07-07,2021-10-21,2021-10-26,5,Delayed,72
PRJ-10756,Residential Building Project 756,Residential Building,Abha,SSEM,NEOM Co.,20735435.3,23335918.61,2600483.31,12.54,2020-07-27,2023-06-22,2023-06-22,0,Cancelled,269
PRJ-10757,Hospital Project 757,Hospital,Mecca,SSEM,Private Developer,98714795.86,117172921.39,18458125.53,18.7,2023-04-18,2026-04-04,2026-04-04,0,In Progress,419
PRJ-10758,Metro Rail Project 758,Metro Rail,Jazan,Al Fouzan,Aramco,10809223.45,9913316.27,-895907.18,-8.29,2020-09-07,2022-12-25,2022-12-25,0,Cancelled,69
PRJ-10759,Industrial Plant Project 759,Industrial Plant,Riyadh,Al Arrab,Ministry of Transport,42686967.67,44718143.33,2031175.66,4.76,2020-01-02,2021-07-01,2022-02-19,233,In Progress,308
PRJ-10760,Airport Terminal Project 760,Airport Terminal,Medina,SADEEM Construction,Ministry of Transport,135985059.79,145172180.64,9187120.85,6.76,2018-06-21,2018-10-12,2018-10-20,8,Completed,272
PRJ-10761,School Project 761,School,Medina,SSEM,Royal Commission,114030040.23,167780203.04,53750162.81,47.14,2021-05-24,2023-05-01,2024-01-03,247,Delayed,213
PRJ-10762,Highway Project 762,Highway,Abha,Al Fouzan,Ministry of Health,10272240.56,9007634.07,-1264606.49,-12.31,2018-01-25,2019-05-11,2019-05-31,20,On Hold,457
PRJ-10763,Airport Terminal Project 763,Airport Terminal,Jeddah,Al Rashid Trading,Ministry of Education,9866653.92,11563039.92,1696386.0,17.19,2020-05-01,2022-08-28,2022-08-28,0,On Hold,383
PRJ-10764,School Project 764,School,Dammam,AECOM Arabia,Aramco,21317182.98,25130325.68,3813142.7,17.89,2019-03-02,2019-10-25,2019-11-16,22,Cancelled,181
PRJ-10765,Commercial Complex Project 765,Commercial Complex,Neom,Al Arrab,Aramco,52427827.28,45478975.81,-6948851.47,-13.25,2020-04-18,2020-07-23,2020-09-30,69,In Progress,294
PRJ-10766,Dam Project 766,Dam,Neom,Nesma & Partners,Ministry of Transport,99736558.08,129471471.62,29734913.54,29.81,2022-09-01,2023-06-08,2023-09-15,99,Completed,431
PRJ-10767,Industrial Plant Project 767,Industrial Plant,Neom,SADEEM Construction,Ministry of Education,140554958.07,166562496.28,26007538.21,18.5,2022-02-24,2023-12-18,2024-02-17,61,In Progress,144
PRJ-10768,Industrial Plant Project 768,Industrial Plant,Jazan,El Seif Engineering,Private Developer,39393589.75,64410003.29,25016413.54,63.5,2019-01-03,2020-06-03,2020-07-12,39,In Progress,24
PRJ-10769,Commercial Complex Project 769,Commercial Complex,Mecca,SSEM,Aramco,38851244.34,39180629.32,329384.98,0.85,2022-03-07,2024-02-08,2024-03-10,31,On Hold,454
PRJ-10770,Industrial Plant Project 770,Industrial Plant,Jazan,El Seif Engineering,Royal Commission,85016873.06,138373825.08,53356952.02,62.76,2022-02-10,2023-10-17,2023-11-04,18,In Progress,307
PRJ-10771,Residential Building Project 771,Residential Building,Dammam,Al Fouzan,Ministry of Education,91474827.27,86103116.95,-5371710.32,-5.87,2021-11-20,2024-08-05,2024-08-17,12,Delayed,194
PRJ-10772,School Project 772,School,Tabuk,Saudi Binladin Group,Private Developer,23111400.9,24284843.66,1173442.76,5.08,2020-12-20,2022-01-12,2022-05-08,116,In Progress,401
PRJ-10773,Commercial Complex Project 773,Commercial Complex,Neom,Nesma & Partners,Royal Commission,127667100.65,136395296.44,8728195.79,6.84,2019-10-10,2022-06-19,2022-06-19,0,Delayed,148
PRJ-10774,Hospital Project 774,Hospital,Jeddah,Al Bawani,Royal Commission,78746941.25,121121595.98,42374654.73,53.81,2018-10-22,2021-05-12,2021-05-15,3,Delayed,408
PRJ-10775,Dam Project 775,Dam,Abha,Al Fouzan,NEOM Co.,108560738.33,153751108.2,45190369.87,41.63,2019-03-23,2019-10-03,2019-10-05,2,In Progress,417
PRJ-10776,Airport Terminal Project 776,Airport Terminal,Neom,Al Bawani,Aramco,81758963.49,75587601.01,-6171362.48,-7.55,2020-08-01,2021-12-31,2021-12-31,0,In Progress,482
PRJ-10777,Residential Building Project 777,Residential Building,Jazan,Al Fouzan,Private Developer,69015945.91,67816423.38,-1199522.53,-1.74,2020-01-13,2022-03-20,2022-04-08,19,Cancelled,277
PRJ-10778,Hospital Project 778,Hospital,Dammam,SADEEM Construction,Ministry of Housing,141881872.98,196537305.86,54655432.88,38.52,2022-07-27,2024-11-25,2025-01-20,56,In Progress,362
PRJ-10779,Bridge Project 779,Bridge,Mecca,Nesma & Partners,Ministry of Transport,69613186.37,95424278.25,25811091.88,37.08,2018-06-10,2019-01-19,2019-02-03,15,Completed,49
PRJ-10780,Residential Building Project 780,Residential Building,Jazan,Al Arrab,Ministry of Housing,82042064.48,103373175.09,21331110.61,26.0,2018-08-09,2019-05-27,2019-05-28,1,Cancelled,40
PRJ-10781,Dam Project 781,Dam,Jeddah,SADEEM Construction,Ministry of Housing,121057340.78,125629914.21,4572573.43,3.78,2019-09-10,2020-02-14,2020-02-14,0,Completed,481
PRJ-10782,Metro Rail Project 782,Metro Rail,Medina,AECOM Arabia,Ministry of Transport,8267508.34,8359203.49,91695.15,1.11,2021-10-05,2022-07-11,2022-08-26,46,Delayed,495
PRJ-10783,Metro Rail Project 783,Metro Rail,Tabuk,Al Fouzan,NEOM Co.,39163814.82,37182592.08,-1981222.74,-5.06,2020-10-22,2023-06-14,2023-06-14,0,Cancelled,301
PRJ-10784,Commercial Complex Project 784,Commercial Complex,Jeddah,AECOM Arabia,Ministry of Housing,49867152.2,56201549.73,6334397.53,12.7,2019-03-21,2020-12-11,2020-12-11,0,In Progress,471
PRJ-10785,Airport Terminal Project 785,Airport Terminal,Riyadh,El Seif Engineering,Ministry of Transport,78148186.0,75136697.38,-3011488.62,-3.85,2020-10-29,2023-08-27,2023-08-27,0,Cancelled,104
PRJ-10786,Dam Project 786,Dam,Jeddah,Nesma & Partners,Royal Commission,131735596.68,203724191.8,71988595.12,54.65,2020-02-17,2023-02-15,2023-04-19,63,On Hold,67
PRJ-10787,Hospital Project 787,Hospital,Jeddah,SSEM,Aramco,36200033.6,59295355.48,23095321.88,63.8,2018-10-06,2020-06-19,2020-07-07,18,Delayed,295
PRJ-10788,Residential Building Project 788,Residential Building,Jeddah,Al Fouzan,Ministry of Education,115915865.21,106591752.67,-9324112.54,-8.04,2020-02-28,2020-09-23,2020-09-23,0,Delayed,361
PRJ-10789,Dam Project 789,Dam,Medina,Al Bawani,Ministry of Health,69857740.83,89485072.17,19627331.34,28.1,2022-10-18,2023-11-09,2024-01-19,71,On Hold,490
PRJ-10790,Hospital Project 790,Hospital,Dammam,Saudi Binladin Group,Ministry of Education,74922969.95,103050857.3,28127887.35,37.54,2018-08-04,2020-09-20,2020-09-23,3,Completed,71
PRJ-10791,Highway Project 791,Highway,Abha,Al Arrab,Aramco,123404422.51,125147633.66,1743211.15,1.41,2023-03-10,2025-07-06,2025-07-06,0,Delayed,111
PRJ-10792,Hospital Project 792,Hospital,Medina,AECOM Arabia,Ministry of Health,116453971.71,138503715.63,22049743.92,18.93,2019-04-22,2019-11-23,2019-11-23,0,Delayed,401
PRJ-10793,Metro Rail Project 793,Metro Rail,Neom,SADEEM Construction,Ministry of Health,30963085.64,32727947.13,1764861.49,5.7,2020-09-01,2021-11-29,2021-11-29,0,On Hold,271
PRJ-10794,Industrial Plant Project 794,Industrial Plant,Dammam,SSEM,Aramco,43427124.73,56979631.34,13552506.61,31.21,2019-05-29,2019-12-30,2020-02-15,47,In Progress,25
PRJ-10795,Commercial Complex Project 795,Commercial Complex,Riyadh,El Seif Engineering,Ministry of Education,95370071.42,108662203.39,13292131.97,13.94,2018-02-24,2020-04-18,2020-04-18,0,Delayed,88
PRJ-10796,Industrial Plant Project 796,Industrial Plant,Neom,AECOM Arabia,Aramco,59697585.66,70116427.42,10418841.76,17.45,2018-06-06,2020-10-21,2020-10-21,0,On Hold,415
PRJ-10797,Dam Project 797,Dam,Medina,SADEEM Construction,Ministry of Education,80187815.65,112801747.46,32613931.81,40.67,2020-10-30,2022-06-14,2022-06-19,5,Cancelled,289
PRJ-10798,Residential Building Project 798,Residential Building,Riyadh,Al Arrab,Aramco,119092571.89,182895631.94,63803060.05,53.57,2020-07-10,2021-11-04,2021-11-15,11,On Hold,28
PRJ-10799,Residential Building Project 799,Residential Building,Dammam,Al Bawani,Private Developer,135968416.59,222555439.96,86587023.37,63.68,2021-12-17,2024-09-07,2024-09-16,9,Delayed,376
PRJ-10800,School Project 800,School,Jazan,El Seif Engineering,Ministry of Education,21536373.44,20687941.56,-848431.88,-3.94,2021-02-08,2023-03-15,2023-03-15,0,On Hold,297
PRJ-10801,Highway Project 801,Highway,Qassim,Saudi Binladin Group,Ministry of Health,28041613.47,38513306.53,10471693.06,37.34,2020-10-10,2021-10-04,2021-12-10,67,Delayed,402
PRJ-10802,Industrial Plant Project 802,Industrial Plant,Tabuk,Saudi Binladin Group,Ministry of Housing,23239590.34,31193071.02,7953480.68,34.22,2018-04-03,2020-02-26,2020-03-14,17,Cancelled,23
PRJ-10803,Hospital Project 803,Hospital,Abha,El Seif Engineering,Ministry of Health,12977880.71,19374455.26,6396574.55,49.29,2020-01-02,2021-03-20,2021-09-22,186,In Progress,130
PRJ-10804,Industrial Plant Project 804,Industrial Plant,Neom,El Seif Engineering,Aramco,76028412.65,90033514.05,14005101.4,18.42,2019-09-17,2022-05-23,2022-09-02,102,Cancelled,176
PRJ-10805,Residential Building Project 805,Residential Building,Jazan,Al Arrab,Ministry of Health,147624492.7,162442448.73,14817956.03,10.04,2018-02-11,2019-02-09,2019-02-09,0,Delayed,203
PRJ-10806,Metro Rail Project 806,Metro Rail,Abha,Al Fouzan,Aramco,95383355.35,148372835.06,52989479.71,55.55,2020-09-27,2023-04-02,2023-04-07,5,Delayed,264
PRJ-10807,Airport Terminal Project 807,Airport Terminal,Tabuk,Nesma & Partners,Private Developer,64409708.34,55397889.44,-9011818.9,-13.99,2023-06-09,2024-09-13,2024-09-18,5,Completed,440
PRJ-10808,Airport Terminal Project 808,Airport Terminal,Medina,SADEEM Construction,Private Developer,84183474.7,89084627.05,4901152.35,5.82,2019-09-01,2020-01-17,2020-01-17,0,In Progress,329
PRJ-10809,Commercial Complex Project 809,Commercial Complex,Neom,El Seif Engineering,Royal Commission,108043366.54,98700345.34,-9343021.2,-8.65,2018-05-18,2019-05-22,2019-07-27,66,On Hold,117
PRJ-10810,Hospital Project 810,Hospital,Jeddah,SADEEM Construction,Private Developer,109858725.31,168802506.23,58943780.92,53.65,2021-09-20,2023-03-07,2023-03-13,6,On Hold,138
PRJ-10811,Metro Rail Project 811,Metro Rail,Qassim,SSEM,NEOM Co.,122949995.32,174366975.04,51416979.72,41.82,2018-02-08,2020-10-27,2020-11-19,23,In Progress,305
PRJ-10812,Dam Project 812,Dam,Medina,SSEM,Private Developer,47495341.92,71590180.94,24094839.02,50.73,2021-07-30,2024-06-13,2024-07-02,19,On Hold,488
PRJ-10813,Metro Rail Project 813,Metro Rail,Riyadh,Al Bawani,Ministry of Transport,69160146.98,86129969.33,16969822.35,24.54,2020-08-05,2021-11-11,2021-11-24,13,Delayed,442
PRJ-10814,School Project 814,School,Abha,Al Fouzan,Aramco,124323263.24,124393184.41,69921.17,0.06,2019-02-21,2021-03-01,2021-03-01,0,Delayed,340
PRJ-10815,Highway Project 815,Highway,Mecca,AECOM Arabia,Ministry of Transport,26477358.17,40001531.23,13524173.06,51.08,2019-05-04,2020-09-20,2020-10-27,37,In Progress,418
PRJ-10816,Industrial Plant Project 816,Industrial Plant,Jazan,SSEM,Ministry of Health,15545303.04,15109447.47,-435855.57,-2.8,2021-08-17,2023-01-21,2023-01-21,0,Delayed,79
PRJ-10817,Residential Building Project 817,Residential Building,Mecca,SADEEM Construction,NEOM Co.,21724812.47,26293123.05,4568310.58,21.03,2022-10-12,2024-10-30,2024-11-11,12,Completed,38
PRJ-10818,Commercial Complex Project 818,Commercial Complex,Tabuk,AECOM Arabia,Private Developer,112449537.38,123170957.05,10721419.67,9.53,2018-05-11,2021-01-12,2021-01-12,0,Delayed,353
PRJ-10819,Commercial Complex Project 819,Commercial Complex,Abha,Nesma & Partners,Ministry of Transport,93328820.84,93861960.23,533139.39,0.57,2021-03-15,2021-10-05,2021-10-05,0,Cancelled,350
PRJ-10820,Metro Rail Project 820,Metro Rail,Qassim,SADEEM Construction,Ministry of Education,126296409.19,206277898.12,79981488.93,63.33,2018-07-04,2021-03-25,2021-04-13,19,Delayed,178
PRJ-10821,Metro Rail Project 821,Metro Rail,Abha,Al Rashid Trading,Ministry of Health,95304249.68,132562688.39,37258438.71,39.09,2018-10-23,2019-09-01,2019-09-05,4,Delayed,235
PRJ-10822,School Project 822,School,Mecca,AECOM Arabia,Ministry of Housing,49103050.31,44473267.0,-4629783.31,-9.43,2020-12-28,2022-08-12,2022-09-15,34,Delayed,289
PRJ-10823,School Project 823,School,Jazan,Al Rashid Trading,Private Developer,26644774.86,30820575.35,4175800.49,15.67,2022-05-26,2025-02-09,2025-02-09,0,Delayed,430
PRJ-10824,Industrial Plant Project 824,Industrial Plant,Riyadh,AECOM Arabia,Ministry of Housing,34463343.78,39671180.22,5207836.44,15.11,2022-02-23,2024-10-01,2024-10-01,0,In Progress,139
PRJ-10825,Airport Terminal Project 825,Airport Terminal,Abha,SADEEM Construction,Royal Commission,42251775.22,46175468.29,3923693.07,9.29,2022-07-22,2025-05-01,2025-05-01,0,In Progress,449
PRJ-10826,Dam Project 826,Dam,Abha,Saudi Binladin Group,Ministry of Health,104275510.74,114103325.53,9827814.79,9.42,2023-02-23,2025-12-28,2026-01-18,21,In Progress,162
PRJ-10827,Bridge Project 827,Bridge,Dammam,SSEM,Royal Commission,32290334.27,29382809.45,-2907524.82,-9.0,2022-07-22,2025-04-07,2025-04-07,0,Completed,150
PRJ-10828,Commercial Complex Project 828,Commercial Complex,Jazan,SSEM,Ministry of Health,45939986.99,73533557.86,27593570.87,60.06,2022-09-19,2025-07-23,2025-08-23,31,Completed,432
PRJ-10829,Highway Project 829,Highway,Mecca,Al Bawani,Aramco,130745070.1,193601792.12,62856722.02,48.08,2020-05-11,2021-08-04,2021-09-16,43,Delayed,242
PRJ-10830,Residential Building Project 830,Residential Building,Riyadh,Nesma & Partners,Ministry of Education,99915243.07,157442046.21,57526803.14,57.58,2021-08-05,2024-01-22,2024-01-31,9,Delayed,170
PRJ-10831,Metro Rail Project 831,Metro Rail,Jeddah,El Seif Engineering,NEOM Co.,100774480.63,107640466.62,6865985.99,6.81,2020-11-23,2021-11-03,2021-11-03,0,In Progress,443
PRJ-10832,Metro Rail Project 832,Metro Rail,Abha,Al Fouzan,Ministry of Education,17092925.65,17676079.24,583153.59,3.41,2022-11-24,2024-06-25,2024-06-25,0,Cancelled,433
PRJ-10833,Hospital Project 833,Hospital,Mecca,Al Rashid Trading,Aramco,69323561.54,89241508.54,19917947.0,28.73,2020-01-23,2021-06-20,2021-08-18,59,Cancelled,124
PRJ-10834,Residential Building Project 834,Residential Building,Riyadh,Al Bawani,Ministry of Transport,57369882.07,68444569.76,11074687.69,19.3,2018-07-02,2021-04-15,2021-04-15,0,In Progress,35
PRJ-10835,School Project 835,School,Neom,Al Arrab,Private Developer,17052728.7,17509136.94,456408.24,2.68,2018-07-02,2019-03-01,2019-03-01,0,Cancelled,70
PRJ-10836,Residential Building Project 836,Residential Building,Qassim,Al Arrab,Ministry of Education,6782688.94,10746907.74,3964218.8,58.45,2021-10-11,2024-05-05,2024-06-14,40,In Progress,107
PRJ-10837,Industrial Plant Project 837,Industrial Plant,Mecca,SSEM,Ministry of Health,42365580.77,49038265.78,6672685.01,15.75,2020-06-02,2021-01-11,2021-01-11,0,Delayed,382
PRJ-10838,Bridge Project 838,Bridge,Abha,Nesma & Partners,Ministry of Health,44186625.45,64210657.42,20024031.97,45.32,2018-10-26,2021-04-14,2021-06-25,72,In Progress,326
PRJ-10839,Dam Project 839,Dam,Medina,Al Fouzan,Ministry of Education,120833563.14,143652148.65,22818585.51,18.88,2018-01-22,2018-07-18,2018-07-18,0,On Hold,361
PRJ-10840,Bridge Project 840,Bridge,Abha,Al Arrab,Private Developer,109137313.31,165181040.63,56043727.32,51.35,2018-07-15,2018-12-26,2019-10-30,308,In Progress,251
PRJ-10841,Hospital Project 841,Hospital,Neom,AECOM Arabia,Ministry of Housing,42587419.16,40034912.91,-2552506.25,-5.99,2019-06-04,2019-09-07,2019-11-07,61,On Hold,353
PRJ-10842,Hospital Project 842,Hospital,Dammam,Al Bawani,Ministry of Housing,105701053.63,98008931.75,-7692121.88,-7.28,2019-01-03,2020-11-17,2020-12-10,23,Delayed,459
PRJ-10843,Dam Project 843,Dam,Dammam,El Seif Engineering,Royal Commission,36663127.32,38152764.47,1489637.15,4.06,2020-12-22,2023-03-19,2023-03-19,0,Delayed,32
PRJ-10844,Highway Project 844,Highway,Jazan,SADEEM Construction,Royal Commission,45539156.48,49537050.24,3997893.76,8.78,2020-05-30,2023-04-03,2023-04-30,27,Cancelled,434
PRJ-10845,Industrial Plant Project 845,Industrial Plant,Qassim,Al Fouzan,Ministry of Health,45337907.17,40283377.44,-5054529.73,-11.15,2018-12-04,2021-09-03,2021-10-13,40,In Progress,294
PRJ-10846,Dam Project 846,Dam,Riyadh,Al Rashid Trading,NEOM Co.,135482801.78,187541221.13,52058419.35,38.42,2019-04-16,2019-09-08,2019-11-04,57,In Progress,371
PRJ-10847,Dam Project 847,Dam,Abha,El Seif Engineering,Ministry of Education,89186624.73,89031809.56,-154815.17,-0.17,2020-06-23,2020-11-01,2021-01-06,66,On Hold,244
PRJ-10848,Dam Project 848,Dam,Jeddah,Nesma & Partners,Aramco,12305889.75,18282400.44,5976510.69,48.57,2018-07-11,2019-10-01,2019-10-09,8,In Progress,393
PRJ-10849,Airport Terminal Project 849,Airport Terminal,Mecca,AECOM Arabia,Ministry of Transport,5683204.88,9356544.43,3673339.55,64.64,2023-06-13,2025-04-30,2025-05-26,26,In Progress,223
PRJ-10850,Commercial Complex Project 850,Commercial Complex,Medina,SSEM,Aramco,128426566.03,115701127.88,-12725438.15,-9.91,2019-11-05,2022-07-30,2022-08-21,22,Completed,211
PRJ-10851,Hospital Project 851,Hospital,Neom,El Seif Engineering,Royal Commission,124790340.4,117545811.6,-7244528.8,-5.81,2018-03-01,2018-11-03,2018-11-30,27,On Hold,242
PRJ-10852,Industrial Plant Project 852,Industrial Plant,Neom,Saudi Binladin Group,Royal Commission,14531664.08,17044015.09,2512351.01,17.29,2018-03-31,2021-03-18,2021-03-18,0,Delayed,495
PRJ-10853,Metro Rail Project 853,Metro Rail,Dammam,Al Rashid Trading,Ministry of Housing,100545439.31,156165479.15,55620039.84,55.32,2021-08-11,2024-02-07,2024-03-31,53,Completed,290
PRJ-10854,Metro Rail Project 854,Metro Rail,Abha,El Seif Engineering,Ministry of Health,85979966.63,102689479.14,16709512.51,19.43,2018-12-31,2019-12-17,2020-01-07,21,On Hold,55
PRJ-10855,Residential Building Project 855,Residential Building,Medina,Nesma & Partners,Ministry of Health,47883514.87,70345850.04,22462335.17,46.91,2020-04-04,2022-09-09,2022-09-26,17,In Progress,71
PRJ-10856,Industrial Plant Project 856,Industrial Plant,Jazan,Al Arrab,Private Developer,90487552.94,109010718.02,18523165.08,20.47,2021-11-03,2024-08-14,2024-10-19,66,Completed,436
PRJ-10857,Hospital Project 857,Hospital,Qassim,Al Rashid Trading,Ministry of Education,91259892.02,120769483.53,29509591.51,32.34,2022-12-19,2024-06-17,2024-07-16,29,Cancelled,226
PRJ-10858,Commercial Complex Project 858,Commercial Complex,Abha,Al Fouzan,NEOM Co.,105543749.08,132973621.9,27429872.82,25.99,2021-07-15,2022-12-31,2023-06-04,155,On Hold,356
PRJ-10859,Bridge Project 859,Bridge,Dammam,SSEM,Aramco,16081608.02,19943343.33,3861735.31,24.01,2020-08-16,2021-09-07,2021-09-21,14,On Hold,163
PRJ-10860,Highway Project 860,Highway,Dammam,SADEEM Construction,Ministry of Transport,98007526.8,130401058.18,32393531.38,33.05,2020-05-25,2022-02-09,2022-07-28,169,Completed,272
PRJ-10861,Commercial Complex Project 861,Commercial Complex,Qassim,Al Arrab,Ministry of Health,111667290.47,117460569.16,5793278.69,5.19,2020-08-09,2021-02-11,2021-02-11,0,Delayed,191
PRJ-10862,Industrial Plant Project 862,Industrial Plant,Neom,El Seif Engineering,Ministry of Housing,95298552.69,87796618.68,-7501934.01,-7.87,2022-02-25,2022-09-19,2022-09-19,0,In Progress,441
PRJ-10863,School Project 863,School,Riyadh,El Seif Engineering,Ministry of Health,38531541.34,47316527.93,8784986.59,22.8,2021-12-13,2024-08-26,2024-09-08,13,On Hold,397
PRJ-10864,Dam Project 864,Dam,Neom,SADEEM Construction,Royal Commission,7324487.45,6899720.13,-424767.32,-5.8,2023-02-24,2026-02-07,2026-02-07,0,In Progress,50
PRJ-10865,Metro Rail Project 865,Metro Rail,Mecca,El Seif Engineering,Ministry of Health,41883739.01,46703619.41,4819880.4,11.51,2018-02-06,2019-11-05,2020-02-19,106,In Progress,345
PRJ-10866,Dam Project 866,Dam,Jazan,Al Arrab,Ministry of Education,72565138.19,69577581.66,-2987556.53,-4.12,2021-06-20,2022-07-25,2022-07-25,0,On Hold,421
PRJ-10867,Industrial Plant Project 867,Industrial Plant,Jeddah,Nesma & Partners,NEOM Co.,91811620.63,93243336.8,1431716.17,1.56,2019-01-26,2019-05-10,2019-09-04,117,Completed,117
PRJ-10868,Dam Project 868,Dam,Dammam,Al Rashid Trading,Ministry of Health,77727607.95,70083232.93,-7644375.02,-9.83,2021-07-06,2024-02-13,2024-02-13,0,Completed,164
PRJ-10869,Dam Project 869,Dam,Dammam,SSEM,Ministry of Health,1645772.88,1447254.97,-198517.91,-12.06,2018-08-27,2018-12-17,2018-12-24,7,On Hold,258
PRJ-10870,Dam Project 870,Dam,Riyadh,SSEM,Ministry of Transport,16649850.24,24842717.8,8192867.56,49.21,2019-08-27,2020-06-18,2020-06-30,12,Completed,180
PRJ-10871,Residential Building Project 871,Residential Building,Jeddah,Al Arrab,Ministry of Health,86021272.18,90649243.96,4627971.78,5.38,2020-10-12,2023-05-28,2023-05-28,0,Cancelled,158
PRJ-10872,Residential Building Project 872,Residential Building,Jazan,Al Arrab,Ministry of Education,44376579.07,52343333.94,7966754.87,17.95,2021-04-25,2022-12-31,2022-12-31,0,On Hold,128
PRJ-10873,Residential Building Project 873,Residential Building,Qassim,Saudi Binladin Group,Ministry of Health,59853748.66,80422681.69,20568933.03,34.37,2019-10-09,2021-08-19,2021-08-21,2,On Hold,465
PRJ-10874,Dam Project 874,Dam,Jeddah,SSEM,Royal Commission,17518839.82,22002428.63,4483588.81,25.59,2021-11-29,2023-06-01,2023-06-13,12,In Progress,250
PRJ-10875,Hospital Project 875,Hospital,Jazan,Al Rashid Trading,Ministry of Transport,131196267.44,137502081.44,6305814.0,4.81,2023-02-05,2024-12-27,2024-12-27,0,On Hold,77
PRJ-10876,Industrial Plant Project 876,Industrial Plant,Abha,Al Arrab,Royal Commission,105487685.52,126357902.12,20870216.6,19.78,2020-08-25,2023-02-16,2023-02-16,0,Cancelled,116
PRJ-10877,Industrial Plant Project 877,Industrial Plant,Jeddah,SSEM,NEOM Co.,20157623.42,23496952.66,3339329.24,16.57,2019-02-13,2019-11-07,2019-11-16,9,On Hold,492
PRJ-10878,Dam Project 878,Dam,Mecca,Al Rashid Trading,Ministry of Transport,63563312.69,65044739.76,1481427.07,2.33,2018-04-07,2020-01-27,2020-01-27,0,Delayed,192
PRJ-10879,Highway Project 879,Highway,Dammam,Al Bawani,Ministry of Housing,136187844.88,181991108.95,45803264.07,33.63,2018-05-11,2020-11-12,2020-12-19,37,In Progress,71
PRJ-10880,Airport Terminal Project 880,Airport Terminal,Medina,SSEM,Private Developer,46751221.32,75458734.4,28707513.08,61.4,2022-05-27,2023-08-08,2024-07-09,336,Cancelled,146
PRJ-10881,Highway Project 881,Highway,Qassim,AECOM Arabia,Aramco,123269143.24,111000107.67,-12269035.57,-9.95,2018-04-14,2020-07-05,2020-07-05,0,On Hold,440
PRJ-10882,Commercial Complex Project 882,Commercial Complex,Jeddah,AECOM Arabia,Aramco,95642004.84,101006160.93,5364156.09,5.61,2021-02-25,2023-09-16,2023-09-17,1,Completed,455
PRJ-10883,Bridge Project 883,Bridge,Tabuk,Nesma & Partners,Private Developer,9398942.7,10161560.09,762617.39,8.11,2020-06-23,2022-09-16,2022-09-16,0,Completed,88
PRJ-10884,Hospital Project 884,Hospital,Tabuk,Nesma & Partners,Aramco,103145192.07,119346321.51,16201129.44,15.71,2019-02-18,2021-10-03,2021-10-06,3,Completed,135
PRJ-10885,Dam Project 885,Dam,Tabuk,SADEEM Construction,NEOM Co.,68707358.09,65053500.81,-3653857.28,-5.32,2019-06-29,2019-12-23,2020-01-05,13,Delayed,332
PRJ-10886,Bridge Project 886,Bridge,Dammam,Al Bawani,Ministry of Health,63132694.63,57249114.6,-5883580.03,-9.32,2019-04-13,2021-09-25,2021-11-05,41,On Hold,469
PRJ-10887,Dam Project 887,Dam,Qassim,Al Fouzan,Ministry of Housing,12486912.11,12567220.28,80308.17,0.64,2018-10-26,2020-04-21,2020-04-21,0,Cancelled,493
PRJ-10888,Commercial Complex Project 888,Commercial Complex,Jeddah,Al Fouzan,Royal Commission,141287993.89,196805128.16,55517134.27,39.29,2022-05-01,2023-09-14,2024-06-27,287,Completed,348
PRJ-10889,Highway Project 889,Highway,Neom,Saudi Binladin Group,Private Developer,54607038.63,58871752.09,4264713.46,7.81,2020-04-03,2021-09-04,2021-09-04,0,Delayed,379
PRJ-10890,Hospital Project 890,Hospital,Tabuk,Saudi Binladin Group,Private Developer,2014612.01,3184355.29,1169743.28,58.06,2020-12-16,2023-09-23,2023-10-23,30,On Hold,238
PRJ-10891,Bridge Project 891,Bridge,Qassim,AECOM Arabia,Ministry of Education,92079733.52,107006740.27,14927006.75,16.21,2019-12-09,2022-02-20,2022-02-20,0,On Hold,407
PRJ-10892,Bridge Project 892,Bridge,Mecca,El Seif Engineering,Ministry of Housing,108733971.79,170925741.99,62191770.2,57.2,2019-11-17,2021-08-18,2021-08-21,3,In Progress,276
PRJ-10893,Airport Terminal Project 893,Airport Terminal,Mecca,Al Rashid Trading,Aramco,10433354.73,10054725.15,-378629.58,-3.63,2021-02-04,2022-10-10,2022-11-01,22,In Progress,21
PRJ-10894,Residential Building Project 894,Residential Building,Qassim,AECOM Arabia,Private Developer,2250138.3,2310015.11,59876.81,2.66,2022-09-01,2023-08-04,2023-08-04,0,Cancelled,66
PRJ-10895,Residential Building Project 895,Residential Building,Tabuk,SADEEM Construction,Royal Commission,44608585.79,46651665.63,2043079.84,4.58,2018-04-08,2018-11-10,2018-11-10,0,On Hold,162
PRJ-10896,Metro Rail Project 896,Metro Rail,Riyadh,SSEM,Royal Commission,86791383.07,79251097.14,-7540285.93,-8.69,2022-07-08,2023-06-04,2023-06-04,0,Cancelled,442
PRJ-10897,Metro Rail Project 897,Metro Rail,Medina,Al Fouzan,Private Developer,18888992.62,20165750.99,1276758.37,6.76,2021-09-27,2022-10-13,2022-10-13,0,In Progress,375
PRJ-10898,School Project 898,School,Qassim,Al Rashid Trading,Aramco,51803519.3,71065793.81,19262274.51,37.18,2020-11-23,2022-01-22,2022-03-02,39,Delayed,242
PRJ-10899,Commercial Complex Project 899,Commercial Complex,Dammam,Al Arrab,Ministry of Health,126917852.27,151532917.6,24615065.33,19.39,2018-07-08,2018-12-28,2019-02-01,35,On Hold,119
PRJ-10900,Dam Project 900,Dam,Jeddah,Al Fouzan,Ministry of Health,101108510.05,110718954.72,9610444.67,9.51,2021-02-18,2023-01-11,2023-01-20,9,Delayed,309
PRJ-10901,Dam Project 901,Dam,Abha,SSEM,Ministry of Education,118453281.41,176341906.12,57888624.71,48.87,2023-06-17,2025-10-03,2025-10-20,17,Cancelled,75
PRJ-10902,Dam Project 902,Dam,Jazan,Nesma & Partners,Aramco,123452144.86,195462791.87,72010647.01,58.33,2019-03-12,2021-05-21,2021-10-26,158,Cancelled,199
PRJ-10903,Commercial Complex Project 903,Commercial Complex,Neom,Al Arrab,Aramco,64932290.47,85435245.4,20502954.93,31.58,2020-01-27,2020-08-27,2020-12-15,110,Completed,200
PRJ-10904,Industrial Plant Project 904,Industrial Plant,Tabuk,SADEEM Construction,Private Developer,55990277.3,60487542.35,4497265.05,8.03,2018-02-27,2019-10-07,2019-10-07,0,Cancelled,225
PRJ-10905,Residential Building Project 905,Residential Building,Mecca,SADEEM Construction,Ministry of Transport,105985086.47,148455855.83,42470769.36,40.07,2022-08-05,2023-05-09,2023-11-25,200,Delayed,44
PRJ-10906,Residential Building Project 906,Residential Building,Abha,SSEM,Private Developer,56495656.61,53674153.95,-2821502.66,-4.99,2020-07-15,2022-05-15,2022-05-15,0,On Hold,437
PRJ-10907,Metro Rail Project 907,Metro Rail,Dammam,Nesma & Partners,Ministry of Education,64864136.1,61152496.28,-3711639.82,-5.72,2020-07-10,2022-11-26,2022-11-26,0,Delayed,55
PRJ-10908,Metro Rail Project 908,Metro Rail,Neom,Al Arrab,Ministry of Health,133569506.76,130038970.55,-3530536.21,-2.64,2023-01-18,2023-12-12,2023-12-24,12,On Hold,386
PRJ-10909,Industrial Plant Project 909,Industrial Plant,Jeddah,Nesma & Partners,Ministry of Housing,4304440.11,4707967.23,403527.12,9.37,2021-07-14,2023-05-20,2023-05-20,0,Cancelled,340
PRJ-10910,Commercial Complex Project 910,Commercial Complex,Qassim,El Seif Engineering,Ministry of Transport,95716896.46,86850593.54,-8866302.92,-9.26,2021-06-21,2024-05-24,2024-06-05,12,Cancelled,277
PRJ-10911,Bridge Project 911,Bridge,Jazan,Al Bawani,Ministry of Housing,61739519.79,61329893.42,-409626.37,-0.66,2021-09-10,2022-04-11,2022-04-11,0,Completed,150
PRJ-10912,Bridge Project 912,Bridge,Medina,AECOM Arabia,Ministry of Education,101729535.64,116142065.83,14412530.19,14.17,2022-07-11,2023-01-03,2023-01-30,27,Cancelled,33
PRJ-10913,Dam Project 913,Dam,Riyadh,Al Fouzan,Ministry of Health,33074936.86,40126556.3,7051619.44,21.32,2020-04-29,2021-01-28,2021-06-09,132,On Hold,141
PRJ-10914,Commercial Complex Project 914,Commercial Complex,Jeddah,El Seif Engineering,NEOM Co.,103396998.25,128054262.37,24657264.12,23.85,2018-10-22,2019-11-08,2019-11-12,4,In Progress,167
PRJ-10915,School Project 915,School,Dammam,Saudi Binladin Group,Royal Commission,4616739.62,4855132.06,238392.44,5.16,2018-02-25,2018-11-27,2018-11-27,0,Completed,173
PRJ-10916,Highway Project 916,Highway,Abha,Al Fouzan,Private Developer,144620602.36,146827804.0,2207201.64,1.53,2023-04-13,2024-07-30,2024-07-30,0,In Progress,132
PRJ-10917,Metro Rail Project 917,Metro Rail,Neom,Al Rashid Trading,Ministry of Education,6329903.88,6433689.16,103785.28,1.64,2022-03-21,2023-11-21,2023-11-21,0,Delayed,41
PRJ-10918,Hospital Project 918,Hospital,Jazan,Al Bawani,Ministry of Health,24423728.0,27522221.89,3098493.89,12.69,2020-09-18,2021-02-22,2021-02-22,0,Completed,147
PRJ-10919,Airport Terminal Project 919,Airport Terminal,Neom,El Seif Engineering,Ministry of Transport,69049189.83,68135906.0,-913283.83,-1.32,2021-02-10,2023-07-01,2023-07-01,0,Cancelled,218
PRJ-10920,Dam Project 920,Dam,Jeddah,Al Bawani,Ministry of Transport,135062435.86,218090050.9,83027615.04,61.47,2023-06-06,2025-11-13,2025-11-16,3,In Progress,410
PRJ-10921,Bridge Project 921,Bridge,Qassim,Al Arrab,Ministry of Education,47438024.25,55337456.31,7899432.06,16.65,2018-01-03,2018-05-15,2018-05-15,0,Cancelled,158
PRJ-10922,Highway Project 922,Highway,Riyadh,Saudi Binladin Group,Ministry of Education,90639960.03,148396697.05,57756737.02,63.72,2021-05-09,2022-05-13,2022-07-04,52,Delayed,441
PRJ-10923,Bridge Project 923,Bridge,Neom,Al Bawani,Private Developer,43616612.95,51831393.99,8214781.04,18.83,2018-11-27,2019-04-12,2019-04-12,0,Delayed,55
PRJ-10924,School Project 924,School,Jeddah,Nesma & Partners,Private Developer,58727543.29,65910490.52,7182947.23,12.23,2020-06-03,2023-02-17,2023-03-03,14,Delayed,462
PRJ-10925,Hospital Project 925,Hospital,Mecca,SSEM,Private Developer,81440437.3,77062485.49,-4377951.81,-5.38,2021-09-18,2022-08-25,2022-08-25,0,On Hold,316
PRJ-10926,Hospital Project 926,Hospital,Riyadh,Nesma & Partners,Ministry of Housing,83279867.06,121548752.33,38268885.27,45.95,2020-09-02,2022-08-16,2022-12-21,127,On Hold,294
PRJ-10927,Dam Project 927,Dam,Abha,Al Bawani,Aramco,125130669.31,136625998.39,11495329.08,9.19,2022-12-01,2025-05-15,2025-08-07,84,On Hold,354
PRJ-10928,Commercial Complex Project 928,Commercial Complex,Tabuk,Al Arrab,Royal Commission,39270567.15,37636406.97,-1634160.18,-4.16,2018-12-29,2020-04-28,2020-04-28,0,Completed,73
PRJ-10929,Dam Project 929,Dam,Tabuk,Al Rashid Trading,Ministry of Education,9118313.54,9143246.6,24933.06,0.27,2019-03-30,2019-07-07,2019-07-07,0,Delayed,108
PRJ-10930,Commercial Complex Project 930,Commercial Complex,Neom,SADEEM Construction,Ministry of Transport,40902029.97,66389471.78,25487441.81,62.31,2020-10-08,2021-09-02,2022-03-07,186,Cancelled,117
PRJ-10931,Residential Building Project 931,Residential Building,Medina,Al Arrab,Aramco,83877469.52,110246371.9,26368902.38,31.44,2019-07-23,2022-03-29,2022-04-10,12,Cancelled,109
PRJ-10932,Metro Rail Project 932,Metro Rail,Neom,AECOM Arabia,NEOM Co.,21309906.85,28789416.87,7479510.02,35.1,2021-04-19,2021-09-22,2022-02-12,143,Cancelled,448
PRJ-10933,Bridge Project 933,Bridge,Qassim,SADEEM Construction,Ministry of Transport,73590225.85,121061713.89,47471488.04,64.51,2021-10-20,2024-06-04,2024-06-19,15,Cancelled,324
PRJ-10934,Industrial Plant Project 934,Industrial Plant,Qassim,SSEM,Ministry of Housing,132107056.94,172466012.38,40358955.44,30.55,2020-05-24,2023-04-09,2023-05-08,29,Completed,447
PRJ-10935,Hospital Project 935,Hospital,Abha,Al Arrab,Private Developer,93288741.73,108784952.77,15496211.04,16.61,2021-10-24,2022-05-26,2022-06-01,6,Cancelled,398
PRJ-10936,Residential Building Project 936,Residential Building,Medina,Saudi Binladin Group,Private Developer,6399200.17,8219258.55,1820058.38,28.44,2020-05-10,2023-03-06,2023-03-25,19,On Hold,109
PRJ-10937,Hospital Project 937,Hospital,Jeddah,AECOM Arabia,Ministry of Housing,34548585.55,41085476.92,6536891.37,18.92,2019-04-08,2021-07-31,2021-07-31,0,Completed,479
PRJ-10938,Bridge Project 938,Bridge,Medina,Nesma & Partners,Royal Commission,136463464.34,174224174.44,37760710.1,27.67,2018-05-09,2019-06-21,2019-07-29,38,On Hold,231
PRJ-10939,Residential Building Project 939,Residential Building,Neom,Al Fouzan,Private Developer,130560389.37,193543744.2,62983354.83,48.24,2018-08-09,2019-07-18,2019-07-22,4,Completed,430
PRJ-10940,Hospital Project 940,Hospital,Qassim,Al Rashid Trading,Aramco,19160711.69,20513727.23,1353015.54,7.06,2021-05-13,2023-10-14,2023-11-30,47,On Hold,306
PRJ-10941,Commercial Complex Project 941,Commercial Complex,Jeddah,Saudi Binladin Group,Ministry of Housing,131625041.86,155740411.71,24115369.85,18.32,2019-10-04,2021-01-22,2021-01-22,0,In Progress,41
PRJ-10942,Dam Project 942,Dam,Riyadh,SADEEM Construction,Ministry of Health,22744997.43,23627564.32,882566.89,3.88,2018-07-28,2019-01-01,2019-01-01,0,Delayed,445
PRJ-10943,School Project 943,School,Abha,El Seif Engineering,Ministry of Health,147157613.04,226746044.81,79588431.77,54.08,2022-11-06,2023-09-30,2023-10-19,19,Completed,242
PRJ-10944,School Project 944,School,Jazan,Al Arrab,Aramco,88515362.56,89630565.17,1115202.61,1.26,2021-08-26,2022-11-06,2022-11-06,0,On Hold,274
PRJ-10945,Hospital Project 945,Hospital,Neom,Al Rashid Trading,Aramco,43224641.55,63083708.32,19859066.77,45.94,2018-01-26,2018-08-09,2019-05-04,268,In Progress,473
PRJ-10946,Metro Rail Project 946,Metro Rail,Dammam,Al Bawani,Private Developer,58287805.77,72501892.47,14214086.7,24.39,2020-05-12,2021-08-08,2021-08-29,21,In Progress,134
PRJ-10947,Highway Project 947,Highway,Riyadh,Saudi Binladin Group,NEOM Co.,86803214.87,141887795.02,55084580.15,63.46,2021-04-12,2022-05-26,2022-07-25,60,Delayed,169
PRJ-10948,Metro Rail Project 948,Metro Rail,Qassim,Nesma & Partners,NEOM Co.,61433839.18,89793065.37,28359226.19,46.16,2019-09-25,2021-04-17,2021-06-08,52,Completed,275
PRJ-10949,Metro Rail Project 949,Metro Rail,Dammam,Saudi Binladin Group,Ministry of Transport,86242578.24,102353911.59,16111333.35,18.68,2022-08-05,2024-04-05,2024-04-05,0,On Hold,186
PRJ-10950,Bridge Project 950,Bridge,Medina,Al Rashid Trading,Aramco,30470940.07,28422661.02,-2048279.05,-6.72,2019-01-23,2020-04-06,2020-04-06,0,On Hold,317
PRJ-10951,Hospital Project 951,Hospital,Neom,AECOM Arabia,Royal Commission,128167314.06,195785195.46,67617881.4,52.76,2019-09-06,2021-08-26,2021-09-12,17,On Hold,458
PRJ-10952,Residential Building Project 952,Residential Building,Jazan,Al Rashid Trading,Ministry of Housing,134016985.68,123126400.64,-10890585.04,-8.13,2019-04-02,2021-04-15,2021-04-15,0,In Progress,132
PRJ-10953,Dam Project 953,Dam,Tabuk,Al Arrab,Ministry of Transport,132577982.07,160241073.31,27663091.24,20.87,2019-01-13,2020-05-26,2020-07-27,62,Completed,193
PRJ-10954,Residential Building Project 954,Residential Building,Qassim,El Seif Engineering,NEOM Co.,76809657.11,122212312.84,45402655.73,59.11,2020-06-20,2021-07-12,2021-08-10,29,Delayed,32
PRJ-10955,Residential Building Project 955,Residential Building,Medina,Al Rashid Trading,Private Developer,3357856.12,3502422.04,144565.92,4.31,2019-03-25,2019-12-18,2019-12-18,0,Delayed,443
PRJ-10956,Airport Terminal Project 956,Airport Terminal,Medina,Nesma & Partners,Ministry of Transport,103314445.34,115382821.35,12068376.01,11.68,2018-12-27,2019-04-18,2019-04-18,0,Completed,435
PRJ-10957,Highway Project 957,Highway,Abha,El Seif Engineering,Royal Commission,104033598.51,113346319.08,9312720.57,8.95,2019-03-07,2022-01-18,2022-01-22,4,Delayed,348
PRJ-10958,Highway Project 958,Highway,Qassim,AECOM Arabia,Ministry of Health,54127971.05,58079740.44,3951769.39,7.3,2021-12-27,2024-09-11,2024-10-29,48,In Progress,416
PRJ-10959,Bridge Project 959,Bridge,Medina,Al Bawani,Ministry of Health,32000392.1,27427236.16,-4573155.94,-14.29,2020-02-06,2022-04-17,2022-07-20,94,In Progress,481
PRJ-10960,Residential Building Project 960,Residential Building,Neom,AECOM Arabia,Ministry of Transport,149674217.92,226423480.8,76749262.88,51.28,2021-01-01,2023-08-23,2023-09-25,33,In Progress,37
PRJ-10961,Industrial Plant Project 961,Industrial Plant,Dammam,Al Bawani,Ministry of Education,44545599.75,49951691.85,5406092.1,12.14,2022-01-29,2022-11-29,2022-11-29,0,Cancelled,43
PRJ-10962,Highway Project 962,Highway,Qassim,Al Arrab,Royal Commission,125204617.25,120732337.1,-4472280.15,-3.57,2020-11-28,2022-07-21,2022-08-30,40,Delayed,279
PRJ-10963,Dam Project 963,Dam,Jazan,SSEM,Private Developer,113137474.38,155771341.8,42633867.42,37.68,2020-04-01,2022-02-15,2022-03-30,43,Completed,116
PRJ-10964,Bridge Project 964,Bridge,Medina,SSEM,Ministry of Transport,115034331.95,154247613.65,39213281.7,34.09,2019-03-24,2020-07-31,2020-09-25,56,Cancelled,90
PRJ-10965,Hospital Project 965,Hospital,Mecca,Al Bawani,Aramco,13746404.74,12538363.37,-1208041.37,-8.79,2022-03-20,2022-11-02,2022-11-22,20,Delayed,127
PRJ-10966,Metro Rail Project 966,Metro Rail,Riyadh,SSEM,Royal Commission,61427683.14,55457396.1,-5970287.04,-9.72,2020-07-12,2021-12-20,2022-01-04,15,On Hold,172
PRJ-10967,Industrial Plant Project 967,Industrial Plant,Abha,Saudi Binladin Group,NEOM Co.,52648669.83,78793376.33,26144706.5,49.66,2019-04-24,2020-10-17,2021-08-06,293,Completed,160
PRJ-10968,Airport Terminal Project 968,Airport Terminal,Qassim,Al Bawani,Aramco,142179359.88,131045996.94,-11133362.94,-7.83,2019-07-21,2021-12-31,2021-12-31,0,Completed,194
PRJ-10969,Residential Building Project 969,Residential Building,Qassim,Al Rashid Trading,Royal Commission,143289723.49,156136011.5,12846288.01,8.97,2021-10-14,2022-08-01,2022-08-23,22,Delayed,107
PRJ-10970,Metro Rail Project 970,Metro Rail,Dammam,Al Bawani,Private Developer,11990880.25,17813800.81,5822920.56,48.56,2022-04-27,2022-08-03,2022-08-23,20,On Hold,494
PRJ-10971,School Project 971,School,Neom,Saudi Binladin Group,Ministry of Education,106209428.35,97188828.3,-9020600.05,-8.49,2020-11-15,2022-12-14,2022-12-14,0,On Hold,126
PRJ-10972,Bridge Project 972,Bridge,Medina,SSEM,Ministry of Transport,11398824.39,11636626.49,237802.1,2.09,2021-04-17,2022-12-26,2022-12-26,0,On Hold,184
PRJ-10973,Commercial Complex Project 973,Commercial Complex,Tabuk,Al Rashid Trading,Ministry of Health,44645928.86,43293840.16,-1352088.7,-3.03,2023-04-14,2025-09-08,2025-09-08,0,On Hold,446
PRJ-10974,Airport Terminal Project 974,Airport Terminal,Riyadh,Al Fouzan,NEOM Co.,42510172.59,67734962.65,25224790.06,59.34,2022-11-25,2024-10-06,2024-11-23,48,Completed,265
PRJ-10975,Hospital Project 975,Hospital,Tabuk,Al Rashid Trading,Ministry of Health,61062852.83,71555484.38,10492631.55,17.18,2021-11-05,2023-04-14,2023-04-14,0,Cancelled,163
PRJ-10976,Hospital Project 976,Hospital,Neom,Saudi Binladin Group,Ministry of Housing,48563607.34,50060493.04,1496885.7,3.08,2018-10-12,2021-08-11,2021-08-30,19,Delayed,300
PRJ-10977,Metro Rail Project 977,Metro Rail,Neom,AECOM Arabia,Ministry of Health,96251168.31,128283025.51,32031857.2,33.28,2020-02-20,2023-02-17,2023-06-12,115,Cancelled,207
PRJ-10978,Bridge Project 978,Bridge,Jazan,El Seif Engineering,Royal Commission,53993205.57,51203729.9,-2789475.67,-5.17,2023-05-25,2025-03-28,2025-04-28,31,Completed,97
PRJ-10979,Commercial Complex Project 979,Commercial Complex,Qassim,Nesma & Partners,Ministry of Housing,133354532.5,161289612.45,27935079.95,20.95,2021-11-12,2024-06-05,2024-10-13,130,Completed,476
PRJ-10980,School Project 980,School,Mecca,Al Rashid Trading,Ministry of Transport,88086785.87,79931768.05,-8155017.82,-9.26,2021-09-12,2022-10-05,2022-11-03,29,Delayed,275
PRJ-10981,Residential Building Project 981,Residential Building,Dammam,Al Fouzan,Ministry of Health,102551274.57,99739267.77,-2812006.8,-2.74,2018-11-18,2020-03-22,2020-03-22,0,On Hold,254
PRJ-10982,Commercial Complex Project 982,Commercial Complex,Abha,Al Rashid Trading,NEOM Co.,107235918.56,160121114.01,52885195.45,49.32,2019-02-26,2021-11-03,2021-12-24,51,On Hold,91
PRJ-10983,Metro Rail Project 983,Metro Rail,Neom,SADEEM Construction,Ministry of Transport,83098894.63,87756668.09,4657773.46,5.61,2022-01-07,2023-09-03,2023-09-03,0,Completed,83
PRJ-10984,Dam Project 984,Dam,Jeddah,Al Arrab,Ministry of Transport,21859956.22,24758670.47,2898714.25,13.26,2019-11-05,2021-07-25,2021-07-25,0,On Hold,246
PRJ-10985,Metro Rail Project 985,Metro Rail,Riyadh,El Seif Engineering,Private Developer,41075702.38,43088766.15,2013063.77,4.9,2022-12-10,2024-12-30,2024-12-30,0,Delayed,210
PRJ-10986,Metro Rail Project 986,Metro Rail,Dammam,Al Arrab,Ministry of Transport,42998976.89,58205399.84,15206422.95,35.36,2023-01-18,2023-10-18,2023-10-22,4,On Hold,476
PRJ-10987,Highway Project 987,Highway,Neom,El Seif Engineering,Ministry of Health,8622639.21,9519992.41,897353.2,10.41,2023-04-21,2025-07-04,2025-08-14,41,In Progress,150
PRJ-10988,Airport Terminal Project 988,Airport Terminal,Mecca,El Seif Engineering,Ministry of Transport,520136.6,461611.62,-58524.98,-11.25,2020-10-07,2023-07-24,2023-08-14,21,Completed,198
PRJ-10989,Commercial Complex Project 989,Commercial Complex,Jeddah,Al Bawani,Royal Commission,41787348.89,37614953.03,-4172395.86,-9.98,2020-07-12,2021-12-03,2022-01-08,36,Completed,246
PRJ-10990,Residential Building Project 990,Residential Building,Jeddah,SSEM,Ministry of Health,125981104.61,122711537.25,-3269567.36,-2.6,2022-03-08,2023-05-23,2023-05-23,0,Completed,15
PRJ-10991,Industrial Plant Project 991,Industrial Plant,Jeddah,Nesma & Partners,Royal Commission,111265156.39,103645040.93,-7620115.46,-6.85,2022-03-14,2024-04-28,2024-05-09,11,Completed,290
PRJ-10992,Bridge Project 992,Bridge,Jazan,Nesma & Partners,Ministry of Education,54354970.86,53328639.53,-1026331.33,-1.89,2019-07-26,2022-02-10,2022-02-10,0,Completed,320
PRJ-10993,Commercial Complex Project 993,Commercial Complex,Dammam,SADEEM Construction,Aramco,126485429.37,187343384.91,60857955.54,48.11,2022-02-27,2023-11-26,2024-08-18,266,Completed,356
PRJ-10994,Industrial Plant Project 994,Industrial Plant,Dammam,SSEM,Royal Commission,133834885.65,137869368.51,4034482.86,3.01,2019-03-20,2019-12-17,2019-12-17,0,Cancelled,120
PRJ-10995,Dam Project 995,Dam,Riyadh,Al Bawani,Aramco,136536500.01,221361539.19,84825039.18,62.13,2021-11-14,2023-03-18,2023-06-01,75,Completed,405
PRJ-10996,School Project 996,School,Medina,Al Rashid Trading,Royal Commission,13848783.92,17242445.49,3393661.57,24.51,2019-05-04,2022-02-17,2022-05-29,101,Completed,182
PRJ-10997,Bridge Project 997,Bridge,Jeddah,Al Rashid Trading,Aramco,58453496.42,63703413.24,5249916.82,8.98,2022-09-07,2025-03-01,2025-03-01,0,In Progress,32
PRJ-10998,School Project 998,School,Qassim,El Seif Engineering,Royal Commission,105726635.2,100449388.17,-5277247.03,-4.99,2021-02-25,2022-04-21,2022-04-21,0,Cancelled,212
PRJ-10999,School Project 999,School,Jeddah,Al Rashid Trading,Ministry of Transport,107100384.57,173806574.33,66706189.76,62.28,2020-01-01,2020-07-17,2021-04-02,259,Delayed,16
PRJ-11000,School Project 1000,School,Medina,SSEM,Ministry of Transport,114275149.64,135442542.71,21167393.07,18.52,2021-09-09,2022-02-13,2022-02-13,0,Delayed,32
PRJ-11001,Commercial Complex Project 1001,Commercial Complex,Medina,Al Arrab,Private Developer,105529804.98,98595645.99,-6934158.99,-6.57,2021-05-11,2023-10-03,2023-10-13,10,Cancelled,415
PRJ-11002,Metro Rail Project 1002,Metro Rail,Dammam,SADEEM Construction,Aramco,117382667.57,128327986.99,10945319.42,9.32,2019-10-27,2021-09-30,2021-09-30,0,In Progress,180
PRJ-11003,Highway Project 1003,Highway,Tabuk,SSEM,Aramco,7703808.85,12445039.83,4741230.98,61.54,2018-02-06,2019-04-15,2019-04-28,13,On Hold,271
PRJ-11004,Bridge Project 1004,Bridge,Qassim,AECOM Arabia,Ministry of Housing,75309971.28,91588950.88,16278979.6,21.62,2018-02-13,2019-01-07,2019-01-24,17,Delayed,131
PRJ-11005,School Project 1005,School,Medina,AECOM Arabia,Aramco,31727967.24,36355510.45,4627543.21,14.59,2018-10-09,2019-03-09,2019-03-22,13,In Progress,202
PRJ-11006,Bridge Project 1006,Bridge,Riyadh,Al Rashid Trading,Ministry of Education,8327075.52,9852625.28,1525549.76,18.32,2022-12-02,2025-03-27,2025-05-09,43,Completed,276
PRJ-11007,School Project 1007,School,Mecca,Saudi Binladin Group,Ministry of Transport,123415893.08,125834257.59,2418364.51,1.96,2022-02-09,2024-09-23,2024-11-18,56,Cancelled,37
PRJ-11008,Bridge Project 1008,Bridge,Medina,AECOM Arabia,Ministry of Health,98774345.58,153507718.38,54733372.8,55.41,2019-10-21,2021-07-05,2021-07-24,19,Completed,455
PRJ-11009,Dam Project 1009,Dam,Jeddah,Al Rashid Trading,Ministry of Housing,32753231.54,36138080.19,3384848.65,10.33,2018-10-17,2020-10-25,2020-10-25,0,In Progress,313
PRJ-11010,Airport Terminal Project 1010,Airport Terminal,Medina,Al Rashid Trading,Aramco,91358942.28,87638872.2,-3720070.08,-4.07,2022-01-24,2023-07-04,2023-07-14,10,In Progress,135
PRJ-11011,School Project 1011,School,Dammam,AECOM Arabia,Ministry of Transport,97920144.19,107957142.57,10036998.38,10.25,2019-08-08,2020-09-11,2020-10-21,40,In Progress,149
PRJ-11012,Dam Project 1012,Dam,Jeddah,Al Fouzan,Ministry of Health,96902474.3,137656312.5,40753838.2,42.06,2018-12-10,2020-03-30,2020-04-14,15,Cancelled,386
PRJ-11013,School Project 1013,School,Dammam,SSEM,Ministry of Housing,30282683.6,32703108.16,2420424.56,7.99,2020-02-21,2022-07-10,2022-09-14,66,Delayed,314
PRJ-11014,Airport Terminal Project 1014,Airport Terminal,Dammam,Al Bawani,NEOM Co.,55484005.17,52111119.73,-3372885.44,-6.08,2020-02-19,2021-02-06,2021-02-07,1,On Hold,297
PRJ-11015,Metro Rail Project 1015,Metro Rail,Jazan,El Seif Engineering,Royal Commission,77621354.46,117859036.69,40237682.23,51.84,2022-01-04,2022-08-21,2022-08-30,9,In Progress,12
PRJ-11016,Residential Building Project 1016,Residential Building,Qassim,Al Fouzan,Ministry of Education,2696661.6,3019927.79,323266.19,11.99,2023-03-11,2024-07-27,2024-08-10,14,Delayed,206
PRJ-11017,Dam Project 1017,Dam,Mecca,AECOM Arabia,Aramco,3389480.82,4002685.83,613205.01,18.09,2022-12-18,2024-05-09,2024-05-12,3,On Hold,487
PRJ-11018,Metro Rail Project 1018,Metro Rail,Dammam,Al Rashid Trading,Ministry of Health,74183255.37,75762388.7,1579133.33,2.13,2019-06-07,2022-05-12,2022-05-12,0,Delayed,270
PRJ-11019,Dam Project 1019,Dam,Tabuk,Saudi Binladin Group,Ministry of Health,79875182.92,86148540.05,6273357.13,7.85,2020-05-18,2023-03-22,2023-03-22,0,Completed,481
PRJ-11020,Hospital Project 1020,Hospital,Riyadh,Nesma & Partners,Private Developer,1983611.26,2061425.45,77814.19,3.92,2020-07-21,2022-06-30,2022-06-30,0,In Progress,318
PRJ-11021,Metro Rail Project 1021,Metro Rail,Dammam,Saudi Binladin Group,Aramco,144543136.51,201208933.6,56665797.09,39.2,2018-07-09,2020-12-04,2020-12-25,21,On Hold,371
PRJ-11022,Metro Rail Project 1022,Metro Rail,Jeddah,Al Bawani,Ministry of Transport,47123646.76,69193402.85,22069756.09,46.83,2020-05-16,2023-01-28,2023-03-13,44,Delayed,266
PRJ-11023,Airport Terminal Project 1023,Airport Terminal,Abha,AECOM Arabia,Private Developer,78433759.12,93556113.14,15122354.02,19.28,2020-04-22,2022-08-11,2022-08-11,0,Completed,65
PRJ-11024,Metro Rail Project 1024,Metro Rail,Tabuk,Nesma & Partners,Private Developer,19269757.11,17440754.61,-1829002.5,-9.49,2019-03-06,2021-07-09,2021-07-09,0,Delayed,13
PRJ-11025,Highway Project 1025,Highway,Jazan,Saudi Binladin Group,Aramco,115638652.66,132076301.04,16437648.38,14.21,2022-05-04,2022-10-12,2022-10-12,0,Delayed,385
PRJ-11026,School Project 1026,School,Dammam,Nesma & Partners,Royal Commission,18470980.75,15959701.13,-2511279.62,-13.6,2021-12-12,2022-09-18,2022-09-27,9,Cancelled,495
PRJ-11027,Commercial Complex Project 1027,Commercial Complex,Jazan,AECOM Arabia,Ministry of Transport,44349637.31,56074280.95,11724643.64,26.44,2019-02-16,2019-11-23,2020-01-06,44,In Progress,142
PRJ-11028,School Project 1028,School,Jazan,AECOM Arabia,Aramco,52540291.18,44716143.41,-7824147.77,-14.89,2021-07-27,2024-04-01,2024-04-14,13,On Hold,73
PRJ-11029,Industrial Plant Project 1029,Industrial Plant,Jeddah,Al Fouzan,Ministry of Housing,45320178.87,73842685.2,28522506.33,62.94,2019-04-26,2021-03-15,2021-04-15,31,Completed,14
PRJ-11030,Residential Building Project 1030,Residential Building,Mecca,Saudi Binladin Group,Ministry of Housing,127135593.63,199456483.3,72320889.67,56.88,2019-03-09,2019-09-14,2020-04-15,214,Cancelled,399
PRJ-11031,Industrial Plant Project 1031,Industrial Plant,Jazan,SSEM,Royal Commission,117588162.79,143033842.26,25445679.47,21.64,2020-05-29,2022-05-07,2022-06-21,45,Delayed,171
PRJ-11032,Bridge Project 1032,Bridge,Tabuk,Al Arrab,Ministry of Health,60001791.3,59454258.07,-547533.23,-0.91,2018-04-28,2020-04-12,2020-04-12,0,Completed,11
PRJ-11033,Dam Project 1033,Dam,Abha,Nesma & Partners,Ministry of Housing,10321381.41,9995954.54,-325426.87,-3.15,2018-09-09,2020-08-15,2020-08-15,0,In Progress,198
PRJ-11034,Dam Project 1034,Dam,Neom,SSEM,Ministry of Health,37367243.43,54106106.59,16738863.16,44.8,2019-01-20,2021-02-24,2021-03-15,19,Delayed,18
PRJ-11035,Hospital Project 1035,Hospital,Riyadh,Al Fouzan,Ministry of Education,71334569.35,115293202.33,43958632.98,61.62,2021-05-27,2022-04-21,2022-04-22,1,Completed,188
PRJ-11036,School Project 1036,School,Jazan,El Seif Engineering,Ministry of Health,141437285.7,232390274.95,90952989.25,64.31,2021-05-28,2022-06-22,2022-08-07,46,Cancelled,458
PRJ-11037,Metro Rail Project 1037,Metro Rail,Qassim,Saudi Binladin Group,NEOM Co.,81900108.75,74568741.28,-7331367.47,-8.95,2022-06-20,2024-02-09,2024-05-17,98,Cancelled,457
PRJ-11038,Dam Project 1038,Dam,Dammam,SSEM,Aramco,55169271.87,55537056.02,367784.15,0.67,2021-09-19,2023-04-25,2023-05-02,7,In Progress,395
PRJ-11039,Commercial Complex Project 1039,Commercial Complex,Jeddah,Al Arrab,Ministry of Housing,21550040.86,23418948.6,1868907.74,8.67,2023-03-18,2023-11-27,2023-11-27,0,Delayed,122
PRJ-11040,Industrial Plant Project 1040,Industrial Plant,Jazan,El Seif Engineering,NEOM Co.,117307617.43,113503351.07,-3804266.36,-3.24,2020-12-30,2023-10-30,2023-11-24,25,Delayed,456
PRJ-11041,Bridge Project 1041,Bridge,Neom,AECOM Arabia,Aramco,121763003.61,141309930.89,19546927.28,16.05,2019-12-04,2021-12-22,2022-01-21,30,On Hold,344
PRJ-11042,Airport Terminal Project 1042,Airport Terminal,Abha,Al Rashid Trading,Ministry of Transport,101282479.18,114059645.44,12777166.26,12.62,2018-08-25,2019-08-15,2019-08-24,9,Delayed,389
PRJ-11043,Metro Rail Project 1043,Metro Rail,Medina,El Seif Engineering,Royal Commission,137664133.55,168774935.69,31110802.14,22.6,2022-10-14,2023-05-22,2023-06-01,10,Completed,169
PRJ-11044,Residential Building Project 1044,Residential Building,Neom,Al Bawani,Ministry of Transport,133576100.04,148578887.4,15002787.36,11.23,2020-03-05,2022-10-18,2022-10-18,0,Delayed,418
PRJ-11045,Highway Project 1045,Highway,Qassim,AECOM Arabia,Ministry of Transport,9799382.31,8390949.16,-1408433.15,-14.37,2020-03-20,2020-10-05,2020-10-09,4,Delayed,84
PRJ-11046,Industrial Plant Project 1046,Industrial Plant,Medina,SSEM,Ministry of Education,94822807.64,90785241.18,-4037566.46,-4.26,2021-05-16,2022-01-11,2022-01-28,17,Completed,316
PRJ-11047,Hospital Project 1047,Hospital,Mecca,Al Bawani,Aramco,143711151.1,152175438.58,8464287.48,5.89,2022-10-03,2023-10-08,2023-10-08,0,In Progress,263
PRJ-11048,Industrial Plant Project 1048,Industrial Plant,Abha,Saudi Binladin Group,Royal Commission,36663047.47,38502838.47,1839791.0,5.02,2022-08-23,2023-04-26,2023-04-26,0,In Progress,368
PRJ-11049,Residential Building Project 1049,Residential Building,Dammam,SSEM,Ministry of Health,102103239.74,94228197.11,-7875042.63,-7.71,2022-07-28,2023-08-28,2023-08-28,0,Completed,290
PRJ-11050,School Project 1050,School,Tabuk,Al Arrab,Ministry of Education,41568220.35,50618947.79,9050727.44,21.77,2022-04-01,2023-06-21,2024-04-11,295,Delayed,154
PRJ-11051,Bridge Project 1051,Bridge,Qassim,Al Arrab,Aramco,82213282.73,84666921.76,2453639.03,2.98,2019-10-25,2020-06-05,2020-06-05,0,Completed,445
PRJ-11052,Industrial Plant Project 1052,Industrial Plant,Jazan,Nesma & Partners,NEOM Co.,7063041.43,8521088.46,1458047.03,20.64,2021-11-26,2023-05-22,2023-05-27,5,In Progress,121
PRJ-11053,Bridge Project 1053,Bridge,Riyadh,Al Fouzan,Aramco,31773227.08,29072302.88,-2700924.2,-8.5,2022-05-28,2024-07-20,2024-07-20,0,On Hold,357
PRJ-11054,Highway Project 1054,Highway,Riyadh,El Seif Engineering,Royal Commission,126625624.78,187977550.63,61351925.85,48.45,2020-08-28,2023-08-20,2024-06-25,310,Delayed,313
PRJ-11055,School Project 1055,School,Dammam,Al Arrab,Ministry of Transport,128140845.79,207396161.43,79255315.64,61.85,2018-09-01,2019-01-03,2019-01-11,8,Cancelled,498
PRJ-11056,Highway Project 1056,Highway,Abha,El Seif Engineering,Ministry of Education,29940392.82,35492208.22,5551815.4,18.54,2022-08-03,2025-04-04,2025-04-04,0,On Hold,198
PRJ-11057,Residential Building Project 1057,Residential Building,Jeddah,El Seif Engineering,Aramco,149225484.45,243970980.74,94745496.29,63.49,2020-09-28,2021-04-30,2021-06-06,37,In Progress,21
PRJ-11058,Metro Rail Project 1058,Metro Rail,Neom,AECOM Arabia,Ministry of Education,85646197.05,83750207.36,-1895989.69,-2.21,2021-11-21,2022-11-26,2022-11-26,0,In Progress,206
PRJ-11059,Dam Project 1059,Dam,Abha,SADEEM Construction,NEOM Co.,65830884.91,59805071.29,-6025813.62,-9.15,2019-10-29,2020-05-07,2020-06-03,27,Cancelled,104
PRJ-11060,School Project 1060,School,Riyadh,Al Arrab,Ministry of Education,93540318.06,111720192.33,18179874.27,19.44,2020-11-28,2021-05-02,2021-05-02,0,Completed,395
PRJ-11061,Bridge Project 1061,Bridge,Jeddah,Nesma & Partners,NEOM Co.,28921093.64,45588870.42,16667776.78,57.63,2021-02-10,2021-05-16,2021-07-02,47,Completed,75
PRJ-11062,Metro Rail Project 1062,Metro Rail,Medina,Nesma & Partners,Aramco,141583388.13,229097281.46,87513893.33,61.81,2019-06-10,2021-04-05,2021-07-05,91,Cancelled,162
PRJ-11063,Hospital Project 1063,Hospital,Qassim,Nesma & Partners,Ministry of Health,78458215.99,93615744.87,15157528.88,19.32,2023-04-20,2026-04-14,2026-04-14,0,Completed,494
PRJ-11064,Airport Terminal Project 1064,Airport Terminal,Mecca,Al Bawani,Ministry of Education,113717875.97,140045848.3,26327972.33,23.15,2021-03-27,2021-11-15,2021-11-20,5,Delayed,320
PRJ-11065,Airport Terminal Project 1065,Airport Terminal,Qassim,Al Rashid Trading,Aramco,107890510.72,146999973.57,39109462.85,36.25,2022-08-06,2024-09-12,2024-12-25,104,Delayed,448
PRJ-11066,Bridge Project 1066,Bridge,Dammam,AECOM Arabia,Ministry of Transport,100156771.62,130410952.35,30254180.73,30.21,2020-01-06,2021-12-01,2021-12-06,5,On Hold,48
PRJ-11067,Airport Terminal Project 1067,Airport Terminal,Mecca,SADEEM Construction,Ministry of Health,115858223.19,99601286.2,-16256936.99,-14.03,2023-01-25,2025-02-18,2025-03-10,20,Delayed,356
PRJ-11068,School Project 1068,School,Dammam,Al Bawani,Ministry of Transport,1851251.13,1864411.31,13160.18,0.71,2021-07-13,2021-12-22,2021-12-22,0,In Progress,375
PRJ-11069,Hospital Project 1069,Hospital,Neom,Al Bawani,NEOM Co.,138966013.23,188645105.47,49679092.24,35.75,2022-08-10,2024-01-11,2024-01-18,7,On Hold,204
PRJ-11070,Residential Building Project 1070,Residential Building,Neom,Al Rashid Trading,Aramco,33700342.67,51508738.48,17808395.81,52.84,2018-09-13,2019-09-14,2019-09-25,11,On Hold,43
PRJ-11071,Hospital Project 1071,Hospital,Jeddah,Al Fouzan,Royal Commission,109464785.62,130587287.63,21122502.01,19.3,2019-07-14,2021-12-16,2021-12-19,3,Delayed,15
PRJ-11072,Commercial Complex Project 1072,Commercial Complex,Abha,Al Rashid Trading,Ministry of Health,4860879.66,5076056.43,215176.77,4.43,2018-08-04,2021-07-03,2021-07-03,0,Cancelled,382
PRJ-11073,Industrial Plant Project 1073,Industrial Plant,Neom,SSEM,Aramco,99533884.75,93119004.22,-6414880.53,-6.44,2019-12-16,2021-09-07,2021-09-07,0,Cancelled,148
PRJ-11074,Metro Rail Project 1074,Metro Rail,Jeddah,Saudi Binladin Group,NEOM Co.,43688298.37,44533710.09,845411.72,1.94,2023-04-23,2024-06-11,2024-06-11,0,Cancelled,292
PRJ-11075,Metro Rail Project 1075,Metro Rail,Abha,SSEM,NEOM Co.,137969888.19,165284684.4,27314796.21,19.8,2018-01-20,2019-01-10,2019-01-10,0,In Progress,83
PRJ-11076,School Project 1076,School,Neom,SADEEM Construction,Ministry of Housing,7214239.2,8277468.39,1063229.19,14.74,2022-01-25,2024-11-20,2025-01-01,42,In Progress,357
PRJ-11077,Metro Rail Project 1077,Metro Rail,Abha,SSEM,NEOM Co.,59172498.84,66644771.93,7472273.09,12.63,2019-12-26,2021-06-17,2021-06-17,0,Delayed,497
PRJ-11078,School Project 1078,School,Qassim,Al Rashid Trading,Private Developer,137804751.61,180758226.56,42953474.95,31.17,2022-10-24,2024-11-02,2025-01-31,90,Delayed,442
PRJ-11079,Commercial Complex Project 1079,Commercial Complex,Jeddah,El Seif Engineering,Ministry of Transport,53889613.32,56627265.31,2737651.99,5.08,2018-07-11,2021-06-02,2022-03-25,296,Delayed,293
PRJ-11080,Dam Project 1080,Dam,Riyadh,Al Arrab,NEOM Co.,84829067.31,116665828.45,31836761.14,37.53,2020-10-16,2022-05-20,2022-06-02,13,Cancelled,367
PRJ-11081,Commercial Complex Project 1081,Commercial Complex,Abha,Saudi Binladin Group,Ministry of Transport,36439637.48,34890146.98,-1549490.5,-4.25,2022-08-30,2025-06-17,2025-06-17,0,Cancelled,393
PRJ-11082,Hospital Project 1082,Hospital,Medina,Al Bawani,Ministry of Housing,137776743.46,128206923.09,-9569820.37,-6.95,2020-07-07,2022-06-18,2022-06-18,0,Cancelled,472
PRJ-11083,Bridge Project 1083,Bridge,Dammam,El Seif Engineering,Royal Commission,76140707.21,67090925.08,-9049782.13,-11.89,2018-10-01,2021-05-07,2021-05-14,7,On Hold,263
PRJ-11084,School Project 1084,School,Dammam,Al Fouzan,Aramco,5884813.33,5605676.22,-279137.11,-4.74,2023-02-15,2024-04-26,2024-04-26,0,Completed,158
PRJ-11085,Industrial Plant Project 1085,Industrial Plant,Jazan,SADEEM Construction,Private Developer,130082168.0,128097585.43,-1984582.57,-1.53,2018-01-05,2018-11-09,2018-11-09,0,In Progress,482
PRJ-11086,Industrial Plant Project 1086,Industrial Plant,Qassim,Saudi Binladin Group,Ministry of Education,142593646.0,187553113.78,44959467.78,31.53,2021-06-19,2024-03-18,2024-05-18,61,Cancelled,245
PRJ-11087,Hospital Project 1087,Hospital,Mecca,Al Fouzan,Aramco,65773821.37,70642837.05,4869015.68,7.4,2019-12-18,2020-03-22,2020-03-22,0,Delayed,14
PRJ-11088,Commercial Complex Project 1088,Commercial Complex,Abha,SSEM,Ministry of Transport,77746408.59,83654890.96,5908482.37,7.6,2020-12-19,2021-06-13,2021-07-25,42,Completed,477
PRJ-11089,Dam Project 1089,Dam,Riyadh,Nesma & Partners,Private Developer,53281033.54,85631423.49,32350389.95,60.72,2020-08-21,2021-07-08,2021-09-13,67,On Hold,466
PRJ-11090,Highway Project 1090,Highway,Qassim,SADEEM Construction,Aramco,133937455.01,137397648.55,3460193.54,2.58,2021-09-06,2023-02-27,2023-02-27,0,Delayed,392
PRJ-11091,School Project 1091,School,Riyadh,Al Fouzan,Ministry of Transport,117164642.7,146225209.5,29060566.8,24.8,2019-01-24,2019-08-15,2019-09-03,19,On Hold,390
PRJ-11092,Hospital Project 1092,Hospital,Riyadh,Nesma & Partners,Ministry of Transport,31099676.3,33504896.99,2405220.69,7.73,2020-09-08,2023-08-05,2023-08-05,0,Completed,225
PRJ-11093,Dam Project 1093,Dam,Qassim,SSEM,NEOM Co.,28327316.71,28312286.51,-15030.2,-0.05,2022-03-19,2023-05-15,2023-05-15,0,Cancelled,381
PRJ-11094,School Project 1094,School,Dammam,El Seif Engineering,Aramco,128327015.14,116383187.14,-11943828.0,-9.31,2018-02-13,2020-08-02,2020-08-08,6,Completed,402
PRJ-11095,Bridge Project 1095,Bridge,Riyadh,Al Fouzan,Ministry of Health,10816635.1,12787808.45,1971173.35,18.22,2021-05-07,2024-04-30,2024-04-30,0,Delayed,154
PRJ-11096,Dam Project 1096,Dam,Jeddah,Al Arrab,Ministry of Transport,76284605.48,78025696.45,1741090.97,2.28,2018-11-09,2020-10-31,2020-10-31,0,Delayed,402
PRJ-11097,Commercial Complex Project 1097,Commercial Complex,Mecca,Al Rashid Trading,Ministry of Health,121726347.86,140076324.37,18349976.51,15.07,2020-08-28,2021-06-17,2021-06-17,0,Cancelled,322
PRJ-11098,Highway Project 1098,Highway,Medina,AECOM Arabia,NEOM Co.,50162559.45,73583370.81,23420811.36,46.69,2018-09-04,2019-07-25,2019-12-16,144,In Progress,228
PRJ-11099,Residential Building Project 1099,Residential Building,Neom,Al Rashid Trading,Aramco,98370277.69,152543425.76,54173148.07,55.07,2018-04-15,2020-12-15,2020-12-19,4,In Progress,123
PRJ-11100,Hospital Project 1100,Hospital,Abha,SSEM,Ministry of Housing,81094635.63,96517420.09,15422784.46,19.02,2020-05-24,2022-01-26,2022-02-04,9,Delayed,196
PRJ-11101,Industrial Plant Project 1101,Industrial Plant,Tabuk,Al Arrab,Ministry of Transport,6116878.01,8945551.18,2828673.17,46.24,2023-01-08,2024-02-29,2024-05-16,77,Delayed,118
PRJ-11102,Industrial Plant Project 1102,Industrial Plant,Jazan,SADEEM Construction,Aramco,501739.4,636209.65,134470.25,26.8,2019-01-14,2020-06-28,2020-07-14,16,Delayed,165
PRJ-11103,Commercial Complex Project 1103,Commercial Complex,Jeddah,Saudi Binladin Group,NEOM Co.,8667845.79,10331408.65,1663562.86,19.19,2020-01-09,2021-03-13,2021-03-13,0,Cancelled,280
PRJ-11104,Metro Rail Project 1104,Metro Rail,Tabuk,Al Rashid Trading,Private Developer,34305737.02,37501453.98,3195716.96,9.32,2021-04-11,2022-02-10,2022-02-20,10,In Progress,332
PRJ-11105,Metro Rail Project 1105,Metro Rail,Jeddah,Saudi Binladin Group,Ministry of Transport,34947290.99,39099149.32,4151858.33,11.88,2021-12-14,2022-09-27,2022-09-27,0,Cancelled,326
PRJ-11106,Hospital Project 1106,Hospital,Mecca,SSEM,Ministry of Transport,145043402.22,200223388.31,55179986.09,38.04,2022-01-16,2023-10-14,2023-10-21,7,On Hold,291
PRJ-11107,Industrial Plant Project 1107,Industrial Plant,Qassim,Al Fouzan,Royal Commission,111413500.88,128629963.31,17216462.43,15.45,2021-07-13,2023-01-13,2023-01-13,0,Completed,257
PRJ-11108,School Project 1108,School,Qassim,Al Bawani,Ministry of Housing,63683064.95,70703238.13,7020173.18,11.02,2021-05-12,2022-01-27,2022-02-06,10,Delayed,33
PRJ-11109,Metro Rail Project 1109,Metro Rail,Riyadh,Al Rashid Trading,Ministry of Health,107036889.3,106532871.23,-504018.07,-0.47,2021-11-03,2023-06-22,2023-08-11,50,Completed,94
PRJ-11110,Dam Project 1110,Dam,Qassim,Al Arrab,Ministry of Health,55955680.72,83673596.63,27717915.91,49.54,2021-05-28,2022-10-10,2022-12-18,69,In Progress,302
PRJ-11111,Bridge Project 1111,Bridge,Neom,Saudi Binladin Group,Ministry of Education,147736331.21,166391659.3,18655328.09,12.63,2021-12-20,2023-08-17,2023-08-17,0,In Progress,161
PRJ-11112,Industrial Plant Project 1112,Industrial Plant,Qassim,El Seif Engineering,NEOM Co.,59282682.55,81739638.72,22456956.17,37.88,2018-04-04,2019-02-17,2019-03-15,26,In Progress,492
PRJ-11113,Industrial Plant Project 1113,Industrial Plant,Dammam,SADEEM Construction,Ministry of Housing,12229144.54,13003849.69,774705.15,6.33,2019-05-25,2021-06-10,2021-06-10,0,Completed,10
PRJ-11114,Hospital Project 1114,Hospital,Neom,Al Fouzan,Royal Commission,106543463.86,101237214.87,-5306248.99,-4.98,2023-04-23,2023-10-15,2023-10-15,0,In Progress,219
PRJ-11115,Metro Rail Project 1115,Metro Rail,Mecca,Al Fouzan,Ministry of Housing,117204441.76,188907473.76,71703032.0,61.18,2022-07-30,2024-07-29,2024-08-24,26,Delayed,100
PRJ-11116,Industrial Plant Project 1116,Industrial Plant,Riyadh,Al Bawani,Aramco,6842133.58,6702539.28,-139594.3,-2.04,2022-03-08,2024-06-14,2024-06-14,0,Delayed,455
PRJ-11117,Metro Rail Project 1117,Metro Rail,Qassim,Al Rashid Trading,Ministry of Education,90432304.96,128553078.32,38120773.36,42.15,2019-10-27,2020-09-06,2020-09-16,10,On Hold,89
PRJ-11118,Dam Project 1118,Dam,Medina,Al Arrab,Royal Commission,113971289.74,143727321.1,29756031.36,26.11,2023-01-22,2023-09-20,2023-09-23,3,On Hold,104
PRJ-11119,Highway Project 1119,Highway,Medina,AECOM Arabia,Ministry of Education,76579138.06,122246332.83,45667194.77,59.63,2022-02-02,2024-12-23,2025-01-05,13,Delayed,93
PRJ-11120,Highway Project 1120,Highway,Abha,AECOM Arabia,Ministry of Transport,124212194.82,176562828.99,52350634.17,42.15,2018-10-21,2019-03-31,2019-05-05,35,On Hold,61
PRJ-11121,Airport Terminal Project 1121,Airport Terminal,Dammam,Saudi Binladin Group,Aramco,69526563.5,97731845.44,28205281.94,40.57,2020-02-26,2021-06-16,2021-08-31,76,Completed,77
PRJ-11122,Bridge Project 1122,Bridge,Jeddah,SADEEM Construction,NEOM Co.,109482668.72,117065139.63,7582470.91,6.93,2021-07-08,2024-05-24,2024-07-22,59,Completed,500
PRJ-11123,Commercial Complex Project 1123,Commercial Complex,Qassim,Al Fouzan,Aramco,121157100.13,136456038.7,15298938.57,12.63,2018-10-13,2019-08-06,2019-08-12,6,On Hold,427
PRJ-11124,Highway Project 1124,Highway,Mecca,Al Fouzan,Ministry of Education,50673762.91,77795869.83,27122106.92,53.52,2019-05-15,2020-01-18,2020-05-12,115,Cancelled,73
PRJ-11125,Residential Building Project 1125,Residential Building,Riyadh,El Seif Engineering,Private Developer,105324894.31,117765557.85,12440663.54,11.81,2020-11-13,2021-05-27,2021-05-27,0,Completed,477
PRJ-11126,Bridge Project 1126,Bridge,Riyadh,Al Rashid Trading,Ministry of Health,84529882.76,105409355.71,20879472.95,24.7,2018-10-29,2020-02-25,2020-05-23,88,On Hold,361
PRJ-11127,Commercial Complex Project 1127,Commercial Complex,Jazan,Nesma & Partners,Aramco,57387397.63,54455509.98,-2931887.65,-5.11,2018-07-28,2019-06-12,2019-06-12,0,Completed,325
PRJ-11128,Hospital Project 1128,Hospital,Jeddah,Al Fouzan,Aramco,118037745.01,136626804.88,18589059.87,15.75,2018-03-30,2020-12-31,2021-02-08,39,Cancelled,181
PRJ-11129,Metro Rail Project 1129,Metro Rail,Dammam,Al Arrab,NEOM Co.,4266415.39,4913627.18,647211.79,15.17,2021-09-28,2024-06-28,2024-06-28,0,Delayed,188
PRJ-11130,Commercial Complex Project 1130,Commercial Complex,Mecca,SSEM,Royal Commission,2206988.53,2452206.88,245218.35,11.11,2019-06-28,2022-05-08,2022-05-08,0,Completed,413
PRJ-11131,Residential Building Project 1131,Residential Building,Dammam,Nesma & Partners,Royal Commission,145553437.9,151081371.74,5527933.84,3.8,2020-03-10,2020-11-06,2020-11-23,17,On Hold,427
PRJ-11132,Commercial Complex Project 1132,Commercial Complex,Jeddah,AECOM Arabia,Ministry of Health,105878216.0,136280537.23,30402321.23,28.71,2022-01-28,2025-01-04,2025-02-23,50,In Progress,103
PRJ-11133,School Project 1133,School,Tabuk,Al Fouzan,Ministry of Education,145071773.65,132813298.21,-12258475.44,-8.45,2020-09-12,2022-02-18,2022-02-18,0,Delayed,80
PRJ-11134,Bridge Project 1134,Bridge,Abha,Al Arrab,Ministry of Education,75966941.95,116997627.53,41030685.58,54.01,2020-12-29,2022-10-01,2022-11-08,38,In Progress,206
PRJ-11135,Commercial Complex Project 1135,Commercial Complex,Neom,Al Arrab,Ministry of Transport,27298713.98,35274460.78,7975746.8,29.22,2018-06-28,2020-09-14,2021-08-05,325,Completed,195
PRJ-11136,Airport Terminal Project 1136,Airport Terminal,Jazan,Nesma & Partners,Aramco,59784775.46,92202269.26,32417493.8,54.22,2023-02-10,2023-07-11,2023-07-15,4,In Progress,160
PRJ-11137,Dam Project 1137,Dam,Dammam,Al Bawani,Ministry of Health,24012344.62,26361479.19,2349134.57,9.78,2019-03-08,2020-02-09,2020-05-14,95,Completed,366
PRJ-11138,Highway Project 1138,Highway,Abha,Saudi Binladin Group,Ministry of Health,43861807.03,50942164.59,7080357.56,16.14,2018-04-21,2019-08-04,2019-08-04,0,Completed,254
PRJ-11139,Metro Rail Project 1139,Metro Rail,Dammam,Saudi Binladin Group,NEOM Co.,101069097.63,106160384.6,5091286.97,5.04,2018-10-17,2020-01-24,2020-10-02,252,On Hold,86
PRJ-11140,Highway Project 1140,Highway,Jazan,Nesma & Partners,Private Developer,93918677.89,100636098.15,6717420.26,7.15,2020-04-22,2021-11-14,2021-11-14,0,Completed,156
PRJ-11141,Commercial Complex Project 1141,Commercial Complex,Dammam,Saudi Binladin Group,Ministry of Housing,125008141.33,107472676.46,-17535464.87,-14.03,2022-03-19,2024-02-25,2024-05-05,70,On Hold,436
PRJ-11142,School Project 1142,School,Jazan,Al Bawani,Private Developer,101265977.9,130540648.77,29274670.87,28.91,2021-03-17,2024-01-12,2024-01-13,1,On Hold,486
PRJ-11143,Highway Project 1143,Highway,Mecca,El Seif Engineering,Ministry of Health,43501092.99,49259193.59,5758100.6,13.24,2023-05-02,2026-04-27,2026-05-07,10,Cancelled,38
PRJ-11144,Bridge Project 1144,Bridge,Abha,Nesma & Partners,Aramco,93383221.13,134113175.93,40729954.8,43.62,2021-11-19,2024-06-02,2024-06-14,12,On Hold,433
PRJ-11145,School Project 1145,School,Dammam,Saudi Binladin Group,Royal Commission,60976844.14,90063278.93,29086434.79,47.7,2020-05-18,2022-06-09,2022-06-11,2,Completed,195
PRJ-11146,Metro Rail Project 1146,Metro Rail,Tabuk,Saudi Binladin Group,Ministry of Transport,43220869.53,60438123.62,17217254.09,39.84,2018-11-30,2019-12-13,2020-07-29,229,Completed,397
PRJ-11147,Industrial Plant Project 1147,Industrial Plant,Medina,Al Bawani,Ministry of Transport,50202195.49,57689192.17,7486996.68,14.91,2023-03-19,2025-03-31,2025-04-01,1,Cancelled,299
PRJ-11148,Residential Building Project 1148,Residential Building,Neom,SSEM,Ministry of Housing,141695063.11,196557027.92,54861964.81,38.72,2019-10-07,2020-02-23,2020-03-24,30,Delayed,394
PRJ-11149,Industrial Plant Project 1149,Industrial Plant,Abha,Al Bawani,Ministry of Transport,95026181.97,112574390.59,17548208.62,18.47,2022-03-20,2023-05-06,2023-05-12,6,In Progress,369
PRJ-11150,Commercial Complex Project 1150,Commercial Complex,Tabuk,Al Arrab,Aramco,112765499.86,104995767.25,-7769732.61,-6.89,2022-07-12,2024-03-07,2024-11-25,263,On Hold,254
PRJ-11151,Metro Rail Project 1151,Metro Rail,Riyadh,SADEEM Construction,NEOM Co.,42038990.03,50262453.04,8223463.01,19.56,2021-10-29,2022-07-01,2022-07-10,9,Completed,497
PRJ-11152,Bridge Project 1152,Bridge,Medina,Nesma & Partners,NEOM Co.,147065126.77,186031619.75,38966492.98,26.5,2020-10-24,2023-10-05,2023-10-07,2,Cancelled,486
PRJ-11153,Hospital Project 1153,Hospital,Jazan,Nesma & Partners,Royal Commission,27315019.96,25693676.96,-1621343.0,-5.94,2020-01-08,2021-01-29,2021-05-14,105,Completed,466
PRJ-11154,School Project 1154,School,Medina,Al Rashid Trading,Aramco,60838349.85,86003740.4,25165390.55,41.36,2018-11-09,2021-10-15,2021-11-24,40,Completed,422
PRJ-11155,Residential Building Project 1155,Residential Building,Dammam,SADEEM Construction,Aramco,63697931.22,74404910.29,10706979.07,16.81,2018-07-12,2020-03-03,2020-03-15,12,Delayed,92
PRJ-11156,Commercial Complex Project 1156,Commercial Complex,Mecca,AECOM Arabia,Royal Commission,40009301.34,49468770.79,9459469.45,23.64,2018-07-02,2019-09-26,2019-10-02,6,On Hold,142
PRJ-11157,Dam Project 1157,Dam,Mecca,SSEM,NEOM Co.,40645796.53,40086449.38,-559347.15,-1.38,2018-09-11,2021-07-29,2021-07-29,0,Delayed,449
PRJ-11158,Industrial Plant Project 1158,Industrial Plant,Abha,Al Arrab,NEOM Co.,98685031.49,131538241.68,32853210.19,33.29,2020-01-22,2021-07-16,2021-10-27,103,Delayed,201
PRJ-11159,Commercial Complex Project 1159,Commercial Complex,Abha,Al Bawani,Ministry of Education,12008430.33,11079879.47,-928550.86,-7.73,2022-12-02,2023-11-26,2023-11-26,0,Cancelled,339
PRJ-11160,Residential Building Project 1160,Residential Building,Medina,Al Bawani,Ministry of Housing,142737771.52,131840254.93,-10897516.59,-7.63,2022-10-14,2023-06-19,2023-06-29,10,Cancelled,214
PRJ-11161,Commercial Complex Project 1161,Commercial Complex,Medina,Al Arrab,Ministry of Education,90057165.78,123270595.79,33213430.01,36.88,2018-07-11,2020-08-24,2020-09-22,29,Cancelled,470
PRJ-11162,Dam Project 1162,Dam,Jeddah,El Seif Engineering,NEOM Co.,40476603.16,36612431.59,-3864171.57,-9.55,2018-08-10,2020-11-26,2020-11-26,0,On Hold,112
PRJ-11163,School Project 1163,School,Tabuk,El Seif Engineering,Royal Commission,144769797.73,201348879.26,56579081.53,39.08,2021-05-22,2022-08-05,2022-08-13,8,On Hold,68
PRJ-11164,Industrial Plant Project 1164,Industrial Plant,Jazan,Saudi Binladin Group,NEOM Co.,106141165.55,116789875.14,10648709.59,10.03,2020-08-20,2023-07-17,2023-08-14,28,Cancelled,26
PRJ-11165,Metro Rail Project 1165,Metro Rail,Abha,Saudi Binladin Group,Royal Commission,41028889.94,44282500.8,3253610.86,7.93,2020-05-30,2022-11-14,2022-11-14,0,In Progress,454
PRJ-11166,Residential Building Project 1166,Residential Building,Abha,SADEEM Construction,Private Developer,129981297.22,121496721.71,-8484575.51,-6.53,2018-12-27,2021-01-05,2021-09-12,250,Completed,162
PRJ-11167,Dam Project 1167,Dam,Abha,Al Bawani,Ministry of Transport,23646877.58,34033252.65,10386375.07,43.92,2023-01-04,2025-02-17,2025-05-14,86,Completed,468
PRJ-11168,School Project 1168,School,Tabuk,SADEEM Construction,NEOM Co.,132507576.81,127311926.93,-5195649.88,-3.92,2019-12-17,2020-10-05,2020-10-05,0,Cancelled,362
PRJ-11169,Highway Project 1169,Highway,Abha,Al Fouzan,Ministry of Health,88344087.73,123159565.83,34815478.1,39.41,2018-01-21,2020-08-10,2020-09-15,36,In Progress,49
PRJ-11170,Metro Rail Project 1170,Metro Rail,Neom,Nesma & Partners,Royal Commission,61518677.78,55650932.02,-5867745.76,-9.54,2022-08-14,2024-09-22,2024-09-22,0,Delayed,17
PRJ-11171,Highway Project 1171,Highway,Jazan,Nesma & Partners,Ministry of Education,87647445.49,106071236.26,18423790.77,21.02,2019-10-11,2022-06-12,2022-06-20,8,On Hold,144
PRJ-11172,Airport Terminal Project 1172,Airport Terminal,Riyadh,SSEM,NEOM Co.,143658361.76,218625225.91,74966864.15,52.18,2020-07-09,2022-07-18,2022-08-02,15,Completed,121
PRJ-11173,Bridge Project 1173,Bridge,Abha,Al Bawani,NEOM Co.,28686820.56,46805576.03,18118755.47,63.16,2020-02-13,2022-01-18,2022-02-20,33,In Progress,357
PRJ-11174,Metro Rail Project 1174,Metro Rail,Riyadh,Al Fouzan,Royal Commission,15733018.58,14198986.06,-1534032.52,-9.75,2019-09-11,2019-12-26,2019-12-26,0,Completed,368
PRJ-11175,Dam Project 1175,Dam,Jazan,Al Arrab,Ministry of Health,65320627.5,60603671.15,-4716956.35,-7.22,2019-12-23,2021-03-17,2021-03-17,0,Delayed,68
PRJ-11176,Highway Project 1176,Highway,Jazan,Al Arrab,Royal Commission,112383460.28,134547364.24,22163903.96,19.72,2021-02-06,2021-11-04,2022-01-16,73,On Hold,155
PRJ-11177,School Project 1177,School,Mecca,AECOM Arabia,Aramco,39177390.5,40365287.99,1187897.49,3.03,2022-07-09,2023-01-04,2023-01-04,0,Completed,325
PRJ-11178,School Project 1178,School,Jeddah,SSEM,Aramco,108655448.77,117004120.22,8348671.45,7.68,2020-06-28,2022-07-06,2022-07-06,0,Delayed,446
PRJ-11179,School Project 1179,School,Medina,Al Rashid Trading,Ministry of Education,92187106.89,96208093.14,4020986.25,4.36,2020-02-20,2021-12-05,2022-01-04,30,Completed,189
PRJ-11180,Dam Project 1180,Dam,Abha,Al Arrab,Ministry of Housing,107250882.15,99466339.19,-7784542.96,-7.26,2020-02-07,2022-12-25,2022-12-25,0,Delayed,460
PRJ-11181,Industrial Plant Project 1181,Industrial Plant,Mecca,Al Arrab,Ministry of Transport,30290915.3,47010774.69,16719859.39,55.2,2023-01-18,2023-04-22,2023-06-27,66,In Progress,414
PRJ-11182,Hospital Project 1182,Hospital,Qassim,AECOM Arabia,Royal Commission,110939111.03,100302675.79,-10636435.24,-9.59,2018-12-16,2020-02-22,2020-02-22,0,In Progress,294
PRJ-11183,School Project 1183,School,Medina,AECOM Arabia,Ministry of Health,37632250.93,36289605.41,-1342645.52,-3.57,2018-04-16,2020-11-09,2020-11-09,0,In Progress,490
PRJ-11184,School Project 1184,School,Dammam,Al Arrab,Royal Commission,40985546.04,36887853.63,-4097692.41,-10.0,2018-11-21,2020-08-01,2020-08-09,8,In Progress,268
PRJ-11185,Commercial Complex Project 1185,Commercial Complex,Neom,Al Arrab,Private Developer,69111607.23,92290629.87,23179022.64,33.54,2021-02-06,2023-09-11,2023-10-20,39,Completed,57
PRJ-11186,Residential Building Project 1186,Residential Building,Abha,Saudi Binladin Group,NEOM Co.,101094314.46,93445999.19,-7648315.27,-7.57,2021-06-19,2021-10-15,2021-10-15,0,Completed,302
PRJ-11187,School Project 1187,School,Riyadh,Nesma & Partners,Ministry of Education,142747861.17,164380949.82,21633088.65,15.15,2021-07-17,2023-07-26,2023-07-26,0,In Progress,162
PRJ-11188,Bridge Project 1188,Bridge,Qassim,Al Rashid Trading,Ministry of Health,120861002.62,138614896.7,17753894.08,14.69,2019-06-18,2021-11-12,2021-11-12,0,In Progress,331
PRJ-11189,Residential Building Project 1189,Residential Building,Neom,El Seif Engineering,Aramco,139940220.97,141371195.69,1430974.72,1.02,2023-03-14,2024-09-24,2024-10-17,23,Delayed,144
PRJ-11190,Highway Project 1190,Highway,Jeddah,El Seif Engineering,Ministry of Education,92709149.37,104099807.84,11390658.47,12.29,2020-01-11,2022-08-22,2022-08-22,0,Completed,261
PRJ-11191,Residential Building Project 1191,Residential Building,Abha,El Seif Engineering,Ministry of Education,110818650.31,100265055.07,-10553595.24,-9.52,2021-07-05,2024-06-11,2024-07-03,22,On Hold,465
PRJ-11192,Hospital Project 1192,Hospital,Jazan,Nesma & Partners,NEOM Co.,55981384.3,65846982.68,9865598.38,17.62,2018-01-21,2019-02-20,2019-02-20,0,Cancelled,447
PRJ-11193,Residential Building Project 1193,Residential Building,Jeddah,Al Fouzan,Royal Commission,87875112.01,93594271.36,5719159.35,6.51,2021-06-11,2023-01-17,2023-08-21,216,Delayed,484
PRJ-11194,Commercial Complex Project 1194,Commercial Complex,Medina,AECOM Arabia,Ministry of Housing,55583113.53,76880919.49,21297805.96,38.32,2018-02-17,2019-11-17,2020-01-23,67,In Progress,453
PRJ-11195,Hospital Project 1195,Hospital,Jeddah,Al Rashid Trading,Ministry of Housing,118214360.5,160085624.03,41871263.53,35.42,2018-10-11,2019-12-10,2019-12-28,18,In Progress,147
PRJ-11196,Industrial Plant Project 1196,Industrial Plant,Jazan,Al Rashid Trading,Aramco,37633349.51,44862003.44,7228653.93,19.21,2021-12-21,2023-03-12,2023-04-17,36,On Hold,233
PRJ-11197,Airport Terminal Project 1197,Airport Terminal,Abha,Al Rashid Trading,Private Developer,66660554.46,72979754.87,6319200.41,9.48,2019-02-10,2019-11-04,2019-11-04,0,Delayed,211
PRJ-11198,Commercial Complex Project 1198,Commercial Complex,Neom,AECOM Arabia,Private Developer,140473952.91,212086814.12,71612861.21,50.98,2022-06-15,2023-03-01,2023-03-02,1,On Hold,462
PRJ-11199,Dam Project 1199,Dam,Abha,AECOM Arabia,Private Developer,44211275.01,38354636.72,-5856638.29,-13.25,2019-10-15,2022-04-27,2022-05-14,17,On Hold,112
PRJ-11200,Metro Rail Project 1200,Metro Rail,Tabuk,Al Fouzan,Aramco,45506388.64,47817629.58,2311240.94,5.08,2018-12-09,2020-06-11,2020-06-11,0,Delayed,310
PRJ-11201,School Project 1201,School,Mecca,AECOM Arabia,Royal Commission,8898323.56,14163359.31,5265035.75,59.17,2018-03-03,2019-07-13,2019-08-02,20,On Hold,414
PRJ-11202,Highway Project 1202,Highway,Tabuk,Al Rashid Trading,Aramco,16256286.11,19145627.08,2889340.97,17.77,2021-09-07,2022-07-14,2022-08-26,43,Delayed,72
PRJ-11203,Residential Building Project 1203,Residential Building,Tabuk,Saudi Binladin Group,Royal Commission,98448470.32,96242615.19,-2205855.13,-2.24,2020-08-11,2021-06-15,2021-06-24,9,In Progress,297
PRJ-11204,Commercial Complex Project 1204,Commercial Complex,Abha,SADEEM Construction,Ministry of Transport,24489160.83,24452852.32,-36308.51,-0.15,2019-03-22,2020-12-10,2020-12-12,2,Cancelled,494
PRJ-11205,Commercial Complex Project 1205,Commercial Complex,Neom,Al Arrab,Ministry of Health,99800798.06,149830992.87,50030194.81,50.13,2022-07-24,2023-09-12,2023-11-15,64,On Hold,265
PRJ-11206,Residential Building Project 1206,Residential Building,Mecca,Al Arrab,Aramco,102927579.33,111300733.49,8373154.16,8.13,2020-07-16,2021-02-18,2021-02-21,3,On Hold,131
PRJ-11207,Metro Rail Project 1207,Metro Rail,Riyadh,SADEEM Construction,Ministry of Housing,46816127.86,45645119.98,-1171007.88,-2.5,2022-05-24,2024-06-11,2024-06-11,0,On Hold,155
PRJ-11208,Highway Project 1208,Highway,Abha,Saudi Binladin Group,Ministry of Housing,77493346.13,87994374.93,10501028.8,13.55,2021-08-13,2022-10-22,2022-11-14,23,On Hold,380
PRJ-11209,Industrial Plant Project 1209,Industrial Plant,Mecca,Al Fouzan,Royal Commission,53391479.23,79095967.52,25704488.29,48.14,2018-06-13,2019-10-25,2019-12-16,52,Cancelled,34
PRJ-11210,School Project 1210,School,Mecca,SSEM,Ministry of Education,46515476.84,54615520.72,8100043.88,17.41,2021-08-05,2024-03-21,2024-03-21,0,Delayed,490
PRJ-11211,Metro Rail Project 1211,Metro Rail,Jeddah,Saudi Binladin Group,Ministry of Transport,142945845.04,162034827.33,19088982.29,13.35,2022-08-18,2023-01-03,2023-01-14,11,Delayed,451
PRJ-11212,School Project 1212,School,Medina,Nesma & Partners,Aramco,76092305.94,89966691.18,13874385.24,18.23,2022-01-22,2022-11-03,2022-11-03,0,Cancelled,12
PRJ-11213,Residential Building Project 1213,Residential Building,Mecca,Saudi Binladin Group,Aramco,131509755.25,153101631.1,21591875.85,16.42,2023-04-24,2023-09-10,2023-09-13,3,Cancelled,415
PRJ-11214,School Project 1214,School,Mecca,Nesma & Partners,NEOM Co.,83228992.87,83652666.26,423673.39,0.51,2020-08-01,2022-06-19,2022-07-09,20,In Progress,395
PRJ-11215,Metro Rail Project 1215,Metro Rail,Abha,SSEM,Aramco,128893107.29,195959632.44,67066525.15,52.03,2020-12-16,2022-09-01,2022-10-04,33,On Hold,153
PRJ-11216,Hospital Project 1216,Hospital,Jazan,Al Rashid Trading,Aramco,128885259.76,154838688.74,25953428.98,20.14,2022-04-19,2023-04-14,2023-05-25,41,Cancelled,437
PRJ-11217,Bridge Project 1217,Bridge,Medina,El Seif Engineering,Aramco,91776739.87,127470213.08,35693473.21,38.89,2020-10-09,2023-09-29,2024-01-27,120,On Hold,429
PRJ-11218,School Project 1218,School,Medina,SSEM,Aramco,27298361.73,30251631.64,2953269.91,10.82,2019-03-04,2020-05-15,2020-05-15,0,Cancelled,449
PRJ-11219,Hospital Project 1219,Hospital,Mecca,SSEM,NEOM Co.,34824925.03,34206002.26,-618922.77,-1.78,2020-10-30,2023-06-15,2023-06-18,3,Delayed,207
PRJ-11220,Dam Project 1220,Dam,Neom,Al Bawani,Ministry of Transport,797824.22,1145612.42,347788.2,43.59,2020-03-30,2022-09-04,2022-10-12,38,In Progress,361
PRJ-11221,Industrial Plant Project 1221,Industrial Plant,Neom,El Seif Engineering,NEOM Co.,77482535.81,71039357.0,-6443178.81,-8.32,2022-11-30,2024-06-14,2024-06-19,5,Completed,467
PRJ-11222,Dam Project 1222,Dam,Dammam,SADEEM Construction,Ministry of Housing,3359780.48,5250276.64,1890496.16,56.27,2021-09-17,2023-04-17,2023-04-22,5,Completed,484
PRJ-11223,Airport Terminal Project 1223,Airport Terminal,Jeddah,Al Fouzan,Ministry of Health,36609757.83,34203632.3,-2406125.53,-6.57,2018-11-05,2019-09-08,2019-09-21,13,Delayed,37
PRJ-11224,Dam Project 1224,Dam,Mecca,Al Fouzan,Aramco,33743015.06,45087489.15,11344474.09,33.62,2021-08-21,2022-01-08,2022-01-29,21,In Progress,160
PRJ-11225,Bridge Project 1225,Bridge,Abha,Nesma & Partners,Private Developer,37180170.97,43234080.47,6053909.5,16.28,2021-05-29,2023-02-20,2023-02-21,1,Completed,340
PRJ-11226,Bridge Project 1226,Bridge,Jeddah,Al Rashid Trading,Aramco,35513403.95,57456789.72,21943385.77,61.79,2023-01-08,2023-06-01,2023-06-08,7,Completed,282
PRJ-11227,Commercial Complex Project 1227,Commercial Complex,Mecca,Al Rashid Trading,Ministry of Health,92636922.65,109554285.14,16917362.49,18.26,2020-03-15,2021-07-19,2021-08-12,24,Delayed,263
PRJ-11228,Bridge Project 1228,Bridge,Dammam,Al Rashid Trading,Royal Commission,64627177.85,68651609.23,4024431.38,6.23,2019-08-13,2021-08-24,2021-08-24,0,Completed,58
PRJ-11229,Highway Project 1229,Highway,Qassim,AECOM Arabia,Ministry of Education,104616256.15,116191399.29,11575143.14,11.06,2019-09-18,2022-01-11,2022-01-11,0,In Progress,171
PRJ-11230,Commercial Complex Project 1230,Commercial Complex,Dammam,Nesma & Partners,Royal Commission,26168239.2,30867177.7,4698938.5,17.96,2020-07-21,2023-04-28,2023-11-15,201,On Hold,181
PRJ-11231,Residential Building Project 1231,Residential Building,Dammam,SADEEM Construction,Aramco,130643781.46,177039978.68,46396197.22,35.51,2021-10-23,2022-07-14,2022-12-11,150,On Hold,308
PRJ-11232,Residential Building Project 1232,Residential Building,Jazan,Al Rashid Trading,Ministry of Education,80109357.93,74871679.35,-5237678.58,-6.54,2018-04-03,2018-10-22,2018-10-22,0,Delayed,437
PRJ-11233,Bridge Project 1233,Bridge,Qassim,Al Bawani,NEOM Co.,91042864.45,85139751.79,-5903112.66,-6.48,2018-10-28,2021-03-09,2021-03-09,0,Delayed,241
PRJ-11234,Dam Project 1234,Dam,Tabuk,Al Bawani,Private Developer,50912383.05,71463620.49,20551237.44,40.37,2020-09-23,2022-11-01,2022-11-05,4,Delayed,164
PRJ-11235,Hospital Project 1235,Hospital,Qassim,AECOM Arabia,Ministry of Education,31334691.02,31884859.63,550168.61,1.76,2019-07-07,2020-01-28,2020-01-28,0,Completed,85
PRJ-11236,School Project 1236,School,Medina,Nesma & Partners,Royal Commission,134403379.25,168843445.64,34440066.39,25.62,2018-03-05,2019-10-25,2019-10-31,6,On Hold,194
PRJ-11237,Bridge Project 1237,Bridge,Jeddah,Al Rashid Trading,Ministry of Health,63181113.34,57206531.13,-5974582.21,-9.46,2018-08-10,2020-08-23,2020-08-23,0,Cancelled,470
PRJ-11238,Dam Project 1238,Dam,Qassim,Nesma & Partners,Private Developer,119017337.98,146320393.38,27303055.4,22.94,2021-10-22,2024-08-09,2024-08-11,2,Cancelled,223
PRJ-11239,Industrial Plant Project 1239,Industrial Plant,Mecca,Al Rashid Trading,Ministry of Housing,84321405.09,91786205.13,7464800.04,8.85,2020-12-01,2022-10-15,2022-10-15,0,Completed,231
PRJ-11240,Dam Project 1240,Dam,Neom,Al Fouzan,Private Developer,103450428.58,88758711.27,-14691717.31,-14.2,2023-06-09,2023-12-28,2024-01-05,8,In Progress,248
PRJ-11241,Highway Project 1241,Highway,Qassim,SADEEM Construction,NEOM Co.,108654827.52,165035183.25,56380355.73,51.89,2020-09-24,2021-10-29,2021-11-21,23,Completed,242
PRJ-11242,Residential Building Project 1242,Residential Building,Medina,SADEEM Construction,Aramco,123297560.25,152651716.67,29354156.42,23.81,2020-09-27,2021-02-18,2021-04-14,55,Completed,35
PRJ-11243,Industrial Plant Project 1243,Industrial Plant,Dammam,Al Fouzan,Private Developer,50377445.18,61008863.95,10631418.77,21.1,2022-10-26,2025-04-07,2025-05-24,47,Cancelled,89
PRJ-11244,Commercial Complex Project 1244,Commercial Complex,Mecca,Nesma & Partners,Ministry of Transport,27924608.36,32294591.92,4369983.56,15.65,2021-04-13,2022-09-27,2022-09-27,0,Completed,252
PRJ-11245,Hospital Project 1245,Hospital,Medina,Al Arrab,Ministry of Health,132442701.58,137726228.58,5283527.0,3.99,2023-06-04,2024-10-14,2024-10-14,0,Delayed,315
PRJ-11246,Industrial Plant Project 1246,Industrial Plant,Dammam,AECOM Arabia,Ministry of Health,11817109.23,17640936.68,5823827.45,49.28,2022-11-29,2025-01-22,2025-02-05,14,In Progress,138
PRJ-11247,Highway Project 1247,Highway,Abha,Al Bawani,Ministry of Transport,135315217.27,122267973.77,-13047243.5,-9.64,2019-09-17,2020-10-19,2020-10-25,6,On Hold,289
PRJ-11248,Highway Project 1248,Highway,Abha,Al Arrab,Aramco,131663892.74,168978594.82,37314702.08,28.34,2020-12-14,2021-08-02,2021-08-16,14,Delayed,249
PRJ-11249,Hospital Project 1249,Hospital,Abha,SSEM,Ministry of Health,145225838.9,198763984.27,53538145.37,36.87,2020-04-20,2023-03-30,2023-04-01,2,Completed,500
PRJ-11250,School Project 1250,School,Jeddah,Nesma & Partners,Private Developer,11578760.67,17287687.56,5708926.89,49.31,2019-05-12,2021-10-23,2021-11-06,14,Cancelled,288
PRJ-11251,Metro Rail Project 1251,Metro Rail,Mecca,Saudi Binladin Group,Ministry of Health,65304098.8,78309717.41,13005618.61,19.92,2020-04-05,2020-11-09,2020-11-09,0,Cancelled,245
PRJ-11252,Residential Building Project 1252,Residential Building,Jeddah,Saudi Binladin Group,Private Developer,84079363.1,86272914.71,2193551.61,2.61,2021-08-23,2024-03-19,2024-03-30,11,Delayed,299
PRJ-11253,Dam Project 1253,Dam,Tabuk,Saudi Binladin Group,Aramco,52902819.88,53524956.1,622136.22,1.18,2021-04-12,2023-08-08,2023-08-08,0,Completed,369
PRJ-11254,Bridge Project 1254,Bridge,Qassim,Nesma & Partners,Ministry of Education,10772694.82,10889818.36,117123.54,1.09,2019-04-03,2019-11-18,2019-11-18,0,In Progress,164
PRJ-11255,Industrial Plant Project 1255,Industrial Plant,Riyadh,SSEM,Ministry of Transport,69903658.7,96144344.9,26240686.2,37.54,2018-05-18,2018-12-11,2019-01-18,38,Completed,276
PRJ-11256,Commercial Complex Project 1256,Commercial Complex,Medina,Al Rashid Trading,Aramco,106460465.46,96081539.35,-10378926.11,-9.75,2018-02-20,2019-09-18,2019-09-18,0,Completed,484
PRJ-11257,Commercial Complex Project 1257,Commercial Complex,Mecca,Al Arrab,Ministry of Education,33041276.24,40878385.93,7837109.69,23.72,2022-08-07,2023-05-12,2023-06-13,32,Delayed,430
PRJ-11258,Metro Rail Project 1258,Metro Rail,Jazan,AECOM Arabia,Aramco,1294364.61,1900447.81,606083.2,46.82,2018-10-27,2020-04-11,2020-05-29,48,In Progress,97
PRJ-11259,Airport Terminal Project 1259,Airport Terminal,Qassim,Al Rashid Trading,Ministry of Education,82488664.87,120698407.57,38209742.7,46.32,2019-08-17,2021-03-20,2021-03-22,2,Cancelled,262
PRJ-11260,Hospital Project 1260,Hospital,Mecca,Al Arrab,Ministry of Health,87765181.37,127382173.07,39616991.7,45.14,2022-06-27,2024-09-08,2024-10-23,45,On Hold,85
PRJ-11261,Residential Building Project 1261,Residential Building,Mecca,SSEM,Aramco,120548809.76,115999251.21,-4549558.55,-3.77,2020-03-08,2022-01-04,2022-01-25,21,Cancelled,237
PRJ-11262,Residential Building Project 1262,Residential Building,Tabuk,Nesma & Partners,Ministry of Education,100838042.27,145590222.54,44752180.27,44.38,2022-01-20,2024-10-09,2025-02-15,129,Delayed,266
PRJ-11263,Airport Terminal Project 1263,Airport Terminal,Medina,Al Fouzan,Ministry of Health,25897210.4,40459926.93,14562716.53,56.23,2018-05-09,2020-01-14,2020-01-20,6,Cancelled,183
PRJ-11264,Dam Project 1264,Dam,Dammam,SADEEM Construction,Private Developer,112621680.87,164086664.56,51464983.69,45.7,2020-03-17,2023-01-16,2023-03-28,71,On Hold,202
PRJ-11265,Dam Project 1265,Dam,Neom,Nesma & Partners,Private Developer,89774718.25,140165477.6,50390759.35,56.13,2021-11-30,2022-07-10,2022-08-10,31,Delayed,309
PRJ-11266,Metro Rail Project 1266,Metro Rail,Abha,El Seif Engineering,Ministry of Housing,87031609.8,94839859.31,7808249.51,8.97,2022-10-11,2023-02-08,2023-02-08,0,Completed,265
PRJ-11267,Dam Project 1267,Dam,Tabuk,Al Rashid Trading,Ministry of Transport,23893269.04,24901000.3,1007731.26,4.22,2023-01-17,2023-08-02,2023-08-02,0,On Hold,396
PRJ-11268,School Project 1268,School,Jeddah,Saudi Binladin Group,Private Developer,107601368.24,114784207.05,7182838.81,6.68,2018-03-18,2018-10-11,2019-06-23,255,Delayed,320
PRJ-11269,Residential Building Project 1269,Residential Building,Dammam,Al Fouzan,Aramco,30736999.99,32064853.83,1327853.84,4.32,2020-07-09,2022-09-22,2022-10-03,11,Cancelled,294
PRJ-11270,Bridge Project 1270,Bridge,Medina,SADEEM Construction,Ministry of Education,32629439.24,51432832.66,18803393.42,57.63,2021-10-22,2023-04-13,2023-04-29,16,In Progress,232
PRJ-11271,Airport Terminal Project 1271,Airport Terminal,Medina,El Seif Engineering,Ministry of Housing,76305417.19,72976678.39,-3328738.8,-4.36,2023-05-20,2025-05-23,2025-05-23,0,In Progress,467
PRJ-11272,Residential Building Project 1272,Residential Building,Tabuk,Al Arrab,Aramco,12007264.57,13314217.42,1306952.85,10.88,2019-01-15,2020-03-28,2020-03-28,0,Cancelled,264
PRJ-11273,Bridge Project 1273,Bridge,Medina,AECOM Arabia,Ministry of Education,57728415.28,79527162.21,21798746.93,37.76,2019-12-23,2021-08-16,2021-10-06,51,In Progress,420
PRJ-11274,Commercial Complex Project 1274,Commercial Complex,Jazan,Al Arrab,Ministry of Health,119538096.86,167817996.68,48279899.82,40.39,2018-05-26,2021-02-03,2021-02-12,9,Cancelled,162
PRJ-11275,Commercial Complex Project 1275,Commercial Complex,Jeddah,SSEM,Ministry of Transport,39977266.71,54333080.21,14355813.5,35.91,2021-05-16,2021-10-05,2022-09-23,353,Delayed,482
PRJ-11276,Industrial Plant Project 1276,Industrial Plant,Abha,Al Fouzan,Aramco,49014514.13,49148876.05,134361.92,0.27,2022-11-20,2025-07-30,2025-08-08,9,Cancelled,304
PRJ-11277,Bridge Project 1277,Bridge,Qassim,AECOM Arabia,Private Developer,104348823.35,138391856.12,34043032.77,32.62,2021-06-20,2022-10-31,2022-11-07,7,Completed,308
PRJ-11278,Dam Project 1278,Dam,Mecca,Saudi Binladin Group,Ministry of Housing,40062936.53,60172598.95,20109662.42,50.2,2020-05-13,2021-07-23,2021-08-24,32,Completed,81
PRJ-11279,Bridge Project 1279,Bridge,Qassim,Al Fouzan,Ministry of Housing,116814773.85,116835558.07,20784.22,0.02,2020-10-07,2021-09-03,2021-10-15,42,Cancelled,369
PRJ-11280,Residential Building Project 1280,Residential Building,Tabuk,El Seif Engineering,Ministry of Health,13713549.57,15697595.35,1984045.78,14.47,2022-02-23,2024-01-26,2024-03-02,36,Cancelled,255
PRJ-11281,Highway Project 1281,Highway,Mecca,Saudi Binladin Group,Aramco,65135760.85,63694497.62,-1441263.23,-2.21,2020-10-14,2021-02-17,2021-02-17,0,On Hold,254
PRJ-11282,Industrial Plant Project 1282,Industrial Plant,Medina,Saudi Binladin Group,Ministry of Housing,5534622.38,6440948.52,906326.14,16.38,2022-05-04,2022-08-28,2022-08-28,0,Cancelled,450
PRJ-11283,School Project 1283,School,Riyadh,Al Bawani,Ministry of Education,36887804.14,39366707.03,2478902.89,6.72,2020-03-03,2020-07-24,2020-07-24,0,On Hold,369
PRJ-11284,School Project 1284,School,Qassim,Nesma & Partners,Aramco,6327408.44,6960492.34,633083.9,10.01,2018-08-30,2020-02-19,2020-02-19,0,Delayed,190
PRJ-11285,Bridge Project 1285,Bridge,Tabuk,Al Arrab,Ministry of Housing,48792588.19,76140568.01,27347979.82,56.05,2019-04-21,2020-03-19,2020-11-07,233,Cancelled,300
PRJ-11286,Residential Building Project 1286,Residential Building,Riyadh,Al Rashid Trading,Ministry of Housing,49130947.45,80915041.58,31784094.13,64.69,2018-04-27,2018-10-12,2018-12-20,69,Completed,170
PRJ-11287,Hospital Project 1287,Hospital,Neom,Al Rashid Trading,Private Developer,123899641.79,129996370.09,6096728.3,4.92,2021-05-26,2022-01-03,2022-02-27,55,Completed,49
PRJ-11288,Industrial Plant Project 1288,Industrial Plant,Qassim,Al Rashid Trading,Ministry of Education,86717008.63,79794977.27,-6922031.36,-7.98,2022-02-14,2024-05-06,2024-05-06,0,In Progress,237
PRJ-11289,Industrial Plant Project 1289,Industrial Plant,Tabuk,Al Bawani,Private Developer,14690231.55,16325421.78,1635190.23,11.13,2021-08-31,2024-05-06,2024-11-26,204,Delayed,367
PRJ-11290,Airport Terminal Project 1290,Airport Terminal,Qassim,El Seif Engineering,Ministry of Housing,112353494.85,172622001.15,60268506.3,53.64,2023-01-19,2024-04-07,2024-05-26,49,On Hold,153
PRJ-11291,Commercial Complex Project 1291,Commercial Complex,Medina,Nesma & Partners,Ministry of Transport,149645430.46,132029269.37,-17616161.09,-11.77,2022-02-28,2023-04-06,2023-04-14,8,In Progress,28
PRJ-11292,Bridge Project 1292,Bridge,Jazan,SSEM,Aramco,61973131.94,58194270.7,-3778861.24,-6.1,2020-10-18,2021-02-06,2021-02-06,0,Cancelled,206
PRJ-11293,Industrial Plant Project 1293,Industrial Plant,Jeddah,Saudi Binladin Group,Private Developer,3852670.43,5690358.01,1837687.58,47.7,2021-06-02,2024-01-23,2024-07-11,170,On Hold,237
PRJ-11294,Residential Building Project 1294,Residential Building,Medina,Al Rashid Trading,Ministry of Health,85144013.34,116943054.89,31799041.55,37.35,2021-09-13,2022-06-18,2022-11-14,149,Completed,287
PRJ-11295,Hospital Project 1295,Hospital,Riyadh,AECOM Arabia,Royal Commission,35186717.96,31819856.93,-3366861.03,-9.57,2022-08-24,2025-06-23,2025-06-23,0,Cancelled,120
PRJ-11296,Residential Building Project 1296,Residential Building,Tabuk,AECOM Arabia,Ministry of Health,114770831.27,124770001.85,9999170.58,8.71,2020-05-25,2023-01-26,2023-01-26,0,Completed,423
PRJ-11297,Commercial Complex Project 1297,Commercial Complex,Qassim,Al Arrab,Private Developer,114464242.36,173950817.18,59486574.82,51.97,2023-04-05,2025-11-29,2025-11-30,1,Cancelled,403
PRJ-11298,Airport Terminal Project 1298,Airport Terminal,Mecca,Nesma & Partners,Ministry of Health,93119166.91,99546121.93,6426955.02,6.9,2022-03-08,2023-09-27,2023-09-27,0,Completed,153
PRJ-11299,Industrial Plant Project 1299,Industrial Plant,Jeddah,Al Rashid Trading,Private Developer,93879800.19,123879015.73,29999215.54,31.95,2021-03-15,2022-05-24,2022-07-22,59,Delayed,147
PRJ-11300,Industrial Plant Project 1300,Industrial Plant,Neom,Saudi Binladin Group,Aramco,87352081.79,104578239.64,17226157.85,19.72,2021-03-10,2022-04-18,2022-04-18,0,In Progress,237
PRJ-11301,Dam Project 1301,Dam,Riyadh,SSEM,Ministry of Housing,113631159.98,117345551.43,3714391.45,3.27,2018-03-17,2019-10-05,2019-10-05,0,Cancelled,121
PRJ-11302,School Project 1302,School,Riyadh,AECOM Arabia,Aramco,106255851.5,109772959.5,3517108.0,3.31,2023-01-12,2024-01-20,2024-02-03,14,Completed,235
PRJ-11303,Highway Project 1303,Highway,Mecca,SADEEM Construction,Private Developer,89729355.59,142966824.56,53237468.97,59.33,2020-10-10,2023-06-16,2023-09-03,79,In Progress,456
PRJ-11304,Metro Rail Project 1304,Metro Rail,Riyadh,Al Rashid Trading,Aramco,51614839.08,52611455.5,996616.42,1.93,2018-03-20,2020-04-18,2020-05-10,22,On Hold,306
PRJ-11305,Hospital Project 1305,Hospital,Riyadh,Al Bawani,Ministry of Transport,149346850.87,178370226.74,29023375.87,19.43,2023-05-04,2023-10-03,2023-10-03,0,Delayed,18
PRJ-11306,Hospital Project 1306,Hospital,Qassim,Saudi Binladin Group,Ministry of Transport,97601584.99,138797274.58,41195689.59,42.21,2018-08-12,2019-11-03,2019-12-21,48,Cancelled,49
PRJ-11307,Bridge Project 1307,Bridge,Medina,Al Fouzan,Royal Commission,89177153.75,79606518.71,-9570635.04,-10.73,2022-08-12,2025-03-08,2025-08-24,169,Delayed,83
PRJ-11308,Residential Building Project 1308,Residential Building,Tabuk,AECOM Arabia,Royal Commission,68487269.21,95336010.86,26848741.65,39.2,2023-06-21,2024-08-27,2024-09-29,33,On Hold,492
PRJ-11309,Industrial Plant Project 1309,Industrial Plant,Neom,Saudi Binladin Group,NEOM Co.,56281831.45,55374884.96,-906946.49,-1.61,2018-04-02,2019-07-13,2019-10-06,85,Cancelled,23
PRJ-11310,Commercial Complex Project 1310,Commercial Complex,Neom,Al Rashid Trading,Royal Commission,75303737.21,83381207.11,8077469.9,10.73,2022-01-05,2023-09-10,2023-09-10,0,Cancelled,374
PRJ-11311,Hospital Project 1311,Hospital,Medina,Al Arrab,Ministry of Housing,104721802.98,112076474.97,7354671.99,7.02,2022-01-27,2024-02-28,2024-03-30,31,Completed,499
PRJ-11312,Commercial Complex Project 1312,Commercial Complex,Medina,AECOM Arabia,Ministry of Health,23852882.02,31711015.85,7858133.83,32.94,2022-02-10,2023-11-13,2023-12-13,30,Completed,320
PRJ-11313,Dam Project 1313,Dam,Qassim,Al Bawani,Ministry of Education,27313723.54,33162618.57,5848895.03,21.41,2019-07-06,2020-08-23,2020-09-28,36,In Progress,178
PRJ-11314,Bridge Project 1314,Bridge,Tabuk,Al Rashid Trading,Ministry of Education,100330208.44,115501151.69,15170943.25,15.12,2022-03-13,2023-04-29,2023-04-29,0,On Hold,385
PRJ-11315,School Project 1315,School,Tabuk,El Seif Engineering,Royal Commission,25874400.07,29334603.67,3460203.6,13.37,2020-11-01,2022-08-26,2022-08-26,0,On Hold,319
PRJ-11316,Bridge Project 1316,Bridge,Jazan,Al Arrab,Ministry of Transport,91649765.06,101721329.21,10071564.15,10.99,2022-08-23,2024-06-26,2024-06-26,0,Cancelled,135
PRJ-11317,School Project 1317,School,Neom,Nesma & Partners,Private Developer,125804168.76,203643751.71,77839582.95,61.87,2019-08-11,2022-01-31,2022-03-20,48,On Hold,225
PRJ-11318,Airport Terminal Project 1318,Airport Terminal,Dammam,AECOM Arabia,Ministry of Education,80622294.29,84375156.46,3752862.17,4.65,2022-12-11,2024-12-17,2024-12-17,0,On Hold,17
PRJ-11319,Highway Project 1319,Highway,Jeddah,Al Arrab,Private Developer,60582136.38,57317202.26,-3264934.12,-5.39,2021-02-09,2023-07-02,2023-07-02,0,Completed,74
PRJ-11320,Residential Building Project 1320,Residential Building,Abha,Saudi Binladin Group,NEOM Co.,86104781.32,136652249.62,50547468.3,58.7,2018-09-29,2019-03-12,2019-03-21,9,On Hold,472
PRJ-11321,School Project 1321,School,Tabuk,Nesma & Partners,Ministry of Health,87687025.24,99431801.61,11744776.37,13.39,2021-02-14,2023-04-28,2023-05-24,26,Delayed,469
PRJ-11322,Hospital Project 1322,Hospital,Neom,AECOM Arabia,Aramco,8272408.12,8495767.63,223359.51,2.7,2018-04-03,2020-07-10,2020-07-10,0,On Hold,476
PRJ-11323,School Project 1323,School,Jazan,Al Arrab,Private Developer,13142524.03,14220921.84,1078397.81,8.21,2020-09-04,2023-01-17,2023-01-17,0,Cancelled,479
PRJ-11324,Airport Terminal Project 1324,Airport Terminal,Jeddah,Nesma & Partners,Ministry of Housing,132205464.34,182078168.26,49872703.92,37.72,2021-04-29,2023-03-27,2023-05-30,64,On Hold,174
PRJ-11325,Dam Project 1325,Dam,Dammam,Al Bawani,Private Developer,32079158.81,50007390.61,17928231.8,55.89,2022-05-03,2025-03-25,2025-05-23,59,Delayed,34
PRJ-11326,Metro Rail Project 1326,Metro Rail,Qassim,Al Bawani,Ministry of Health,29899710.95,32268235.66,2368524.71,7.92,2019-10-24,2020-11-09,2020-12-19,40,In Progress,31
PRJ-11327,Bridge Project 1327,Bridge,Abha,Al Bawani,Private Developer,120494726.7,105314897.94,-15179828.76,-12.6,2022-12-07,2024-10-15,2025-04-09,176,Delayed,94
PRJ-11328,Commercial Complex Project 1328,Commercial Complex,Mecca,SADEEM Construction,Ministry of Education,134656196.94,146342895.17,11686698.23,8.68,2019-04-04,2020-09-24,2020-09-24,0,Delayed,320
PRJ-11329,Commercial Complex Project 1329,Commercial Complex,Medina,SADEEM Construction,NEOM Co.,146020701.57,223106540.43,77085838.86,52.79,2019-02-28,2019-09-04,2019-09-22,18,In Progress,24
PRJ-11330,Metro Rail Project 1330,Metro Rail,Riyadh,Al Bawani,Ministry of Transport,9827913.26,10989801.01,1161887.75,11.82,2020-09-27,2021-01-01,2021-04-23,112,Delayed,492
PRJ-11331,Metro Rail Project 1331,Metro Rail,Abha,SSEM,NEOM Co.,10518972.39,15816107.31,5297134.92,50.36,2020-07-18,2023-02-13,2023-06-04,111,Completed,237
PRJ-11332,School Project 1332,School,Jazan,SADEEM Construction,Aramco,127955839.48,151165694.11,23209854.63,18.14,2018-10-08,2021-06-09,2021-06-09,0,Completed,191
PRJ-11333,Commercial Complex Project 1333,Commercial Complex,Medina,El Seif Engineering,Royal Commission,13222971.17,11990959.33,-1232011.84,-9.32,2020-11-04,2021-07-12,2021-07-26,14,Cancelled,354
PRJ-11334,Commercial Complex Project 1334,Commercial Complex,Tabuk,Saudi Binladin Group,Ministry of Health,32013568.68,31015056.93,-998511.75,-3.12,2023-03-25,2023-10-03,2023-10-03,0,In Progress,440
PRJ-11335,Airport Terminal Project 1335,Airport Terminal,Riyadh,Saudi Binladin Group,Ministry of Transport,70631528.05,65742589.23,-4888938.82,-6.92,2021-04-15,2021-12-01,2021-12-10,9,In Progress,145
PRJ-11336,Dam Project 1336,Dam,Dammam,SSEM,NEOM Co.,25539917.82,41590771.31,16050853.49,62.85,2020-10-14,2023-02-02,2023-02-06,4,Completed,496
PRJ-11337,Airport Terminal Project 1337,Airport Terminal,Medina,Saudi Binladin Group,Ministry of Health,114014229.78,137021433.61,23007203.83,20.18,2020-10-01,2021-03-08,2021-06-19,103,In Progress,29
PRJ-11338,School Project 1338,School,Mecca,AECOM Arabia,Ministry of Health,42116088.01,46791105.79,4675017.78,11.1,2021-04-10,2023-04-16,2023-06-03,48,Cancelled,346
PRJ-11339,Highway Project 1339,Highway,Mecca,Al Rashid Trading,Private Developer,45257814.37,43164331.91,-2093482.46,-4.63,2020-09-20,2022-11-03,2022-11-10,7,Cancelled,192
PRJ-11340,Airport Terminal Project 1340,Airport Terminal,Jazan,SADEEM Construction,Aramco,38841227.62,39097421.43,256193.81,0.66,2018-08-19,2019-06-29,2019-06-29,0,Delayed,224
PRJ-11341,Dam Project 1341,Dam,Tabuk,Al Rashid Trading,Ministry of Health,101262134.12,103125919.57,1863785.45,1.84,2018-12-27,2019-07-23,2019-07-24,1,Completed,187
PRJ-11342,School Project 1342,School,Dammam,SSEM,Ministry of Education,121449034.22,117506499.67,-3942534.55,-3.25,2020-04-23,2022-03-29,2022-08-04,128,Cancelled,120
PRJ-11343,School Project 1343,School,Riyadh,Al Bawani,Royal Commission,51725449.41,50377497.07,-1347952.34,-2.61,2021-10-14,2022-10-06,2022-12-04,59,On Hold,227
PRJ-11344,School Project 1344,School,Mecca,Saudi Binladin Group,Private Developer,12869156.92,14052290.7,1183133.78,9.19,2022-01-31,2023-09-10,2023-09-29,19,Completed,167
PRJ-11345,Dam Project 1345,Dam,Abha,Al Rashid Trading,NEOM Co.,84729550.49,96688403.56,11958853.07,14.11,2019-02-27,2020-11-26,2020-11-26,0,Cancelled,322
PRJ-11346,Hospital Project 1346,Hospital,Dammam,AECOM Arabia,Ministry of Housing,21003698.98,26347187.2,5343488.22,25.44,2022-01-19,2024-12-17,2025-01-12,26,Delayed,477
PRJ-11347,Hospital Project 1347,Hospital,Qassim,El Seif Engineering,Ministry of Housing,22039778.51,23558591.09,1518812.58,6.89,2019-03-08,2020-11-18,2020-12-17,29,In Progress,439
PRJ-11348,Airport Terminal Project 1348,Airport Terminal,Abha,Al Rashid Trading,Private Developer,73431230.62,67900514.96,-5530715.66,-7.53,2018-11-27,2021-05-25,2021-05-25,0,In Progress,293
PRJ-11349,Bridge Project 1349,Bridge,Riyadh,Saudi Binladin Group,Ministry of Housing,69207816.55,104358810.47,35150993.92,50.79,2023-04-10,2025-08-20,2025-08-30,10,On Hold,31
PRJ-11350,Highway Project 1350,Highway,Mecca,SADEEM Construction,Ministry of Housing,9018319.69,9249027.99,230708.3,2.56,2021-07-17,2022-06-07,2022-06-07,0,Delayed,393
PRJ-11351,Commercial Complex Project 1351,Commercial Complex,Abha,Al Arrab,NEOM Co.,69035497.91,77147294.76,8111796.85,11.75,2022-02-25,2024-09-09,2024-09-09,0,Completed,47
PRJ-11352,Airport Terminal Project 1352,Airport Terminal,Abha,Saudi Binladin Group,Ministry of Housing,86355992.48,127084883.42,40728890.94,47.16,2022-08-28,2024-12-25,2025-01-27,33,Completed,386
PRJ-11353,Metro Rail Project 1353,Metro Rail,Abha,Al Rashid Trading,Private Developer,129399344.56,165685271.22,36285926.66,28.04,2019-10-25,2022-04-05,2022-04-16,11,Delayed,150
PRJ-11354,Dam Project 1354,Dam,Medina,El Seif Engineering,Private Developer,126096157.73,196913707.95,70817550.22,56.16,2021-09-05,2024-08-22,2025-01-05,136,On Hold,57
PRJ-11355,Bridge Project 1355,Bridge,Abha,Al Bawani,Private Developer,56034355.76,53711729.2,-2322626.56,-4.15,2019-08-06,2021-03-12,2021-03-12,0,In Progress,205
PRJ-11356,Residential Building Project 1356,Residential Building,Jazan,Al Arrab,Royal Commission,73664184.34,82687489.69,9023305.35,12.25,2021-01-24,2023-06-14,2023-06-14,0,Cancelled,22
PRJ-11357,School Project 1357,School,Medina,SSEM,Royal Commission,74139076.08,112734717.84,38595641.76,52.06,2021-02-27,2022-09-28,2022-10-17,19,In Progress,424
PRJ-11358,Commercial Complex Project 1358,Commercial Complex,Jeddah,Al Bawani,NEOM Co.,54529864.97,63142224.73,8612359.76,15.79,2022-11-07,2023-09-05,2023-09-05,0,Completed,82
PRJ-11359,School Project 1359,School,Neom,SSEM,Ministry of Transport,61317317.74,74389674.99,13072357.25,21.32,2022-04-21,2022-09-18,2022-09-29,11,Delayed,437
PRJ-11360,Highway Project 1360,Highway,Riyadh,Al Fouzan,Ministry of Health,114485820.32,115302719.32,816899.0,0.71,2018-01-12,2020-09-20,2020-09-24,4,Cancelled,416
PRJ-11361,Dam Project 1361,Dam,Qassim,SSEM,Royal Commission,142741001.44,186160223.95,43419222.51,30.42,2021-08-28,2024-08-04,2024-08-09,5,On Hold,273
PRJ-11362,Airport Terminal Project 1362,Airport Terminal,Jeddah,El Seif Engineering,Ministry of Health,87107512.77,118971109.83,31863597.06,36.58,2018-06-08,2020-08-22,2020-09-11,20,In Progress,276
PRJ-11363,Commercial Complex Project 1363,Commercial Complex,Dammam,Al Rashid Trading,Ministry of Education,34859095.51,40009129.62,5150034.11,14.77,2023-06-14,2026-02-18,2026-03-14,24,On Hold,97
PRJ-11364,Airport Terminal Project 1364,Airport Terminal,Jazan,Nesma & Partners,Ministry of Health,99419255.31,129911333.14,30492077.83,30.67,2018-01-19,2019-06-01,2019-06-05,4,Delayed,378
PRJ-11365,Industrial Plant Project 1365,Industrial Plant,Qassim,Al Fouzan,Royal Commission,28197918.13,28901959.25,704041.12,2.5,2021-08-24,2023-06-22,2023-07-01,9,In Progress,421
PRJ-11366,Metro Rail Project 1366,Metro Rail,Tabuk,Al Bawani,Private Developer,27834248.09,30021075.13,2186827.04,7.86,2020-08-05,2022-03-01,2022-04-22,52,In Progress,94
PRJ-11367,Airport Terminal Project 1367,Airport Terminal,Jazan,Saudi Binladin Group,Royal Commission,139105005.39,181811407.18,42706401.79,30.7,2019-01-03,2020-06-02,2020-11-15,166,Delayed,369
PRJ-11368,Bridge Project 1368,Bridge,Medina,El Seif Engineering,Ministry of Education,21878667.84,32559523.04,10680855.2,48.82,2018-07-13,2019-09-14,2019-09-28,14,In Progress,44
PRJ-11369,Hospital Project 1369,Hospital,Qassim,Al Rashid Trading,Royal Commission,55424913.94,51329299.1,-4095614.84,-7.39,2018-01-29,2020-02-01,2020-02-01,0,On Hold,309
PRJ-11370,Industrial Plant Project 1370,Industrial Plant,Tabuk,AECOM Arabia,Ministry of Health,83739344.18,124498725.49,40759381.31,48.67,2019-06-06,2022-04-17,2022-06-11,55,In Progress,49
PRJ-11371,Metro Rail Project 1371,Metro Rail,Dammam,El Seif Engineering,Ministry of Transport,26680909.45,27385376.46,704467.01,2.64,2019-01-01,2020-01-12,2020-02-14,33,Cancelled,310
PRJ-11372,School Project 1372,School,Tabuk,AECOM Arabia,Private Developer,33122026.42,38495132.29,5373105.87,16.22,2022-07-12,2025-06-25,2025-06-25,0,On Hold,117
PRJ-11373,Highway Project 1373,Highway,Riyadh,Al Rashid Trading,Ministry of Transport,37825508.43,37030197.0,-795311.43,-2.1,2023-03-19,2023-09-18,2023-09-18,0,In Progress,253
PRJ-11374,Residential Building Project 1374,Residential Building,Tabuk,El Seif Engineering,Ministry of Housing,597681.92,694028.67,96346.75,16.12,2020-11-13,2021-07-01,2021-07-01,0,On Hold,177
PRJ-11375,Industrial Plant Project 1375,Industrial Plant,Qassim,El Seif Engineering,Ministry of Transport,118992924.57,172565039.85,53572115.28,45.02,2020-03-16,2022-01-08,2022-02-06,29,On Hold,191
PRJ-11376,Industrial Plant Project 1376,Industrial Plant,Qassim,Al Fouzan,Aramco,23231260.83,24102365.24,871104.41,3.75,2021-05-24,2024-02-12,2024-02-12,0,Delayed,374
PRJ-11377,Highway Project 1377,Highway,Abha,Al Bawani,Ministry of Education,53007298.41,49197820.66,-3809477.75,-7.19,2021-11-24,2023-07-08,2023-07-08,0,Cancelled,470
PRJ-11378,School Project 1378,School,Tabuk,Nesma & Partners,Ministry of Housing,73176507.54,86071810.38,12895302.84,17.62,2020-01-19,2022-09-21,2022-09-21,0,Delayed,382
PRJ-11379,School Project 1379,School,Medina,AECOM Arabia,Ministry of Transport,6488838.3,6592872.22,104033.92,1.6,2020-02-06,2021-06-01,2021-06-11,10,Completed,110
PRJ-11380,Dam Project 1380,Dam,Tabuk,Al Bawani,Ministry of Transport,36102924.72,44206415.48,8103490.76,22.45,2021-04-15,2021-07-19,2021-09-28,71,Delayed,478
PRJ-11381,Industrial Plant Project 1381,Industrial Plant,Qassim,Saudi Binladin Group,Private Developer,70211762.23,68357733.81,-1854028.42,-2.64,2021-08-18,2021-12-20,2022-01-31,42,Completed,366
PRJ-11382,Industrial Plant Project 1382,Industrial Plant,Mecca,Saudi Binladin Group,Ministry of Housing,73346170.44,75472884.04,2126713.6,2.9,2022-01-10,2024-09-09,2024-09-09,0,On Hold,261
PRJ-11383,Highway Project 1383,Highway,Jazan,Al Bawani,Aramco,89738148.24,131516561.14,41778412.9,46.56,2020-01-27,2020-06-04,2021-01-21,231,In Progress,371
PRJ-11384,Highway Project 1384,Highway,Dammam,El Seif Engineering,Ministry of Health,59980922.6,59175180.31,-805742.29,-1.34,2022-09-29,2025-04-30,2025-06-21,52,Completed,170
PRJ-11385,Commercial Complex Project 1385,Commercial Complex,Qassim,SADEEM Construction,Ministry of Transport,5054321.1,4858893.31,-195427.79,-3.87,2021-06-11,2023-07-11,2023-07-11,0,Delayed,469
PRJ-11386,Highway Project 1386,Highway,Neom,Al Fouzan,Ministry of Housing,51391527.64,68972739.48,17581211.84,34.21,2021-09-22,2024-08-10,2024-08-31,21,Completed,43
PRJ-11387,Bridge Project 1387,Bridge,Qassim,Nesma & Partners,Private Developer,136635554.72,170933882.13,34298327.41,25.1,2018-12-20,2019-06-13,2019-07-04,21,In Progress,362
PRJ-11388,Airport Terminal Project 1388,Airport Terminal,Abha,Nesma & Partners,Ministry of Housing,8011329.97,10342049.93,2330719.96,29.09,2019-07-15,2020-08-26,2020-08-27,1,On Hold,300
PRJ-11389,Commercial Complex Project 1389,Commercial Complex,Neom,SSEM,Aramco,66007702.68,64591419.48,-1416283.2,-2.15,2023-02-24,2023-09-21,2023-11-14,54,In Progress,172
PRJ-11390,Metro Rail Project 1390,Metro Rail,Riyadh,Nesma & Partners,Ministry of Housing,4233263.49,4402521.41,169257.92,4.0,2021-07-30,2022-06-07,2022-06-24,17,In Progress,167
PRJ-11391,Bridge Project 1391,Bridge,Dammam,SADEEM Construction,Ministry of Housing,7917348.81,7436563.05,-480785.76,-6.07,2021-12-16,2023-04-08,2023-05-16,38,Cancelled,171
PRJ-11392,School Project 1392,School,Medina,Al Rashid Trading,Private Developer,91443765.25,90419306.14,-1024459.11,-1.12,2019-02-13,2021-11-03,2021-11-12,9,On Hold,145
PRJ-11393,Commercial Complex Project 1393,Commercial Complex,Jazan,Al Fouzan,Royal Commission,57272852.68,66646978.91,9374126.23,16.37,2022-05-01,2023-07-22,2023-09-08,48,In Progress,28
PRJ-11394,Metro Rail Project 1394,Metro Rail,Abha,Nesma & Partners,Ministry of Transport,112740062.56,165526891.73,52786829.17,46.82,2020-06-07,2022-08-25,2022-08-29,4,Delayed,116
PRJ-11395,Hospital Project 1395,Hospital,Qassim,Al Bawani,Private Developer,35921532.07,39629278.57,3707746.5,10.32,2020-11-17,2021-05-18,2021-05-18,0,On Hold,143
PRJ-11396,Residential Building Project 1396,Residential Building,Jeddah,Al Bawani,NEOM Co.,85084342.45,98685756.49,13601414.04,15.99,2018-10-14,2020-05-12,2020-07-30,79,Cancelled,203
PRJ-11397,Metro Rail Project 1397,Metro Rail,Riyadh,Al Fouzan,Aramco,10391695.73,8992187.75,-1399507.98,-13.47,2020-01-05,2022-01-08,2022-06-24,167,On Hold,181
PRJ-11398,Hospital Project 1398,Hospital,Jeddah,Nesma & Partners,Royal Commission,124115354.87,182473804.12,58358449.25,47.02,2018-11-30,2020-01-07,2020-01-29,22,Completed,234
PRJ-11399,Metro Rail Project 1399,Metro Rail,Jazan,AECOM Arabia,Ministry of Health,35546627.2,31070706.02,-4475921.18,-12.59,2020-03-28,2022-07-14,2022-07-26,12,Delayed,317
PRJ-11400,Hospital Project 1400,Hospital,Jazan,Al Arrab,Private Developer,144243102.52,158719393.95,14476291.43,10.04,2023-06-12,2023-10-21,2023-10-21,0,Cancelled,65
PRJ-11401,School Project 1401,School,Abha,SADEEM Construction,Ministry of Health,140014160.62,187502887.95,47488727.33,33.92,2018-02-28,2020-01-26,2020-02-04,9,Delayed,463
PRJ-11402,Metro Rail Project 1402,Metro Rail,Qassim,Al Rashid Trading,NEOM Co.,101935745.26,155807501.02,53871755.76,52.85,2021-09-20,2022-05-01,2022-05-12,11,Completed,168
PRJ-11403,Highway Project 1403,Highway,Tabuk,SSEM,Ministry of Health,142100638.7,204803054.35,62702415.65,44.13,2020-08-01,2021-04-17,2021-06-20,64,In Progress,164
PRJ-11404,Industrial Plant Project 1404,Industrial Plant,Jeddah,Nesma & Partners,Ministry of Transport,41980969.62,68038064.45,26057094.83,62.07,2019-02-21,2021-10-16,2021-10-25,9,In Progress,360
PRJ-11405,Airport Terminal Project 1405,Airport Terminal,Tabuk,Saudi Binladin Group,Ministry of Education,2037532.14,2883101.72,845569.58,41.5,2019-12-07,2020-08-16,2020-09-22,37,On Hold,367
PRJ-11406,Bridge Project 1406,Bridge,Jazan,Al Arrab,Ministry of Education,93592086.37,112032783.52,18440697.15,19.7,2019-05-13,2021-08-03,2021-08-03,0,In Progress,172
PRJ-11407,Highway Project 1407,Highway,Abha,Al Fouzan,Private Developer,47125975.65,47219829.82,93854.17,0.2,2021-10-13,2024-04-29,2024-04-29,0,On Hold,283
PRJ-11408,Commercial Complex Project 1408,Commercial Complex,Tabuk,SSEM,Ministry of Housing,12301440.74,13025243.01,723802.27,5.88,2022-12-19,2023-11-01,2023-11-18,17,Delayed,195
PRJ-11409,Hospital Project 1409,Hospital,Qassim,Saudi Binladin Group,Ministry of Health,51836311.98,82854518.86,31018206.88,59.84,2018-06-08,2021-03-30,2021-05-22,53,In Progress,32
PRJ-11410,Bridge Project 1410,Bridge,Mecca,Al Arrab,Aramco,28267094.26,28599308.36,332214.1,1.18,2020-02-26,2021-05-08,2021-05-08,0,Delayed,169
PRJ-11411,School Project 1411,School,Jazan,Saudi Binladin Group,Private Developer,139330269.04,128725622.47,-10604646.57,-7.61,2023-05-10,2026-04-15,2026-04-16,1,Cancelled,437
PRJ-11412,Commercial Complex Project 1412,Commercial Complex,Jazan,El Seif Engineering,Royal Commission,24837252.89,24101519.23,-735733.66,-2.96,2022-02-09,2024-04-11,2024-05-08,27,Completed,92
PRJ-11413,Hospital Project 1413,Hospital,Dammam,AECOM Arabia,Ministry of Health,145227419.03,181710633.36,36483214.33,25.12,2020-07-20,2022-09-20,2022-10-07,17,On Hold,226
PRJ-11414,Residential Building Project 1414,Residential Building,Mecca,Al Arrab,Private Developer,37375463.06,51560606.42,14185143.36,37.95,2021-07-22,2023-11-18,2023-12-07,19,On Hold,267
PRJ-11415,Hospital Project 1415,Hospital,Jazan,Al Fouzan,Royal Commission,112800981.97,148030182.66,35229200.69,31.23,2022-05-28,2022-12-18,2023-01-29,42,On Hold,455
PRJ-11416,Commercial Complex Project 1416,Commercial Complex,Dammam,Saudi Binladin Group,Royal Commission,135701786.36,155408719.24,19706932.88,14.52,2023-03-29,2026-02-21,2026-02-21,0,Cancelled,426
PRJ-11417,Metro Rail Project 1417,Metro Rail,Jazan,Al Arrab,Ministry of Housing,113678693.15,97252391.38,-16426301.77,-14.45,2019-07-31,2021-02-15,2021-02-16,1,On Hold,197
PRJ-11418,Residential Building Project 1418,Residential Building,Neom,Al Fouzan,Private Developer,32260867.94,35456535.26,3195667.32,9.91,2019-11-23,2021-05-01,2021-05-01,0,Completed,287
PRJ-11419,Industrial Plant Project 1419,Industrial Plant,Dammam,SADEEM Construction,Royal Commission,61974024.59,96535048.55,34561023.96,55.77,2018-02-05,2019-07-07,2019-07-22,15,Completed,315
PRJ-11420,Commercial Complex Project 1420,Commercial Complex,Tabuk,Saudi Binladin Group,Ministry of Health,134386645.8,147973466.44,13586820.64,10.11,2018-12-25,2019-12-04,2020-02-13,71,In Progress,334
PRJ-11421,Dam Project 1421,Dam,Abha,SADEEM Construction,Royal Commission,103812844.0,101891263.52,-1921580.48,-1.85,2020-07-27,2023-07-17,2023-07-17,0,Cancelled,301
PRJ-11422,Dam Project 1422,Dam,Riyadh,El Seif Engineering,Royal Commission,28996170.04,32582593.13,3586423.09,12.37,2018-03-20,2019-07-04,2019-07-10,6,Completed,205
PRJ-11423,Airport Terminal Project 1423,Airport Terminal,Jeddah,Al Fouzan,Private Developer,64778664.16,61274972.44,-3503691.72,-5.41,2020-03-31,2021-09-04,2021-10-27,53,Delayed,379
PRJ-11424,Commercial Complex Project 1424,Commercial Complex,Abha,El Seif Engineering,Ministry of Transport,110371414.19,116931501.91,6560087.72,5.94,2019-06-19,2021-04-23,2021-04-23,0,Cancelled,447
PRJ-11425,Bridge Project 1425,Bridge,Riyadh,Al Fouzan,Ministry of Education,43547828.73,45631412.72,2083583.99,4.78,2022-04-07,2023-02-11,2023-02-11,0,In Progress,151
PRJ-11426,Airport Terminal Project 1426,Airport Terminal,Riyadh,AECOM Arabia,Ministry of Health,45341339.43,48915351.77,3574012.34,7.88,2019-01-07,2021-10-24,2021-10-24,0,On Hold,116
PRJ-11427,Residential Building Project 1427,Residential Building,Abha,Nesma & Partners,Private Developer,65359666.47,61651581.19,-3708085.28,-5.67,2020-08-05,2021-08-03,2021-08-08,5,Delayed,59
PRJ-11428,Bridge Project 1428,Bridge,Medina,Saudi Binladin Group,Royal Commission,82231004.47,92523542.65,10292538.18,12.52,2018-05-11,2019-03-23,2019-05-31,69,Cancelled,433
PRJ-11429,Dam Project 1429,Dam,Neom,Al Arrab,Royal Commission,110083516.03,175610060.9,65526544.87,59.52,2020-03-07,2021-12-11,2022-01-12,32,Delayed,184
PRJ-11430,Hospital Project 1430,Hospital,Tabuk,SSEM,NEOM Co.,123236662.09,131860958.13,8624296.04,7.0,2022-10-16,2024-05-01,2024-05-01,0,In Progress,354
PRJ-11431,School Project 1431,School,Mecca,Al Arrab,Ministry of Housing,98726059.49,115471482.8,16745423.31,16.96,2022-10-12,2024-11-16,2025-07-26,252,Cancelled,186
PRJ-11432,Commercial Complex Project 1432,Commercial Complex,Medina,Al Bawani,Royal Commission,49355808.53,44580304.61,-4775503.92,-9.68,2019-08-21,2020-09-25,2020-09-25,0,On Hold,25
PRJ-11433,Highway Project 1433,Highway,Neom,AECOM Arabia,NEOM Co.,124069385.59,115826664.06,-8242721.53,-6.64,2019-12-22,2021-12-20,2022-02-06,48,Completed,394
PRJ-11434,Industrial Plant Project 1434,Industrial Plant,Qassim,SSEM,Ministry of Transport,86740178.48,81966630.21,-4773548.27,-5.5,2023-03-02,2024-06-18,2024-07-06,18,Completed,59
PRJ-11435,School Project 1435,School,Medina,Al Rashid Trading,Aramco,147094949.95,132942554.14,-14152395.81,-9.62,2019-08-16,2021-06-20,2021-06-27,7,On Hold,291
PRJ-11436,School Project 1436,School,Tabuk,Al Rashid Trading,Ministry of Health,89429683.24,78336356.44,-11093326.8,-12.4,2021-05-12,2024-02-18,2024-03-29,40,Completed,350
PRJ-11437,Hospital Project 1437,Hospital,Qassim,Al Bawani,Ministry of Health,98978286.99,92308338.89,-6669948.1,-6.74,2022-10-26,2023-09-11,2023-10-03,22,Delayed,432
PRJ-11438,Dam Project 1438,Dam,Dammam,Nesma & Partners,Ministry of Health,26292319.6,28582014.93,2289695.33,8.71,2018-01-07,2019-01-27,2019-02-21,25,On Hold,345
PRJ-11439,Highway Project 1439,Highway,Jeddah,Al Arrab,Ministry of Health,140778201.43,230433329.07,89655127.64,63.69,2020-05-06,2023-04-28,2023-06-18,51,Cancelled,124
PRJ-11440,Highway Project 1440,Highway,Neom,AECOM Arabia,Aramco,39320790.42,46827801.3,7507010.88,19.09,2021-03-14,2023-02-15,2023-02-15,0,Delayed,322
PRJ-11441,Bridge Project 1441,Bridge,Dammam,AECOM Arabia,Ministry of Education,64969463.53,73286531.76,8317068.23,12.8,2018-07-06,2020-09-03,2021-04-04,213,On Hold,292
PRJ-11442,Airport Terminal Project 1442,Airport Terminal,Medina,Nesma & Partners,Ministry of Education,8027254.28,7351596.89,-675657.39,-8.42,2022-01-20,2023-05-02,2023-05-02,0,In Progress,175
PRJ-11443,Highway Project 1443,Highway,Mecca,El Seif Engineering,Ministry of Housing,103955682.76,107200898.58,3245215.82,3.12,2021-03-28,2022-01-23,2022-02-10,18,Cancelled,237
PRJ-11444,Bridge Project 1444,Bridge,Dammam,SSEM,Aramco,92288560.8,90060478.27,-2228082.53,-2.41,2021-05-22,2023-11-20,2023-11-20,0,In Progress,135
PRJ-11445,Dam Project 1445,Dam,Jeddah,Saudi Binladin Group,Ministry of Housing,86855947.27,131051882.19,44195934.92,50.88,2021-10-18,2023-12-15,2023-12-28,13,On Hold,451
PRJ-11446,School Project 1446,School,Jeddah,Al Arrab,Private Developer,123194076.03,139290033.45,16095957.42,13.07,2022-01-06,2024-09-26,2024-10-15,19,Cancelled,341
PRJ-11447,Airport Terminal Project 1447,Airport Terminal,Riyadh,SSEM,Ministry of Education,54702689.59,60859126.45,6156436.86,11.25,2022-01-26,2024-08-20,2024-10-08,49,Completed,196
PRJ-11448,School Project 1448,School,Qassim,SSEM,Ministry of Health,31754376.37,38846859.12,7092482.75,22.34,2018-09-12,2021-02-24,2021-02-26,2,Cancelled,395
PRJ-11449,Commercial Complex Project 1449,Commercial Complex,Dammam,Al Fouzan,Ministry of Health,72578748.79,74537718.69,1958969.9,2.7,2019-11-27,2021-12-28,2022-02-21,55,On Hold,117
PRJ-11450,Industrial Plant Project 1450,Industrial Plant,Jeddah,Al Fouzan,Aramco,57458195.41,65647236.34,8189040.93,14.25,2023-01-16,2024-07-28,2024-07-28,0,Delayed,185
PRJ-11451,Industrial Plant Project 1451,Industrial Plant,Jazan,Al Fouzan,Ministry of Education,123631729.81,150496808.1,26865078.29,21.73,2019-06-13,2021-08-27,2021-09-10,14,In Progress,85
PRJ-11452,Airport Terminal Project 1452,Airport Terminal,Mecca,Saudi Binladin Group,Ministry of Transport,45841240.68,43316076.51,-2525164.17,-5.51,2020-01-30,2022-10-17,2023-01-05,80,Delayed,493
PRJ-11453,Highway Project 1453,Highway,Neom,SADEEM Construction,Ministry of Education,140095538.74,154827976.56,14732437.82,10.52,2020-06-19,2022-09-17,2022-09-17,0,In Progress,85
PRJ-11454,Metro Rail Project 1454,Metro Rail,Mecca,Al Arrab,Private Developer,79970036.83,83383066.64,3413029.81,4.27,2019-04-12,2021-04-23,2021-04-23,0,Delayed,85
PRJ-11455,Metro Rail Project 1455,Metro Rail,Riyadh,SADEEM Construction,Royal Commission,61458341.7,58284979.78,-3173361.92,-5.16,2020-11-07,2023-02-13,2023-02-13,0,On Hold,254
PRJ-11456,Metro Rail Project 1456,Metro Rail,Dammam,Al Fouzan,NEOM Co.,98633235.72,128198651.58,29565415.86,29.98,2022-10-13,2024-09-03,2024-12-18,106,On Hold,453
PRJ-11457,Dam Project 1457,Dam,Dammam,Al Bawani,Ministry of Education,107355614.83,97131104.94,-10224509.89,-9.52,2020-09-18,2021-06-14,2021-08-29,76,Delayed,125
PRJ-11458,Industrial Plant Project 1458,Industrial Plant,Medina,Al Rashid Trading,NEOM Co.,62941215.87,58844217.64,-4096998.23,-6.51,2021-05-31,2022-06-09,2022-06-09,0,In Progress,192
PRJ-11459,Dam Project 1459,Dam,Jazan,AECOM Arabia,Ministry of Housing,92112977.41,108835595.42,16722618.01,18.15,2022-03-09,2024-10-14,2024-10-14,0,Cancelled,469
PRJ-11460,Bridge Project 1460,Bridge,Medina,Al Fouzan,Ministry of Housing,99435771.0,112733611.38,13297840.38,13.37,2021-07-06,2022-11-16,2022-11-18,2,Completed,148
PRJ-11461,Airport Terminal Project 1461,Airport Terminal,Qassim,Al Bawani,Aramco,82824175.23,125637251.03,42813075.8,51.69,2022-06-23,2025-06-10,2025-06-25,15,In Progress,135
PRJ-11462,Industrial Plant Project 1462,Industrial Plant,Dammam,Al Rashid Trading,Ministry of Transport,122293315.2,140486446.08,18193130.88,14.88,2022-01-09,2024-03-15,2024-11-13,243,Delayed,292
PRJ-11463,Industrial Plant Project 1463,Industrial Plant,Jeddah,Al Rashid Trading,Aramco,38672787.88,43851775.96,5178988.08,13.39,2023-01-24,2025-11-06,2025-11-09,3,In Progress,126
PRJ-11464,Bridge Project 1464,Bridge,Neom,AECOM Arabia,Ministry of Education,62269291.32,85715414.29,23446122.97,37.65,2018-07-21,2020-02-06,2020-03-10,33,Delayed,414
PRJ-11465,Commercial Complex Project 1465,Commercial Complex,Medina,SSEM,Aramco,10981166.88,10930907.11,-50259.77,-0.46,2018-06-20,2019-12-14,2019-12-29,15,Cancelled,120
PRJ-11466,Metro Rail Project 1466,Metro Rail,Jazan,SADEEM Construction,Ministry of Housing,23943499.44,27491702.06,3548202.62,14.82,2020-05-30,2022-04-15,2022-04-15,0,On Hold,408
PRJ-11467,Bridge Project 1467,Bridge,Neom,AECOM Arabia,Ministry of Education,6766324.9,6940590.67,174265.77,2.58,2019-05-31,2019-08-29,2019-08-29,0,On Hold,333
PRJ-11468,Highway Project 1468,Highway,Tabuk,Al Bawani,Ministry of Education,25646446.54,29847310.5,4200863.96,16.38,2019-08-05,2021-04-12,2021-04-12,0,Cancelled,137
PRJ-11469,Hospital Project 1469,Hospital,Mecca,Al Bawani,Private Developer,83777556.73,104884627.66,21107070.93,25.19,2020-06-20,2022-06-20,2022-06-27,7,In Progress,259
PRJ-11470,Residential Building Project 1470,Residential Building,Tabuk,Al Bawani,Ministry of Education,109857210.78,112752695.69,2895484.91,2.64,2018-12-01,2020-07-20,2020-10-23,95,Delayed,58
PRJ-11471,Dam Project 1471,Dam,Tabuk,Al Bawani,NEOM Co.,132984174.93,210532092.69,77547917.76,58.31,2022-05-14,2023-02-26,2023-05-18,81,Delayed,266
PRJ-11472,Industrial Plant Project 1472,Industrial Plant,Tabuk,Al Bawani,Ministry of Education,95494446.35,111973780.34,16479333.99,17.26,2021-11-03,2022-05-17,2022-06-15,29,Cancelled,354
PRJ-11473,Highway Project 1473,Highway,Tabuk,Nesma & Partners,Ministry of Transport,112983483.4,119693369.73,6709886.33,5.94,2020-03-22,2022-08-13,2022-08-13,0,Cancelled,349
PRJ-11474,Highway Project 1474,Highway,Tabuk,Al Bawani,Ministry of Education,101776991.65,104681439.44,2904447.79,2.85,2021-05-04,2023-06-02,2023-06-02,0,Delayed,127
PRJ-11475,Industrial Plant Project 1475,Industrial Plant,Jazan,SADEEM Construction,Royal Commission,109858721.37,106249753.09,-3608968.28,-3.29,2019-09-20,2020-05-15,2020-07-06,52,Delayed,240
PRJ-11476,Industrial Plant Project 1476,Industrial Plant,Abha,AECOM Arabia,Ministry of Health,125022992.48,190751671.29,65728678.81,52.57,2020-05-04,2022-09-21,2022-10-14,23,Completed,219
PRJ-11477,Hospital Project 1477,Hospital,Dammam,SSEM,Private Developer,64979605.1,65870614.91,891009.81,1.37,2022-08-04,2022-11-21,2022-11-21,0,Delayed,160
PRJ-11478,Hospital Project 1478,Hospital,Riyadh,Al Fouzan,Ministry of Health,137301579.51,209435691.15,72134111.64,52.54,2020-02-23,2022-08-10,2022-08-18,8,In Progress,418
PRJ-11479,Bridge Project 1479,Bridge,Neom,Al Bawani,Ministry of Education,72861075.59,79912178.87,7051103.28,9.68,2019-07-16,2022-03-08,2022-03-29,21,Delayed,380
PRJ-11480,Dam Project 1480,Dam,Neom,SSEM,Ministry of Housing,86169808.99,75951407.98,-10218401.01,-11.86,2021-09-12,2024-02-18,2024-02-29,11,On Hold,137
PRJ-11481,Industrial Plant Project 1481,Industrial Plant,Neom,AECOM Arabia,Ministry of Health,41163791.5,49129250.09,7965458.59,19.35,2018-07-27,2018-12-24,2018-12-24,0,Cancelled,199
PRJ-11482,Dam Project 1482,Dam,Mecca,El Seif Engineering,Ministry of Education,144879207.87,147566223.03,2687015.16,1.85,2022-12-09,2023-07-24,2023-07-24,0,On Hold,432
PRJ-11483,Highway Project 1483,Highway,Dammam,AECOM Arabia,Private Developer,109391442.72,151712205.23,42320762.51,38.69,2019-02-14,2020-12-22,2021-01-03,12,Delayed,303
PRJ-11484,Airport Terminal Project 1484,Airport Terminal,Mecca,Al Bawani,Private Developer,120911791.44,141487329.31,20575537.87,17.02,2018-02-14,2020-04-20,2020-07-16,87,Delayed,500
PRJ-11485,Hospital Project 1485,Hospital,Jazan,Al Rashid Trading,NEOM Co.,117603048.45,193135469.51,75532421.06,64.23,2020-08-17,2021-10-09,2021-10-18,9,In Progress,356
PRJ-11486,Industrial Plant Project 1486,Industrial Plant,Mecca,AECOM Arabia,Ministry of Housing,4352555.02,5996100.62,1643545.6,37.76,2018-09-02,2019-04-23,2019-05-20,27,On Hold,418
PRJ-11487,Residential Building Project 1487,Residential Building,Qassim,Saudi Binladin Group,Royal Commission,103362810.78,165465650.3,62102839.52,60.08,2021-03-04,2021-06-18,2021-12-27,192,Delayed,414
PRJ-11488,Airport Terminal Project 1488,Airport Terminal,Jazan,SADEEM Construction,Royal Commission,27586900.22,29982161.0,2395260.78,8.68,2018-05-18,2020-05-26,2020-05-26,0,Cancelled,409
PRJ-11489,Commercial Complex Project 1489,Commercial Complex,Qassim,Nesma & Partners,Aramco,33790073.83,43493462.33,9703388.5,28.72,2023-03-05,2025-01-10,2025-01-21,11,In Progress,394
PRJ-11490,Commercial Complex Project 1490,Commercial Complex,Abha,SADEEM Construction,Ministry of Education,62870416.08,59605409.53,-3265006.55,-5.19,2022-12-27,2024-07-01,2024-07-01,0,Delayed,47
PRJ-11491,Highway Project 1491,Highway,Neom,Al Fouzan,Ministry of Education,26054992.16,26717920.7,662928.54,2.54,2022-05-19,2024-02-08,2024-02-08,0,On Hold,465
PRJ-11492,Residential Building Project 1492,Residential Building,Abha,AECOM Arabia,Private Developer,113713805.25,178345516.04,64631710.79,56.84,2021-07-01,2021-10-05,2022-01-30,117,Delayed,228
PRJ-11493,Highway Project 1493,Highway,Mecca,Al Rashid Trading,Royal Commission,13077085.51,13311572.98,234487.47,1.79,2020-07-26,2022-04-22,2022-04-22,0,Cancelled,483
PRJ-11494,Hospital Project 1494,Hospital,Neom,Nesma & Partners,Ministry of Transport,15486711.78,17012394.56,1525682.78,9.85,2018-10-31,2021-03-30,2021-03-30,0,Completed,283
PRJ-11495,Metro Rail Project 1495,Metro Rail,Riyadh,Nesma & Partners,Royal Commission,90566191.57,93921693.1,3355501.53,3.71,2018-05-22,2021-04-23,2021-04-28,5,In Progress,346
PRJ-11496,Bridge Project 1496,Bridge,Medina,SADEEM Construction,NEOM Co.,4044309.17,6591222.89,2546913.72,62.98,2019-07-10,2020-12-15,2021-02-07,54,Delayed,23
PRJ-11497,Highway Project 1497,Highway,Jazan,El Seif Engineering,Ministry of Health,20751200.75,20117097.26,-634103.49,-3.06,2020-06-28,2020-10-22,2020-10-22,0,In Progress,204
PRJ-11498,Residential Building Project 1498,Residential Building,Jazan,SSEM,Ministry of Health,130327223.83,153517537.88,23190314.05,17.79,2019-02-26,2019-12-16,2019-12-16,0,Completed,57
PRJ-11499,Highway Project 1499,Highway,Qassim,AECOM Arabia,Aramco,63234293.73,55741881.5,-7492412.23,-11.85,2022-03-30,2022-12-11,2022-12-12,1,Cancelled,193
PRJ-11500,Hospital Project 1500,Hospital,Abha,Al Rashid Trading,Ministry of Transport,86305504.98,75337969.02,-10967535.96,-12.71,2022-06-26,2022-12-25,2023-01-08,14,Cancelled,67
PRJ-11501,Dam Project 1501,Dam,Riyadh,Saudi Binladin Group,Ministry of Health,87696232.65,99641475.71,11945243.06,13.62,2020-05-10,2022-11-08,2022-11-08,0,Delayed,194
PRJ-11502,Industrial Plant Project 1502,Industrial Plant,Jeddah,Al Arrab,Private Developer,46311706.99,61163027.47,14851320.48,32.07,2021-12-07,2022-10-27,2022-10-28,1,On Hold,458
PRJ-11503,Dam Project 1503,Dam,Riyadh,SADEEM Construction,Royal Commission,59953819.96,71473354.36,11519534.4,19.21,2018-10-16,2019-03-01,2019-03-01,0,Completed,75
PRJ-11504,Airport Terminal Project 1504,Airport Terminal,Dammam,Nesma & Partners,Ministry of Education,81857700.04,116037472.06,34179772.02,41.76,2018-03-21,2020-08-07,2020-08-16,9,Delayed,200
PRJ-11505,Metro Rail Project 1505,Metro Rail,Abha,Nesma & Partners,Ministry of Health,41088054.38,48125328.2,7037273.82,17.13,2018-12-24,2019-09-16,2019-09-16,0,In Progress,196
PRJ-11506,Commercial Complex Project 1506,Commercial Complex,Dammam,Saudi Binladin Group,Ministry of Education,56520934.59,50329545.68,-6191388.91,-10.95,2019-09-19,2020-07-13,2020-08-05,23,Delayed,328
PRJ-11507,Hospital Project 1507,Hospital,Riyadh,Saudi Binladin Group,Royal Commission,64205125.07,95955782.16,31750657.09,49.45,2022-12-26,2023-04-24,2023-06-16,53,In Progress,477
PRJ-11508,School Project 1508,School,Riyadh,Al Bawani,Ministry of Health,34035624.55,32940484.81,-1095139.74,-3.22,2021-05-10,2023-09-27,2023-09-27,0,Completed,17
PRJ-11509,Hospital Project 1509,Hospital,Medina,El Seif Engineering,Ministry of Health,122687144.18,144662807.3,21975663.12,17.91,2018-08-19,2019-01-23,2019-01-23,0,On Hold,448
PRJ-11510,Airport Terminal Project 1510,Airport Terminal,Jazan,Nesma & Partners,Ministry of Housing,14756457.73,16526692.91,1770235.18,12.0,2020-09-02,2021-10-15,2021-11-01,17,In Progress,175
PRJ-11511,Airport Terminal Project 1511,Airport Terminal,Tabuk,AECOM Arabia,Aramco,130667924.09,120875339.84,-9792584.25,-7.49,2020-10-06,2022-05-08,2022-05-08,0,In Progress,74
PRJ-11512,Bridge Project 1512,Bridge,Qassim,Nesma & Partners,NEOM Co.,32063328.41,28569550.37,-3493778.04,-10.9,2021-09-12,2022-07-29,2022-09-08,41,On Hold,154
PRJ-11513,Metro Rail Project 1513,Metro Rail,Jeddah,Al Rashid Trading,Ministry of Transport,74134039.42,76553189.58,2419150.16,3.26,2019-01-14,2019-12-26,2019-12-26,0,On Hold,352
PRJ-11514,Metro Rail Project 1514,Metro Rail,Qassim,Al Bawani,Private Developer,50492976.26,64325651.8,13832675.54,27.4,2023-01-17,2025-06-03,2025-06-18,15,In Progress,306
PRJ-11515,Residential Building Project 1515,Residential Building,Abha,Saudi Binladin Group,Ministry of Transport,24624420.08,36797400.29,12172980.21,49.43,2019-01-09,2022-01-06,2022-01-31,25,In Progress,92
PRJ-11516,School Project 1516,School,Tabuk,Saudi Binladin Group,Ministry of Education,114144059.0,110651202.37,-3492856.63,-3.06,2022-10-23,2024-05-30,2024-06-04,5,Cancelled,217
PRJ-11517,Dam Project 1517,Dam,Medina,SSEM,Private Developer,40592067.98,47767303.16,7175235.18,17.68,2020-06-19,2022-03-29,2022-04-11,13,Cancelled,483
PRJ-11518,Hospital Project 1518,Hospital,Tabuk,Nesma & Partners,Private Developer,102114733.92,93639632.7,-8475101.22,-8.3,2022-07-11,2023-09-23,2023-09-23,0,On Hold,349
PRJ-11519,Commercial Complex Project 1519,Commercial Complex,Tabuk,Al Bawani,Private Developer,5683569.28,8000936.4,2317367.12,40.77,2022-05-21,2022-10-22,2022-11-05,14,Cancelled,74
PRJ-11520,Commercial Complex Project 1520,Commercial Complex,Medina,SSEM,Aramco,29418583.77,32138371.39,2719787.62,9.25,2021-02-01,2021-09-02,2021-09-02,0,Delayed,167
PRJ-11521,Dam Project 1521,Dam,Abha,Al Bawani,Aramco,39344306.62,45868609.03,6524302.41,16.58,2022-11-11,2025-10-25,2025-10-25,0,Cancelled,109
PRJ-11522,Highway Project 1522,Highway,Medina,Saudi Binladin Group,Ministry of Transport,134405646.67,138974767.05,4569120.38,3.4,2022-03-05,2024-06-23,2024-07-03,10,In Progress,298
PRJ-11523,Airport Terminal Project 1523,Airport Terminal,Qassim,Saudi Binladin Group,Royal Commission,61989943.82,60264111.27,-1725832.55,-2.78,2019-04-17,2021-01-18,2021-01-18,0,In Progress,201
PRJ-11524,Highway Project 1524,Highway,Jeddah,Nesma & Partners,Ministry of Transport,101021384.57,115954305.57,14932921.0,14.78,2023-03-21,2025-10-29,2025-10-29,0,Cancelled,227
PRJ-11525,Bridge Project 1525,Bridge,Mecca,Saudi Binladin Group,Ministry of Health,101127273.57,116023840.17,14896566.6,14.73,2020-03-09,2021-04-06,2021-04-06,0,On Hold,249
PRJ-11526,Hospital Project 1526,Hospital,Dammam,SADEEM Construction,Ministry of Housing,59850328.25,56671982.03,-3178346.22,-5.31,2019-05-30,2019-11-12,2019-11-12,0,In Progress,482
PRJ-11527,Metro Rail Project 1527,Metro Rail,Neom,El Seif Engineering,Ministry of Housing,110823666.64,153714271.97,42890605.33,38.7,2020-04-20,2022-08-31,2022-09-13,13,In Progress,401
PRJ-11528,Bridge Project 1528,Bridge,Abha,Nesma & Partners,Ministry of Health,40961269.33,67343007.14,26381737.81,64.41,2021-04-26,2022-08-29,2022-08-31,2,Completed,125
PRJ-11529,Industrial Plant Project 1529,Industrial Plant,Dammam,Al Arrab,Aramco,23852125.44,38922469.46,15070344.02,63.18,2022-02-23,2024-06-05,2024-10-16,133,In Progress,237
PRJ-11530,Highway Project 1530,Highway,Mecca,Al Fouzan,Ministry of Housing,119175806.53,156387932.54,37212126.01,31.22,2018-08-29,2020-09-09,2020-10-11,32,Cancelled,251
PRJ-11531,Bridge Project 1531,Bridge,Jazan,SADEEM Construction,Aramco,129982181.03,159117033.1,29134852.07,22.41,2022-03-02,2023-12-06,2023-12-16,10,Delayed,458
PRJ-11532,Industrial Plant Project 1532,Industrial Plant,Riyadh,Al Arrab,Private Developer,93098800.42,110972761.21,17873960.79,19.2,2021-07-07,2022-01-28,2022-02-12,15,On Hold,398
PRJ-11533,Industrial Plant Project 1533,Industrial Plant,Medina,Al Bawani,Aramco,49877557.79,76335588.26,26458030.47,53.05,2022-02-07,2022-08-06,2022-08-30,24,Delayed,133
PRJ-11534,Dam Project 1534,Dam,Abha,Al Arrab,Ministry of Housing,30628492.51,36151725.86,5523233.35,18.03,2018-08-04,2020-08-16,2020-08-16,0,Delayed,473
PRJ-11535,Industrial Plant Project 1535,Industrial Plant,Qassim,Al Fouzan,Ministry of Health,103518604.24,134051680.96,30533076.72,29.5,2022-09-09,2024-10-20,2024-12-10,51,Completed,61
PRJ-11536,Dam Project 1536,Dam,Medina,AECOM Arabia,Ministry of Education,117037746.86,134068392.47,17030645.61,14.55,2021-04-25,2022-03-07,2022-03-07,0,On Hold,297
PRJ-11537,Metro Rail Project 1537,Metro Rail,Neom,Al Arrab,Ministry of Health,6500759.43,10684454.46,4183695.03,64.36,2021-05-17,2021-09-27,2021-12-02,66,Completed,304
PRJ-11538,Commercial Complex Project 1538,Commercial Complex,Jeddah,Al Rashid Trading,Royal Commission,44463085.6,42822200.63,-1640884.97,-3.69,2021-10-09,2023-08-24,2023-08-24,0,On Hold,377
PRJ-11539,Residential Building Project 1539,Residential Building,Tabuk,SSEM,Ministry of Education,114921822.9,177261154.99,62339332.09,54.24,2022-11-04,2024-09-11,2024-09-19,8,On Hold,352
PRJ-11540,Residential Building Project 1540,Residential Building,Medina,AECOM Arabia,NEOM Co.,15874967.53,14887331.17,-987636.36,-6.22,2021-07-15,2021-11-06,2021-11-06,0,On Hold,420
PRJ-11541,Residential Building Project 1541,Residential Building,Jazan,SADEEM Construction,Royal Commission,146883157.49,224365459.52,77482302.03,52.75,2021-10-30,2024-05-15,2024-06-17,33,In Progress,151
PRJ-11542,Dam Project 1542,Dam,Riyadh,Al Fouzan,Ministry of Education,48987241.91,64927370.14,15940128.23,32.54,2021-07-24,2023-10-07,2023-11-09,33,In Progress,295
PRJ-11543,Airport Terminal Project 1543,Airport Terminal,Tabuk,Al Arrab,Royal Commission,90670942.96,118804988.53,28134045.57,31.03,2022-07-29,2025-01-03,2025-02-06,34,Completed,180
PRJ-11544,Hospital Project 1544,Hospital,Neom,Al Bawani,Ministry of Transport,64644824.21,94695944.6,30051120.39,46.49,2022-08-25,2023-10-13,2023-10-22,9,Completed,337
PRJ-11545,School Project 1545,School,Tabuk,AECOM Arabia,Ministry of Education,34327728.29,38025040.61,3697312.32,10.77,2019-01-17,2021-01-30,2021-01-30,0,On Hold,189
PRJ-11546,Hospital Project 1546,Hospital,Jazan,Al Fouzan,NEOM Co.,35383256.99,51223018.3,15839761.31,44.77,2018-12-12,2021-11-18,2021-12-17,29,Cancelled,168
PRJ-11547,Airport Terminal Project 1547,Airport Terminal,Qassim,SADEEM Construction,NEOM Co.,33197726.39,30474948.14,-2722778.25,-8.2,2021-06-20,2022-10-30,2022-10-30,0,Completed,374
PRJ-11548,Metro Rail Project 1548,Metro Rail,Abha,SADEEM Construction,NEOM Co.,20080574.58,30714385.92,10633811.34,52.96,2019-11-28,2022-02-28,2022-03-27,27,On Hold,63
PRJ-11549,Industrial Plant Project 1549,Industrial Plant,Neom,AECOM Arabia,Aramco,7227024.77,8116345.7,889320.93,12.31,2019-04-06,2020-05-31,2021-01-25,239,In Progress,351
PRJ-11550,Industrial Plant Project 1550,Industrial Plant,Riyadh,SSEM,Ministry of Transport,72039991.3,84910502.34,12870511.04,17.87,2021-11-24,2024-06-24,2024-06-24,0,In Progress,235
PRJ-11551,Bridge Project 1551,Bridge,Dammam,Saudi Binladin Group,Private Developer,50129739.96,43158995.68,-6970744.28,-13.91,2023-05-30,2024-05-03,2024-05-21,18,On Hold,222
PRJ-11552,Airport Terminal Project 1552,Airport Terminal,Qassim,AECOM Arabia,Ministry of Transport,12699008.64,12414264.83,-284743.81,-2.24,2019-01-17,2020-06-12,2020-06-12,0,Cancelled,464
PRJ-11553,School Project 1553,School,Mecca,Al Fouzan,Private Developer,4663910.0,5555270.35,891360.35,19.11,2020-01-29,2021-07-13,2021-08-11,29,In Progress,173
PRJ-11554,Airport Terminal Project 1554,Airport Terminal,Tabuk,El Seif Engineering,NEOM Co.,82447707.81,78522715.07,-3924992.74,-4.76,2022-10-28,2023-12-21,2023-12-21,0,Cancelled,306
PRJ-11555,Highway Project 1555,Highway,Jeddah,Al Bawani,Ministry of Education,44741838.4,72582097.41,27840259.01,62.22,2019-10-05,2021-07-04,2021-08-05,32,In Progress,378
PRJ-11556,Hospital Project 1556,Hospital,Qassim,Al Rashid Trading,Ministry of Education,8037307.65,9380464.7,1343157.05,16.71,2021-03-22,2022-03-22,2022-03-22,0,On Hold,264
PRJ-11557,Metro Rail Project 1557,Metro Rail,Abha,El Seif Engineering,NEOM Co.,86743739.6,108449003.45,21705263.85,25.02,2021-02-20,2021-06-12,2021-07-06,24,Delayed,254
PRJ-11558,Highway Project 1558,Highway,Jeddah,Al Fouzan,Aramco,10874415.84,14470907.09,3596491.25,33.07,2022-01-12,2024-12-14,2024-12-16,2,Completed,375
PRJ-11559,Metro Rail Project 1559,Metro Rail,Jazan,Al Arrab,NEOM Co.,51473306.43,60490421.87,9017115.44,17.52,2019-03-17,2020-07-24,2020-07-24,0,Delayed,179
PRJ-11560,Bridge Project 1560,Bridge,Neom,Al Bawani,Ministry of Health,61285285.34,87133890.66,25848605.32,42.18,2022-04-19,2022-12-12,2022-12-16,4,Delayed,451
PRJ-11561,Residential Building Project 1561,Residential Building,Neom,Saudi Binladin Group,Royal Commission,44356336.51,56349236.26,11992899.75,27.04,2018-09-03,2020-07-25,2020-10-09,76,Cancelled,221
PRJ-11562,Highway Project 1562,Highway,Medina,Al Rashid Trading,NEOM Co.,104826001.43,155535889.47,50709888.04,48.38,2019-01-07,2021-08-09,2021-10-17,69,Completed,179
PRJ-11563,Commercial Complex Project 1563,Commercial Complex,Jeddah,Al Arrab,Ministry of Health,101615979.65,163270430.21,61654450.56,60.67,2020-04-14,2022-10-15,2022-11-18,34,Delayed,103
PRJ-11564,Commercial Complex Project 1564,Commercial Complex,Mecca,Al Fouzan,NEOM Co.,44725702.58,40268054.08,-4457648.5,-9.97,2020-05-31,2022-08-23,2022-08-23,0,In Progress,143
PRJ-11565,School Project 1565,School,Medina,Al Rashid Trading,Royal Commission,41157206.63,56775035.86,15617829.23,37.95,2021-07-20,2023-08-11,2023-08-18,7,Completed,278
PRJ-11566,Industrial Plant Project 1566,Industrial Plant,Riyadh,AECOM Arabia,Ministry of Housing,95239884.16,82191520.46,-13048363.7,-13.7,2021-02-14,2024-02-14,2024-03-12,27,In Progress,10
PRJ-11567,Airport Terminal Project 1567,Airport Terminal,Riyadh,Saudi Binladin Group,Royal Commission,109452319.14,151268007.55,41815688.41,38.2,2019-09-20,2021-01-15,2021-01-26,11,Cancelled,201
PRJ-11568,Commercial Complex Project 1568,Commercial Complex,Dammam,Al Rashid Trading,Ministry of Education,83708475.06,80164343.08,-3544131.98,-4.23,2021-01-01,2021-10-04,2021-10-16,12,In Progress,317
PRJ-11569,Hospital Project 1569,Hospital,Neom,Nesma & Partners,Ministry of Education,14615625.2,16800010.77,2184385.57,14.95,2022-09-29,2024-12-20,2024-12-20,0,In Progress,426
PRJ-11570,Dam Project 1570,Dam,Riyadh,AECOM Arabia,Ministry of Housing,137800432.54,150882711.46,13082278.92,9.49,2021-01-05,2023-11-18,2023-11-18,0,Completed,423
PRJ-11571,Industrial Plant Project 1571,Industrial Plant,Mecca,El Seif Engineering,Royal Commission,15963400.17,22877968.67,6914568.5,43.32,2019-01-05,2021-03-04,2021-03-19,15,Completed,264
PRJ-11572,Bridge Project 1572,Bridge,Neom,Nesma & Partners,Royal Commission,117083222.16,109527325.11,-7555897.05,-6.45,2020-07-20,2023-06-05,2023-06-05,0,On Hold,411
PRJ-11573,Dam Project 1573,Dam,Jeddah,Al Bawani,Aramco,504592.47,572852.2,68259.73,13.53,2019-05-20,2020-07-29,2020-09-04,37,On Hold,106
PRJ-11574,School Project 1574,School,Riyadh,Al Fouzan,Ministry of Housing,38544959.08,40938208.73,2393249.65,6.21,2023-03-02,2025-12-24,2025-12-24,0,Cancelled,60
PRJ-11575,Airport Terminal Project 1575,Airport Terminal,Jeddah,Al Fouzan,Ministry of Health,127747034.95,166402771.69,38655736.74,30.26,2021-01-23,2023-06-07,2023-09-09,94,In Progress,239
PRJ-11576,Bridge Project 1576,Bridge,Mecca,Al Arrab,Ministry of Health,77411968.5,99791632.44,22379663.94,28.91,2020-02-12,2021-07-31,2021-10-27,88,Delayed,297
PRJ-11577,Dam Project 1577,Dam,Neom,Al Arrab,Private Developer,57306872.31,62014092.28,4707219.97,8.21,2022-05-30,2024-01-19,2024-01-19,0,Completed,280
PRJ-11578,Residential Building Project 1578,Residential Building,Medina,El Seif Engineering,Private Developer,58614589.01,56978640.42,-1635948.59,-2.79,2021-04-18,2024-01-16,2024-01-16,0,In Progress,338
PRJ-11579,Hospital Project 1579,Hospital,Riyadh,Al Bawani,Ministry of Housing,14697308.65,13629047.52,-1068261.13,-7.27,2023-06-03,2023-10-19,2023-10-30,11,Cancelled,36
PRJ-11580,School Project 1580,School,Qassim,Al Bawani,NEOM Co.,26946094.15,44188062.5,17241968.35,63.99,2020-01-30,2021-10-01,2022-01-23,114,Completed,244
PRJ-11581,Highway Project 1581,Highway,Medina,Al Fouzan,Aramco,66893481.76,103610967.59,36717485.83,54.89,2019-02-21,2021-05-22,2021-06-13,22,Cancelled,17
PRJ-11582,Residential Building Project 1582,Residential Building,Abha,Al Rashid Trading,Aramco,149337550.62,224003198.33,74665647.71,50.0,2019-08-18,2022-06-19,2022-07-15,26,Delayed,100
PRJ-11583,School Project 1583,School,Medina,Al Fouzan,Ministry of Health,49377683.14,57878692.06,8501008.92,17.22,2018-11-16,2019-03-31,2019-04-10,10,Delayed,461
PRJ-11584,School Project 1584,School,Neom,SADEEM Construction,Ministry of Transport,101039835.77,111614413.07,10574577.3,10.47,2022-12-05,2025-10-22,2025-10-22,0,On Hold,363
PRJ-11585,Residential Building Project 1585,Residential Building,Abha,Al Arrab,Ministry of Health,47628295.48,44768834.42,-2859461.06,-6.0,2022-09-22,2023-10-01,2023-10-01,0,On Hold,139
PRJ-11586,Metro Rail Project 1586,Metro Rail,Riyadh,Al Arrab,Ministry of Housing,95043240.34,124772196.28,29728955.94,31.28,2022-04-21,2024-07-01,2024-07-05,4,In Progress,46
PRJ-11587,Commercial Complex Project 1587,Commercial Complex,Jeddah,Nesma & Partners,Ministry of Education,104166608.14,151330924.2,47164316.06,45.28,2019-01-11,2019-06-18,2019-07-24,36,Delayed,499
PRJ-11588,School Project 1588,School,Mecca,Al Bawani,Private Developer,130992483.52,187869334.93,56876851.41,43.42,2022-10-19,2023-11-04,2023-11-24,20,Completed,212
PRJ-11589,Bridge Project 1589,Bridge,Jeddah,Al Bawani,Ministry of Education,93066323.94,81019048.0,-12047275.94,-12.94,2018-09-18,2019-07-10,2020-01-14,188,Completed,67
PRJ-11590,Bridge Project 1590,Bridge,Riyadh,Al Arrab,NEOM Co.,43038937.16,51837256.46,8798319.3,20.44,2022-04-11,2022-10-03,2023-03-23,171,Cancelled,199
PRJ-11591,Dam Project 1591,Dam,Dammam,SSEM,Ministry of Housing,92757338.69,93406322.22,648983.53,0.7,2023-03-28,2025-05-04,2025-06-29,56,In Progress,381
PRJ-11592,Hospital Project 1592,Hospital,Riyadh,AECOM Arabia,Ministry of Housing,19269693.59,18044827.99,-1224865.6,-6.36,2018-11-09,2021-10-05,2022-01-12,99,In Progress,189
PRJ-11593,Dam Project 1593,Dam,Medina,Saudi Binladin Group,Ministry of Health,72034414.98,77485195.67,5450780.69,7.57,2018-11-10,2020-03-03,2020-03-03,0,In Progress,104
PRJ-11594,Bridge Project 1594,Bridge,Tabuk,SSEM,Ministry of Housing,81435475.93,72935365.65,-8500110.28,-10.44,2020-06-21,2023-02-28,2023-03-02,2,Cancelled,157
PRJ-11595,Airport Terminal Project 1595,Airport Terminal,Dammam,Nesma & Partners,Royal Commission,16269772.41,17501008.67,1231236.26,7.57,2018-08-17,2019-01-12,2019-01-12,0,Cancelled,18
PRJ-11596,Metro Rail Project 1596,Metro Rail,Dammam,Al Fouzan,Royal Commission,81879560.7,79433182.64,-2446378.06,-2.99,2018-10-21,2019-02-27,2019-02-27,0,Completed,205
PRJ-11597,Residential Building Project 1597,Residential Building,Neom,Saudi Binladin Group,Ministry of Health,95847234.21,84658331.72,-11188902.49,-11.67,2021-03-07,2023-08-01,2023-09-21,51,Completed,298
PRJ-11598,Airport Terminal Project 1598,Airport Terminal,Jeddah,Saudi Binladin Group,Ministry of Education,74970426.56,78857608.81,3887182.25,5.18,2021-03-16,2024-01-29,2024-03-04,35,Cancelled,208
PRJ-11599,Dam Project 1599,Dam,Medina,SSEM,Private Developer,46511750.34,72946621.54,26434871.2,56.83,2021-07-27,2022-10-13,2022-11-10,28,In Progress,242
PRJ-11600,Airport Terminal Project 1600,Airport Terminal,Tabuk,Al Rashid Trading,NEOM Co.,121583700.84,130695069.79,9111368.95,7.49,2021-07-28,2022-08-15,2022-08-15,0,On Hold,141
PRJ-11601,Highway Project 1601,Highway,Tabuk,Saudi Binladin Group,Ministry of Health,109668146.8,149452726.08,39784579.28,36.28,2019-09-07,2022-03-09,2022-03-22,13,Cancelled,446
PRJ-11602,Bridge Project 1602,Bridge,Abha,Nesma & Partners,Royal Commission,70194147.87,99071361.82,28877213.95,41.14,2023-04-13,2024-02-10,2024-02-16,6,On Hold,385
PRJ-11603,Dam Project 1603,Dam,Jazan,Al Arrab,Ministry of Education,83691463.28,132154792.08,48463328.8,57.91,2019-11-23,2021-02-27,2021-03-12,13,Cancelled,115
PRJ-11604,Bridge Project 1604,Bridge,Medina,Al Rashid Trading,Ministry of Transport,3629650.62,3610529.42,-19121.2,-0.53,2022-11-25,2025-10-20,2025-10-20,0,Delayed,470
PRJ-11605,Dam Project 1605,Dam,Qassim,Al Arrab,Royal Commission,9003768.97,12710494.27,3706725.3,41.17,2019-09-21,2021-10-09,2021-11-21,43,Completed,287
PRJ-11606,Dam Project 1606,Dam,Mecca,AECOM Arabia,Ministry of Health,50037156.7,58380841.62,8343684.92,16.67,2019-02-13,2019-07-05,2019-08-07,33,In Progress,347
PRJ-11607,School Project 1607,School,Qassim,Al Arrab,NEOM Co.,113559941.82,133980720.07,20420778.25,17.98,2020-06-26,2023-05-17,2023-06-04,18,Cancelled,351
PRJ-11608,Highway Project 1608,Highway,Mecca,AECOM Arabia,NEOM Co.,140242122.37,132719236.49,-7522885.88,-5.36,2020-04-03,2022-04-19,2022-04-27,8,In Progress,220
PRJ-11609,Hospital Project 1609,Hospital,Jazan,Al Rashid Trading,NEOM Co.,87889195.43,101272203.71,13383008.28,15.23,2023-03-23,2025-08-09,2025-11-21,104,Cancelled,281
PRJ-11610,Residential Building Project 1610,Residential Building,Jeddah,El Seif Engineering,Aramco,9774496.16,9792007.95,17511.79,0.18,2018-01-18,2018-05-09,2018-05-09,0,Delayed,446
PRJ-11611,Commercial Complex Project 1611,Commercial Complex,Tabuk,Al Fouzan,Ministry of Transport,76136782.32,72221593.1,-3915189.22,-5.14,2018-11-05,2021-03-05,2021-03-05,0,Completed,195
PRJ-11612,Metro Rail Project 1612,Metro Rail,Tabuk,AECOM Arabia,Ministry of Education,98886281.6,118596771.55,19710489.95,19.93,2019-11-25,2021-06-23,2021-06-23,0,Completed,420
PRJ-11613,Airport Terminal Project 1613,Airport Terminal,Dammam,Nesma & Partners,NEOM Co.,68035051.66,79639336.86,11604285.2,17.06,2018-08-31,2020-01-28,2020-02-10,13,In Progress,297
PRJ-11614,Airport Terminal Project 1614,Airport Terminal,Jazan,SADEEM Construction,Ministry of Transport,17714353.67,20636904.59,2922550.92,16.5,2018-08-21,2021-08-14,2021-08-14,0,On Hold,59
PRJ-11615,Residential Building Project 1615,Residential Building,Dammam,Al Arrab,Ministry of Education,62516435.5,86132157.69,23615722.19,37.78,2020-09-03,2021-12-25,2022-09-01,250,Delayed,486
PRJ-11616,Dam Project 1616,Dam,Neom,AECOM Arabia,NEOM Co.,66583996.43,59869468.62,-6714527.81,-10.08,2023-01-05,2024-07-06,2024-08-06,31,Cancelled,186
PRJ-11617,Hospital Project 1617,Hospital,Jeddah,Al Fouzan,Aramco,122151639.89,167227098.57,45075458.68,36.9,2018-10-04,2019-07-02,2019-09-24,84,In Progress,66
PRJ-11618,Bridge Project 1618,Bridge,Tabuk,SADEEM Construction,Aramco,143207606.36,135392723.5,-7814882.86,-5.46,2021-05-19,2022-08-15,2022-08-15,0,Cancelled,466
PRJ-11619,Metro Rail Project 1619,Metro Rail,Abha,Nesma & Partners,Royal Commission,71873720.33,94541923.96,22668203.63,31.54,2019-06-02,2022-01-18,2022-02-14,27,Cancelled,472
PRJ-11620,Residential Building Project 1620,Residential Building,Jazan,Al Fouzan,NEOM Co.,60518535.97,57580918.91,-2937617.06,-4.85,2021-08-22,2022-01-12,2022-01-24,12,On Hold,231
PRJ-11621,Hospital Project 1621,Hospital,Riyadh,SADEEM Construction,Ministry of Education,59065496.36,84906210.46,25840714.1,43.75,2018-06-14,2020-07-18,2021-05-02,288,Cancelled,15
PRJ-11622,Metro Rail Project 1622,Metro Rail,Riyadh,SADEEM Construction,Ministry of Health,31720224.86,40979133.61,9258908.75,29.19,2023-01-27,2023-11-17,2023-11-18,1,Delayed,366
PRJ-11623,School Project 1623,School,Tabuk,Al Fouzan,Ministry of Health,89486845.04,117369629.6,27882784.56,31.16,2021-12-19,2023-05-09,2023-07-09,61,Delayed,292
PRJ-11624,Bridge Project 1624,Bridge,Jazan,SADEEM Construction,Private Developer,52149387.63,66867150.23,14717762.6,28.22,2023-02-14,2023-08-08,2023-09-25,48,Delayed,451
PRJ-11625,Airport Terminal Project 1625,Airport Terminal,Jeddah,Saudi Binladin Group,NEOM Co.,12352402.55,19472510.64,7120108.09,57.64,2022-04-10,2024-10-11,2025-04-09,180,Completed,88
PRJ-11626,Metro Rail Project 1626,Metro Rail,Medina,El Seif Engineering,Aramco,59748737.51,57644122.03,-2104615.48,-3.52,2022-01-20,2022-04-29,2022-05-09,10,Cancelled,46
PRJ-11627,Highway Project 1627,Highway,Neom,SSEM,Royal Commission,23141105.53,30697691.44,7556585.91,32.65,2021-09-23,2024-03-05,2024-03-22,17,In Progress,112
PRJ-11628,Commercial Complex Project 1628,Commercial Complex,Dammam,El Seif Engineering,Aramco,12552003.07,14834843.11,2282840.04,18.19,2020-06-05,2020-09-06,2020-09-06,0,Completed,377
PRJ-11629,Commercial Complex Project 1629,Commercial Complex,Abha,Al Fouzan,Ministry of Transport,113392475.81,171534574.0,58142098.19,51.28,2022-08-02,2024-03-01,2024-03-27,26,Cancelled,371
PRJ-11630,Highway Project 1630,Highway,Jazan,SADEEM Construction,Ministry of Housing,12487920.14,16909574.24,4421654.1,35.41,2019-01-14,2020-07-10,2020-11-16,129,Delayed,83
PRJ-11631,Airport Terminal Project 1631,Airport Terminal,Neom,Al Rashid Trading,Aramco,124383609.46,133296366.72,8912757.26,7.17,2022-04-09,2024-06-26,2024-08-10,45,Delayed,397
PRJ-11632,Bridge Project 1632,Bridge,Dammam,Al Arrab,Private Developer,141161585.35,218815546.75,77653961.4,55.01,2020-04-24,2022-03-30,2022-04-02,3,On Hold,138
PRJ-11633,Hospital Project 1633,Hospital,Medina,Al Bawani,Ministry of Housing,145655567.32,138831029.67,-6824537.65,-4.69,2022-12-29,2025-01-27,2025-01-27,0,In Progress,43
PRJ-11634,Residential Building Project 1634,Residential Building,Jeddah,SSEM,Royal Commission,108448876.6,127355665.06,18906788.46,17.43,2022-02-10,2024-11-20,2024-11-21,1,On Hold,50
PRJ-11635,Dam Project 1635,Dam,Riyadh,El Seif Engineering,Royal Commission,77684353.23,83448032.56,5763679.33,7.42,2022-04-29,2024-03-21,2024-03-21,0,Cancelled,357
PRJ-11636,Commercial Complex Project 1636,Commercial Complex,Neom,SADEEM Construction,Royal Commission,140422618.61,154700117.31,14277498.7,10.17,2020-01-04,2021-07-08,2021-07-08,0,On Hold,163
PRJ-11637,Dam Project 1637,Dam,Tabuk,Al Bawani,Ministry of Transport,72451053.71,116677079.22,44226025.51,61.04,2021-04-17,2022-03-06,2022-04-24,49,On Hold,248
PRJ-11638,Dam Project 1638,Dam,Tabuk,Al Arrab,Ministry of Education,3798889.23,3490821.01,-308068.22,-8.11,2023-01-16,2025-09-21,2026-01-20,121,On Hold,224
PRJ-11639,Residential Building Project 1639,Residential Building,Dammam,Al Fouzan,Ministry of Health,122250823.5,116840457.58,-5410365.92,-4.43,2021-07-18,2024-03-25,2024-04-03,9,On Hold,415
PRJ-11640,Highway Project 1640,Highway,Dammam,AECOM Arabia,NEOM Co.,66258418.14,76512668.73,10254250.59,15.48,2018-07-14,2019-05-22,2019-06-21,30,Delayed,182
PRJ-11641,Bridge Project 1641,Bridge,Riyadh,SSEM,Ministry of Health,8657528.54,9348731.26,691202.72,7.98,2019-09-14,2020-05-23,2020-05-23,0,Delayed,126
PRJ-11642,Bridge Project 1642,Bridge,Jazan,AECOM Arabia,Ministry of Education,135409289.78,137435636.96,2026347.18,1.5,2020-06-10,2021-11-25,2021-11-25,0,Completed,190
PRJ-11643,Commercial Complex Project 1643,Commercial Complex,Jeddah,Al Fouzan,Ministry of Education,32841750.26,29186140.58,-3655609.68,-11.13,2019-08-16,2021-07-28,2021-08-14,17,On Hold,421
PRJ-11644,Bridge Project 1644,Bridge,Abha,SSEM,Ministry of Housing,123162893.88,162624330.74,39461436.86,32.04,2019-09-23,2022-08-27,2022-10-18,52,Delayed,360
PRJ-11645,Metro Rail Project 1645,Metro Rail,Abha,AECOM Arabia,Aramco,53288881.9,68942470.7,15653588.8,29.37,2018-09-23,2020-08-26,2020-10-13,48,Delayed,423
PRJ-11646,Highway Project 1646,Highway,Tabuk,AECOM Arabia,Ministry of Education,123976880.13,183178862.77,59201982.64,47.75,2018-02-06,2018-07-10,2018-08-08,29,In Progress,493
PRJ-11647,Hospital Project 1647,Hospital,Medina,Al Fouzan,Ministry of Education,89985167.49,145448127.29,55462959.8,61.64,2019-07-29,2022-01-09,2022-01-25,16,Delayed,367
PRJ-11648,Bridge Project 1648,Bridge,Dammam,Al Fouzan,Ministry of Transport,81396516.82,83544579.98,2148063.16,2.64,2021-04-29,2023-07-23,2023-08-19,27,In Progress,260
PRJ-11649,Metro Rail Project 1649,Metro Rail,Jazan,Saudi Binladin Group,Royal Commission,94034793.02,93834566.46,-200226.56,-0.21,2022-12-09,2024-08-13,2024-09-07,25,Cancelled,174
PRJ-11650,Commercial Complex Project 1650,Commercial Complex,Qassim,SSEM,Ministry of Education,9408271.05,10173236.83,764965.78,8.13,2023-01-19,2024-12-26,2024-12-26,0,Delayed,44
PRJ-11651,Dam Project 1651,Dam,Abha,Al Rashid Trading,Private Developer,114671994.27,118274770.48,3602776.21,3.14,2018-10-21,2021-01-16,2021-02-07,22,On Hold,136
PRJ-11652,Bridge Project 1652,Bridge,Riyadh,Al Fouzan,Royal Commission,100145035.52,120521241.84,20376206.32,20.35,2021-06-25,2024-01-15,2024-01-17,2,Delayed,499
PRJ-11653,Hospital Project 1653,Hospital,Jazan,Al Fouzan,Ministry of Transport,24923330.38,25218301.97,294971.59,1.18,2022-07-19,2025-02-06,2025-02-12,6,Cancelled,319
PRJ-11654,Commercial Complex Project 1654,Commercial Complex,Mecca,Saudi Binladin Group,Ministry of Transport,58312705.03,68122928.54,9810223.51,16.82,2022-06-25,2024-03-12,2024-03-13,1,On Hold,226
PRJ-11655,Residential Building Project 1655,Residential Building,Mecca,SADEEM Construction,Ministry of Transport,77000263.34,89029805.07,12029541.73,15.62,2019-08-30,2020-04-23,2020-05-12,19,On Hold,50
PRJ-11656,Hospital Project 1656,Hospital,Jazan,Nesma & Partners,Ministry of Education,125952417.91,158014537.31,32062119.4,25.46,2020-02-22,2022-02-21,2022-02-25,4,Delayed,65
PRJ-11657,Industrial Plant Project 1657,Industrial Plant,Jazan,SADEEM Construction,Ministry of Transport,9775191.84,12796632.08,3021440.24,30.91,2021-05-27,2023-08-18,2023-08-20,2,In Progress,175
PRJ-11658,Residential Building Project 1658,Residential Building,Jeddah,Saudi Binladin Group,Royal Commission,85119754.52,110340647.6,25220893.08,29.63,2020-09-04,2022-06-21,2022-08-23,63,On Hold,291
PRJ-11659,Residential Building Project 1659,Residential Building,Abha,Al Fouzan,Ministry of Health,143988757.55,133680047.73,-10308709.82,-7.16,2019-10-31,2020-07-29,2020-07-30,1,Delayed,175
PRJ-11660,Metro Rail Project 1660,Metro Rail,Neom,Saudi Binladin Group,Ministry of Housing,7087846.3,6773025.82,-314820.48,-4.44,2022-01-08,2024-04-17,2024-04-17,0,Completed,81
PRJ-11661,Highway Project 1661,Highway,Jeddah,Al Bawani,NEOM Co.,81419881.59,72176129.88,-9243751.71,-11.35,2022-01-01,2024-11-18,2024-12-19,31,Delayed,183
PRJ-11662,Commercial Complex Project 1662,Commercial Complex,Abha,Al Fouzan,Aramco,141922648.03,154311073.95,12388425.92,8.73,2020-03-31,2021-11-15,2022-01-09,55,On Hold,365
PRJ-11663,Highway Project 1663,Highway,Qassim,El Seif Engineering,Ministry of Transport,12039535.77,11456286.85,-583248.92,-4.84,2018-11-22,2020-05-24,2020-05-29,5,Delayed,126
PRJ-11664,Bridge Project 1664,Bridge,Riyadh,Al Bawani,Ministry of Housing,18930925.01,19982888.24,1051963.23,5.56,2021-08-09,2021-12-30,2021-12-30,0,Completed,31
PRJ-11665,Bridge Project 1665,Bridge,Medina,Nesma & Partners,NEOM Co.,37254192.65,61156641.61,23902448.96,64.16,2019-10-17,2021-06-10,2021-06-23,13,On Hold,19
PRJ-11666,Airport Terminal Project 1666,Airport Terminal,Mecca,SSEM,Ministry of Housing,102804980.21,121792463.8,18987483.59,18.47,2022-01-03,2024-02-17,2024-02-17,0,Completed,112
PRJ-11667,Metro Rail Project 1667,Metro Rail,Riyadh,Al Rashid Trading,Ministry of Transport,21812204.98,28220313.27,6408108.29,29.38,2020-10-03,2022-08-20,2022-09-03,14,Cancelled,461
PRJ-11668,Hospital Project 1668,Hospital,Qassim,Nesma & Partners,Ministry of Health,11975330.25,13186398.99,1211068.74,10.11,2018-11-08,2019-09-11,2019-09-11,0,Cancelled,154
PRJ-11669,Industrial Plant Project 1669,Industrial Plant,Qassim,Al Fouzan,Ministry of Health,96452017.76,119765942.39,23313924.63,24.17,2022-09-06,2023-05-17,2023-06-01,15,Delayed,110
PRJ-11670,Hospital Project 1670,Hospital,Mecca,Al Arrab,Aramco,62608728.59,62647012.69,38284.1,0.06,2019-08-08,2021-09-02,2021-09-02,0,Cancelled,404
PRJ-11671,School Project 1671,School,Medina,Nesma & Partners,Aramco,26973797.18,25072879.7,-1900917.48,-7.05,2020-03-04,2020-07-14,2020-07-14,0,In Progress,112
PRJ-11672,Metro Rail Project 1672,Metro Rail,Mecca,Al Rashid Trading,Private Developer,143529704.87,205667306.28,62137601.41,43.29,2020-08-07,2021-11-09,2021-12-06,27,Cancelled,465
PRJ-11673,Industrial Plant Project 1673,Industrial Plant,Medina,Al Bawani,Ministry of Housing,47646879.62,49530798.89,1883919.27,3.95,2018-01-26,2019-03-09,2019-03-23,14,Delayed,115
PRJ-11674,Dam Project 1674,Dam,Abha,Al Fouzan,Ministry of Education,14996367.81,14302178.31,-694189.5,-4.63,2021-05-17,2022-09-19,2022-09-19,0,On Hold,297
PRJ-11675,Metro Rail Project 1675,Metro Rail,Mecca,Al Rashid Trading,Aramco,119728349.77,132091947.14,12363597.37,10.33,2018-08-08,2020-07-29,2020-07-29,0,Cancelled,35
PRJ-11676,Residential Building Project 1676,Residential Building,Mecca,Saudi Binladin Group,Private Developer,82265866.96,85764384.35,3498517.39,4.25,2020-02-21,2021-08-19,2021-08-19,0,Completed,37
PRJ-11677,Hospital Project 1677,Hospital,Medina,Al Rashid Trading,Ministry of Health,138403925.41,148712339.82,10308414.41,7.45,2022-11-30,2025-03-28,2025-03-30,2,Completed,162
PRJ-11678,Residential Building Project 1678,Residential Building,Jeddah,SADEEM Construction,NEOM Co.,52815709.11,59931450.43,7115741.32,13.47,2020-07-24,2021-07-18,2021-07-18,0,In Progress,71
PRJ-11679,Residential Building Project 1679,Residential Building,Jazan,Nesma & Partners,Ministry of Housing,148880935.71,144742217.57,-4138718.14,-2.78,2018-06-26,2019-01-17,2019-01-17,0,Cancelled,365
PRJ-11680,Airport Terminal Project 1680,Airport Terminal,Mecca,SADEEM Construction,Ministry of Housing,131208946.45,135109252.85,3900306.4,2.97,2021-02-27,2023-05-17,2023-07-09,53,In Progress,120
PRJ-11681,Commercial Complex Project 1681,Commercial Complex,Abha,Al Arrab,Ministry of Housing,60200220.74,98281467.77,38081247.03,63.26,2020-10-15,2021-02-20,2021-03-07,15,In Progress,16
PRJ-11682,Metro Rail Project 1682,Metro Rail,Riyadh,El Seif Engineering,Private Developer,27543339.26,31392449.07,3849109.81,13.97,2019-07-31,2021-10-24,2021-10-24,0,Delayed,22
PRJ-11683,Industrial Plant Project 1683,Industrial Plant,Medina,Al Rashid Trading,Ministry of Education,50461810.77,72397372.02,21935561.25,43.47,2018-01-04,2020-07-11,2021-01-31,204,On Hold,296
PRJ-11684,Dam Project 1684,Dam,Medina,Saudi Binladin Group,Private Developer,63291645.14,95955793.49,32664148.35,51.61,2018-07-01,2019-10-06,2019-10-31,25,On Hold,288
PRJ-11685,Highway Project 1685,Highway,Tabuk,Al Fouzan,NEOM Co.,120722751.97,108372073.24,-12350678.73,-10.23,2022-02-14,2023-04-08,2023-06-07,60,Cancelled,215
PRJ-11686,Hospital Project 1686,Hospital,Jazan,Al Fouzan,Private Developer,103961557.68,97931393.63,-6030164.05,-5.8,2022-07-26,2023-03-24,2023-03-24,0,Cancelled,218
PRJ-11687,Hospital Project 1687,Hospital,Abha,El Seif Engineering,Private Developer,62664875.92,73455240.4,10790364.48,17.22,2018-10-09,2021-07-01,2021-07-24,23,On Hold,240
PRJ-11688,Airport Terminal Project 1688,Airport Terminal,Dammam,Saudi Binladin Group,Royal Commission,78181945.53,93736860.66,15554915.13,19.9,2023-02-24,2024-10-24,2024-10-24,0,Cancelled,184
PRJ-11689,Airport Terminal Project 1689,Airport Terminal,Dammam,AECOM Arabia,NEOM Co.,20714988.4,22841108.8,2126120.4,10.26,2022-07-30,2025-07-24,2025-07-24,0,On Hold,51
PRJ-11690,School Project 1690,School,Jeddah,Al Bawani,Ministry of Housing,59702144.47,58328362.94,-1373781.53,-2.3,2018-08-01,2020-04-14,2020-04-18,4,Cancelled,350
PRJ-11691,Highway Project 1691,Highway,Medina,Al Fouzan,Ministry of Education,142416329.38,165755581.39,23339252.01,16.39,2019-10-29,2020-05-25,2020-05-25,0,Cancelled,489
PRJ-11692,School Project 1692,School,Qassim,Al Arrab,Ministry of Transport,136102773.08,162977603.89,26874830.81,19.75,2019-12-21,2021-10-31,2021-10-31,0,Completed,125
PRJ-11693,Dam Project 1693,Dam,Dammam,Al Rashid Trading,Ministry of Housing,31643150.81,31853001.9,209851.09,0.66,2022-06-14,2025-03-14,2025-03-14,0,On Hold,83
PRJ-11694,Commercial Complex Project 1694,Commercial Complex,Mecca,Al Rashid Trading,Ministry of Health,100548244.97,119120674.86,18572429.89,18.47,2022-08-18,2023-09-22,2023-10-11,19,In Progress,22
PRJ-11695,Residential Building Project 1695,Residential Building,Riyadh,SADEEM Construction,Aramco,53992781.78,58211464.03,4218682.25,7.81,2019-01-16,2019-11-14,2019-11-14,0,Completed,139
PRJ-11696,Dam Project 1696,Dam,Jeddah,Al Arrab,Royal Commission,86551217.58,106232260.8,19681043.22,22.74,2020-04-05,2022-05-12,2022-05-17,5,Delayed,208
PRJ-11697,Hospital Project 1697,Hospital,Medina,SADEEM Construction,Ministry of Health,83244030.54,89161522.49,5917491.95,7.11,2021-04-22,2023-04-16,2023-04-16,0,Cancelled,31
PRJ-11698,Dam Project 1698,Dam,Riyadh,SSEM,Royal Commission,31911025.34,27767674.7,-4143350.64,-12.98,2018-03-05,2019-05-28,2019-07-07,40,On Hold,395
PRJ-11699,Airport Terminal Project 1699,Airport Terminal,Jeddah,Al Arrab,Royal Commission,53547362.4,60726124.99,7178762.59,13.41,2023-06-13,2026-05-09,2026-05-09,0,On Hold,29
PRJ-11700,Dam Project 1700,Dam,Jeddah,SSEM,Private Developer,84801991.7,119228419.87,34426428.17,40.6,2018-07-08,2020-04-14,2020-04-23,9,Completed,242
PRJ-11701,School Project 1701,School,Tabuk,Al Rashid Trading,Ministry of Education,85324946.15,122698991.77,37374045.62,43.8,2019-10-24,2020-02-26,2020-04-13,47,On Hold,120
PRJ-11702,Metro Rail Project 1702,Metro Rail,Abha,El Seif Engineering,Ministry of Housing,91711134.34,87725891.24,-3985243.1,-4.35,2018-09-20,2020-11-18,2020-12-08,20,Completed,488
PRJ-11703,Airport Terminal Project 1703,Airport Terminal,Jazan,El Seif Engineering,NEOM Co.,39569286.17,40587397.65,1018111.48,2.57,2019-07-17,2021-01-31,2021-01-31,0,Cancelled,344
PRJ-11704,Residential Building Project 1704,Residential Building,Mecca,AECOM Arabia,Aramco,90095243.41,97352200.91,7256957.5,8.05,2020-11-24,2023-02-06,2023-02-27,21,Delayed,447
PRJ-11705,Highway Project 1705,Highway,Riyadh,SADEEM Construction,Royal Commission,1466421.49,1538088.1,71666.61,4.89,2018-08-13,2020-01-21,2020-01-21,0,Completed,111
PRJ-11706,Dam Project 1706,Dam,Jazan,Al Rashid Trading,Ministry of Housing,43201085.29,48401739.52,5200654.23,12.04,2022-05-08,2023-09-06,2023-09-06,0,In Progress,405
PRJ-11707,School Project 1707,School,Riyadh,SADEEM Construction,NEOM Co.,4079966.66,4387793.39,307826.73,7.54,2019-11-28,2020-10-11,2020-10-11,0,On Hold,127
PRJ-11708,Dam Project 1708,Dam,Jeddah,El Seif Engineering,NEOM Co.,141250398.51,134515972.2,-6734426.31,-4.77,2018-09-28,2019-05-18,2019-05-18,0,Cancelled,22
PRJ-11709,Dam Project 1709,Dam,Jazan,Al Fouzan,Ministry of Health,71011598.87,95904397.42,24892798.55,35.05,2021-12-21,2022-04-11,2022-04-13,2,Cancelled,64
PRJ-11710,School Project 1710,School,Jazan,Saudi Binladin Group,Private Developer,82804486.25,97369167.67,14564681.42,17.59,2021-02-15,2022-08-05,2022-10-26,82,Delayed,459
PRJ-11711,Hospital Project 1711,Hospital,Jazan,Al Arrab,Ministry of Transport,78445864.71,91701050.55,13255185.84,16.9,2023-03-16,2025-12-28,2025-12-28,0,In Progress,54
PRJ-11712,Metro Rail Project 1712,Metro Rail,Dammam,Al Rashid Trading,Ministry of Education,29845998.2,34576572.96,4730574.76,15.85,2021-01-23,2023-02-27,2023-02-27,0,Completed,414
PRJ-11713,Highway Project 1713,Highway,Neom,Al Arrab,Aramco,86779003.82,115204002.71,28424998.89,32.76,2018-03-23,2020-01-15,2020-03-21,66,In Progress,392
PRJ-11714,School Project 1714,School,Riyadh,Al Fouzan,Ministry of Housing,121619082.95,176334042.25,54714959.3,44.99,2022-06-03,2024-02-05,2024-02-21,16,Delayed,309
PRJ-11715,Airport Terminal Project 1715,Airport Terminal,Riyadh,SADEEM Construction,NEOM Co.,136999699.3,136263753.42,-735945.88,-0.54,2023-03-01,2024-04-21,2024-05-16,25,In Progress,106
PRJ-11716,Dam Project 1716,Dam,Jazan,SSEM,Ministry of Transport,40685243.45,42617207.54,1931964.09,4.75,2018-12-20,2019-06-29,2019-07-05,6,Cancelled,449
PRJ-11717,Commercial Complex Project 1717,Commercial Complex,Dammam,Nesma & Partners,NEOM Co.,46309109.68,61146238.32,14837128.64,32.04,2022-04-07,2024-12-03,2024-12-27,24,Completed,299
PRJ-11718,Highway Project 1718,Highway,Medina,Al Arrab,Royal Commission,64261712.21,69699938.9,5438226.69,8.46,2019-04-07,2022-02-20,2022-02-20,0,On Hold,31
PRJ-11719,Hospital Project 1719,Hospital,Abha,Saudi Binladin Group,Ministry of Transport,12695451.38,11760259.63,-935191.75,-7.37,2022-01-27,2024-03-14,2024-03-14,0,Cancelled,438
PRJ-11720,Bridge Project 1720,Bridge,Dammam,SSEM,Ministry of Health,26188504.32,27639956.33,1451452.01,5.54,2022-11-21,2024-12-11,2024-12-11,0,Cancelled,276
PRJ-11721,Industrial Plant Project 1721,Industrial Plant,Jazan,El Seif Engineering,Ministry of Health,32492204.47,38024011.02,5531806.55,17.03,2018-03-05,2020-02-07,2020-02-16,9,In Progress,405
PRJ-11722,Residential Building Project 1722,Residential Building,Tabuk,SADEEM Construction,Ministry of Health,121873985.54,110193417.11,-11680568.43,-9.58,2020-08-09,2021-08-21,2021-08-21,0,Delayed,165
PRJ-11723,Airport Terminal Project 1723,Airport Terminal,Neom,Al Fouzan,Private Developer,97582133.63,145292441.65,47710308.02,48.89,2023-04-27,2025-12-17,2026-01-19,33,Cancelled,365
PRJ-11724,Airport Terminal Project 1724,Airport Terminal,Neom,AECOM Arabia,NEOM Co.,139946564.39,132408358.32,-7538206.07,-5.39,2019-11-22,2021-06-14,2021-06-14,0,Delayed,282
PRJ-11725,Airport Terminal Project 1725,Airport Terminal,Neom,El Seif Engineering,Private Developer,132982608.46,137976845.94,4994237.48,3.76,2019-07-04,2021-07-07,2021-07-07,0,Cancelled,272
PRJ-11726,Bridge Project 1726,Bridge,Tabuk,Al Fouzan,Ministry of Transport,84906300.52,118295982.0,33389681.48,39.33,2019-01-27,2020-11-26,2020-12-28,32,Delayed,275
PRJ-11727,School Project 1727,School,Mecca,SADEEM Construction,Ministry of Health,139795190.3,199365551.19,59570360.89,42.61,2021-09-11,2023-10-26,2024-04-16,173,In Progress,420
PRJ-11728,Industrial Plant Project 1728,Industrial Plant,Medina,Al Fouzan,Royal Commission,43439570.78,38634143.48,-4805427.3,-11.06,2022-06-23,2023-04-18,2023-06-20,63,Completed,380
PRJ-11729,Industrial Plant Project 1729,Industrial Plant,Medina,Al Rashid Trading,Royal Commission,35046587.5,36972510.04,1925922.54,5.5,2022-12-23,2023-09-26,2023-12-03,68,In Progress,210
PRJ-11730,Dam Project 1730,Dam,Mecca,AECOM Arabia,Ministry of Education,33487333.41,51479722.89,17992389.48,53.73,2019-12-01,2021-09-01,2021-09-05,4,Delayed,73
PRJ-11731,School Project 1731,School,Qassim,Al Arrab,Ministry of Housing,75258709.75,82970316.28,7711606.53,10.25,2019-01-22,2019-06-29,2019-06-29,0,On Hold,242
PRJ-11732,Airport Terminal Project 1732,Airport Terminal,Neom,SADEEM Construction,Ministry of Health,36240424.42,52838699.57,16598275.15,45.8,2019-06-29,2020-04-17,2020-05-29,42,On Hold,314
PRJ-11733,Commercial Complex Project 1733,Commercial Complex,Jazan,Al Arrab,Ministry of Health,47233404.72,48071902.6,838497.88,1.78,2018-09-02,2019-10-17,2019-11-01,15,Completed,31
PRJ-11734,Commercial Complex Project 1734,Commercial Complex,Mecca,El Seif Engineering,Private Developer,146495872.99,234046949.36,87551076.37,59.76,2022-05-25,2022-12-31,2023-01-31,31,On Hold,114
PRJ-11735,Residential Building Project 1735,Residential Building,Neom,Saudi Binladin Group,Ministry of Housing,45856138.77,52026874.36,6170735.59,13.46,2019-11-23,2020-06-14,2020-06-14,0,Delayed,230
PRJ-11736,Bridge Project 1736,Bridge,Medina,Al Rashid Trading,Private Developer,114995867.26,186582080.31,71586213.05,62.25,2021-02-05,2023-12-12,2024-01-16,35,Completed,293
PRJ-11737,Metro Rail Project 1737,Metro Rail,Tabuk,Al Rashid Trading,NEOM Co.,59336522.75,55729763.91,-3606758.84,-6.08,2023-06-03,2025-12-04,2025-12-04,0,Cancelled,18
PRJ-11738,Highway Project 1738,Highway,Jeddah,AECOM Arabia,Private Developer,100920474.46,132210712.02,31290237.56,31.0,2020-09-22,2023-03-29,2023-05-07,39,On Hold,123
PRJ-11739,Bridge Project 1739,Bridge,Jazan,AECOM Arabia,NEOM Co.,31419275.02,33032239.51,1612964.49,5.13,2018-12-22,2021-09-20,2021-09-20,0,Completed,132
PRJ-11740,Industrial Plant Project 1740,Industrial Plant,Abha,AECOM Arabia,Ministry of Health,47172365.62,64445700.03,17273334.41,36.62,2019-03-14,2020-09-10,2020-09-26,16,On Hold,374
PRJ-11741,Dam Project 1741,Dam,Jazan,Nesma & Partners,Ministry of Health,111909604.03,115913701.99,4004097.96,3.58,2021-06-13,2024-01-30,2024-10-11,255,Delayed,115
PRJ-11742,Dam Project 1742,Dam,Abha,Al Bawani,Royal Commission,61096141.42,61640220.34,544078.92,0.89,2018-02-12,2019-04-07,2019-04-16,9,On Hold,320
PRJ-11743,Bridge Project 1743,Bridge,Tabuk,Nesma & Partners,Aramco,117616389.39,137937656.14,20321266.75,17.28,2022-09-11,2024-08-16,2024-08-16,0,On Hold,116
PRJ-11744,Bridge Project 1744,Bridge,Tabuk,Al Fouzan,Ministry of Health,55849711.76,62852354.0,7002642.24,12.54,2019-05-25,2020-05-29,2020-05-29,0,On Hold,317
PRJ-11745,Dam Project 1745,Dam,Riyadh,AECOM Arabia,Ministry of Transport,134600795.76,134096138.45,-504657.31,-0.37,2021-11-29,2023-12-19,2024-02-13,56,Completed,209
PRJ-11746,Metro Rail Project 1746,Metro Rail,Tabuk,Al Fouzan,Ministry of Health,143465636.29,160881292.7,17415656.41,12.14,2020-10-02,2021-01-20,2021-02-03,14,On Hold,55
PRJ-11747,School Project 1747,School,Mecca,Al Fouzan,Ministry of Transport,9833483.43,10284369.26,450885.83,4.59,2020-01-21,2021-01-20,2021-01-20,0,In Progress,96
PRJ-11748,Bridge Project 1748,Bridge,Neom,Al Bawani,Ministry of Transport,16797535.54,16370238.93,-427296.61,-2.54,2018-03-16,2020-10-27,2020-10-27,0,In Progress,56
PRJ-11749,Highway Project 1749,Highway,Jeddah,AECOM Arabia,Ministry of Housing,47882921.95,74237247.43,26354325.48,55.04,2018-06-12,2019-05-24,2019-07-12,49,In Progress,160
PRJ-11750,Highway Project 1750,Highway,Abha,SADEEM Construction,NEOM Co.,45718714.46,70214104.45,24495389.99,53.58,2020-04-18,2021-03-08,2021-05-05,58,In Progress,456
PRJ-11751,Commercial Complex Project 1751,Commercial Complex,Neom,Saudi Binladin Group,NEOM Co.,114815317.08,161000728.76,46185411.68,40.23,2021-01-27,2022-02-16,2022-02-20,4,In Progress,130
PRJ-11752,Residential Building Project 1752,Residential Building,Medina,AECOM Arabia,Aramco,141781097.65,158127533.7,16346436.05,11.53,2022-05-02,2022-10-07,2022-11-10,34,In Progress,283
PRJ-11753,Commercial Complex Project 1753,Commercial Complex,Jazan,Al Bawani,Royal Commission,75336607.96,94807830.94,19471222.98,25.85,2019-01-02,2021-04-11,2021-05-12,31,In Progress,412
PRJ-11754,Residential Building Project 1754,Residential Building,Tabuk,Nesma & Partners,Private Developer,18432964.79,27500450.29,9067485.5,49.19,2022-07-24,2024-03-30,2024-04-10,11,Completed,211
PRJ-11755,Highway Project 1755,Highway,Dammam,Saudi Binladin Group,Ministry of Education,129281997.89,208390867.9,79108870.01,61.19,2022-09-30,2023-06-06,2023-06-10,4,Delayed,303
PRJ-11756,Industrial Plant Project 1756,Industrial Plant,Jazan,Al Rashid Trading,Ministry of Education,49658981.37,72078030.9,22419049.53,45.15,2021-12-25,2022-09-20,2022-10-22,32,Cancelled,396
PRJ-11757,Residential Building Project 1757,Residential Building,Jeddah,Al Arrab,NEOM Co.,121885962.08,134115467.9,12229505.82,10.03,2019-08-12,2019-11-10,2020-02-05,87,On Hold,291
PRJ-11758,Airport Terminal Project 1758,Airport Terminal,Abha,Al Bawani,Ministry of Education,128846714.96,121052270.94,-7794444.02,-6.05,2021-08-18,2024-07-28,2024-07-28,0,Cancelled,305
PRJ-11759,School Project 1759,School,Mecca,Al Bawani,Ministry of Health,105903615.5,118886691.2,12983075.7,12.26,2020-10-27,2021-07-14,2021-07-14,0,Completed,115
PRJ-11760,Commercial Complex Project 1760,Commercial Complex,Neom,Al Fouzan,Private Developer,101819624.56,99344839.62,-2474784.94,-2.43,2021-05-22,2021-12-16,2021-12-16,0,Delayed,201
PRJ-11761,Residential Building Project 1761,Residential Building,Tabuk,SSEM,Ministry of Transport,131019950.48,116988740.09,-14031210.39,-10.71,2018-02-02,2020-06-09,2020-06-14,5,In Progress,240
PRJ-11762,Metro Rail Project 1762,Metro Rail,Dammam,SADEEM Construction,Ministry of Health,107761016.1,164796596.0,57035579.9,52.93,2018-10-19,2019-09-24,2019-10-13,19,On Hold,139
PRJ-11763,Dam Project 1763,Dam,Abha,SSEM,Ministry of Education,57817872.59,87834238.19,30016365.6,51.92,2022-12-13,2024-03-27,2024-04-01,5,Completed,135
PRJ-11764,Highway Project 1764,Highway,Jeddah,SADEEM Construction,Royal Commission,82561989.93,117758760.59,35196770.66,42.63,2019-12-19,2020-05-11,2020-05-17,6,On Hold,49
PRJ-11765,Metro Rail Project 1765,Metro Rail,Mecca,Al Fouzan,Ministry of Education,76911488.95,83163923.43,6252434.48,8.13,2023-03-28,2023-08-06,2023-08-06,0,Completed,190
PRJ-11766,Hospital Project 1766,Hospital,Medina,SADEEM Construction,NEOM Co.,69404301.56,105053833.03,35649531.47,51.37,2018-07-27,2018-11-05,2018-12-27,52,Delayed,40
PRJ-11767,Residential Building Project 1767,Residential Building,Qassim,Al Rashid Trading,Royal Commission,106553628.86,162076922.99,55523294.13,52.11,2020-07-07,2020-10-29,2020-11-01,3,On Hold,187
PRJ-11768,Metro Rail Project 1768,Metro Rail,Tabuk,SADEEM Construction,Royal Commission,100816440.59,114969684.87,14153244.28,14.04,2022-06-29,2022-11-18,2022-12-23,35,On Hold,398
PRJ-11769,Dam Project 1769,Dam,Abha,Al Bawani,Ministry of Housing,131952293.65,124044705.84,-7907587.81,-5.99,2022-05-16,2024-06-26,2024-08-03,38,Cancelled,44
PRJ-11770,Highway Project 1770,Highway,Abha,Al Fouzan,Ministry of Education,61462816.14,54564067.48,-6898748.66,-11.22,2022-01-19,2024-05-07,2024-07-11,65,In Progress,57
PRJ-11771,Metro Rail Project 1771,Metro Rail,Abha,SADEEM Construction,Ministry of Health,144231784.64,195448604.17,51216819.53,35.51,2018-03-27,2019-02-05,2019-06-13,128,In Progress,224
PRJ-11772,Metro Rail Project 1772,Metro Rail,Medina,Al Arrab,NEOM Co.,40948608.84,65667096.34,24718487.5,60.36,2021-01-25,2022-07-06,2022-07-14,8,In Progress,10
PRJ-11773,Commercial Complex Project 1773,Commercial Complex,Dammam,Saudi Binladin Group,Private Developer,45091731.91,51073221.8,5981489.89,13.27,2020-09-15,2022-12-28,2022-12-28,0,In Progress,483
PRJ-11774,Dam Project 1774,Dam,Jeddah,El Seif Engineering,Ministry of Education,59271708.83,50889043.71,-8382665.12,-14.14,2023-01-16,2025-07-25,2025-07-29,4,Delayed,445
PRJ-11775,Dam Project 1775,Dam,Mecca,AECOM Arabia,Royal Commission,81866471.88,93762403.36,11895931.48,14.53,2021-09-23,2023-09-29,2024-01-18,111,Cancelled,276
PRJ-11776,Industrial Plant Project 1776,Industrial Plant,Neom,Al Rashid Trading,Ministry of Transport,53900253.93,68261171.85,14360917.92,26.64,2018-02-15,2020-08-27,2020-09-08,12,Cancelled,163
PRJ-11777,Dam Project 1777,Dam,Abha,Saudi Binladin Group,Private Developer,66379400.07,83267423.56,16888023.49,25.44,2022-11-03,2025-05-01,2025-07-03,63,Cancelled,124
PRJ-11778,Bridge Project 1778,Bridge,Medina,SSEM,NEOM Co.,76409796.81,71940700.76,-4469096.05,-5.85,2018-07-21,2021-05-24,2021-05-24,0,On Hold,390
PRJ-11779,School Project 1779,School,Abha,AECOM Arabia,Royal Commission,147419561.37,133958866.08,-13460695.29,-9.13,2018-06-16,2019-07-17,2019-07-25,8,Completed,406
PRJ-11780,Hospital Project 1780,Hospital,Riyadh,Al Arrab,Ministry of Health,99640364.22,117786520.92,18146156.7,18.21,2020-06-04,2022-12-15,2023-01-11,27,Completed,180
PRJ-11781,Hospital Project 1781,Hospital,Jeddah,SADEEM Construction,Ministry of Transport,63617738.97,72239162.55,8621423.58,13.55,2022-12-06,2024-07-16,2024-07-16,0,On Hold,311
PRJ-11782,Bridge Project 1782,Bridge,Abha,Al Arrab,Ministry of Transport,29759039.69,40740056.63,10981016.94,36.9,2019-05-14,2020-05-31,2020-07-21,51,In Progress,316
PRJ-11783,Hospital Project 1783,Hospital,Neom,Al Arrab,Aramco,63135981.18,66628522.6,3492541.42,5.53,2018-06-18,2018-12-28,2019-01-15,18,In Progress,286
PRJ-11784,School Project 1784,School,Jazan,El Seif Engineering,NEOM Co.,112941092.74,124990058.96,12048966.22,10.67,2018-01-05,2018-05-27,2018-10-29,155,Delayed,357
PRJ-11785,Hospital Project 1785,Hospital,Neom,El Seif Engineering,Ministry of Housing,89609492.31,107370973.98,17761481.67,19.82,2023-01-03,2023-09-19,2024-02-29,163,Cancelled,52
PRJ-11786,Residential Building Project 1786,Residential Building,Neom,Saudi Binladin Group,Ministry of Transport,138143364.42,138627564.09,484199.67,0.35,2018-12-15,2021-05-31,2021-05-31,0,On Hold,65
PRJ-11787,Industrial Plant Project 1787,Industrial Plant,Neom,SADEEM Construction,Aramco,8682539.69,10288428.5,1605888.81,18.5,2021-06-08,2024-01-05,2024-08-13,221,Delayed,90
PRJ-11788,Airport Terminal Project 1788,Airport Terminal,Jeddah,SSEM,Ministry of Transport,33335421.82,39152468.31,5817046.49,17.45,2019-08-05,2021-10-08,2021-10-08,0,In Progress,365
PRJ-11789,Dam Project 1789,Dam,Jazan,Al Fouzan,Private Developer,126659971.98,142199588.75,15539616.77,12.27,2021-08-31,2022-09-25,2022-09-25,0,In Progress,416
PRJ-11790,Industrial Plant Project 1790,Industrial Plant,Tabuk,Al Rashid Trading,Ministry of Transport,25588282.05,24213957.45,-1374324.6,-5.37,2018-11-01,2020-05-16,2020-07-30,75,Cancelled,458
PRJ-11791,Commercial Complex Project 1791,Commercial Complex,Dammam,El Seif Engineering,Ministry of Education,10606910.05,11850132.79,1243222.74,11.72,2018-11-02,2019-06-09,2019-06-09,0,Delayed,362
PRJ-11792,Hospital Project 1792,Hospital,Neom,Al Rashid Trading,Ministry of Education,139356790.12,131735720.9,-7621069.22,-5.47,2020-04-19,2021-10-06,2021-10-22,16,Cancelled,383
PRJ-11793,Metro Rail Project 1793,Metro Rail,Mecca,Al Rashid Trading,Ministry of Education,77102726.7,88657336.66,11554609.96,14.99,2018-03-11,2020-04-10,2020-04-22,12,Delayed,43
PRJ-11794,Residential Building Project 1794,Residential Building,Riyadh,SADEEM Construction,Ministry of Health,93388928.31,87643910.32,-5745017.99,-6.15,2022-07-23,2023-04-30,2023-06-07,38,On Hold,411
PRJ-11795,Hospital Project 1795,Hospital,Jazan,Nesma & Partners,Royal Commission,5820739.51,6974986.86,1154247.35,19.83,2023-06-03,2025-10-03,2025-10-03,0,Cancelled,454
PRJ-11796,Highway Project 1796,Highway,Riyadh,Nesma & Partners,Private Developer,35292888.16,35359953.94,67065.78,0.19,2018-07-10,2019-12-07,2019-12-08,1,In Progress,31
PRJ-11797,Highway Project 1797,Highway,Medina,Al Bawani,Ministry of Education,6324198.03,6435145.13,110947.1,1.75,2019-07-24,2022-06-28,2022-06-28,0,On Hold,29
PRJ-11798,Residential Building Project 1798,Residential Building,Tabuk,Al Fouzan,Royal Commission,120459066.78,145194941.7,24735874.92,20.53,2018-01-06,2019-03-17,2019-03-29,12,Cancelled,113
PRJ-11799,Bridge Project 1799,Bridge,Dammam,Al Fouzan,Private Developer,101500222.65,106846058.81,5345836.16,5.27,2020-03-11,2021-12-04,2021-12-04,0,Cancelled,484
PRJ-11800,Metro Rail Project 1800,Metro Rail,Medina,Al Arrab,Ministry of Housing,129286130.06,149947437.33,20661307.27,15.98,2023-05-29,2024-12-04,2024-12-04,0,Cancelled,396
PRJ-11801,Dam Project 1801,Dam,Riyadh,SADEEM Construction,Royal Commission,1981648.98,2414811.45,433162.47,21.86,2020-04-14,2020-07-31,2020-09-14,45,Completed,252
PRJ-11802,School Project 1802,School,Jazan,AECOM Arabia,Ministry of Transport,148331660.92,155002079.76,6670418.84,4.5,2019-10-08,2022-08-08,2022-08-08,0,Delayed,163
PRJ-11803,Residential Building Project 1803,Residential Building,Medina,AECOM Arabia,Private Developer,148040943.84,155277763.67,7236819.83,4.89,2019-06-28,2020-11-03,2020-12-15,42,In Progress,497
PRJ-11804,Dam Project 1804,Dam,Medina,Al Arrab,Ministry of Housing,80990049.4,96996978.8,16006929.4,19.76,2018-04-08,2019-09-20,2019-09-20,0,Delayed,284
PRJ-11805,Airport Terminal Project 1805,Airport Terminal,Abha,Saudi Binladin Group,Private Developer,128700825.86,119590103.17,-9110722.69,-7.08,2021-05-14,2023-10-08,2023-10-08,0,Cancelled,119
PRJ-11806,Airport Terminal Project 1806,Airport Terminal,Qassim,SADEEM Construction,Aramco,106102613.52,106492421.34,389807.82,0.37,2019-04-26,2021-12-16,2021-12-16,0,Delayed,100
PRJ-11807,Airport Terminal Project 1807,Airport Terminal,Medina,Saudi Binladin Group,Ministry of Health,1543848.15,1602211.07,58362.92,3.78,2019-11-05,2020-04-24,2020-05-09,15,Completed,60
PRJ-11808,Highway Project 1808,Highway,Mecca,Nesma & Partners,Private Developer,122920955.94,185858815.37,62937859.43,51.2,2019-06-11,2021-07-27,2021-08-08,12,In Progress,383
PRJ-11809,Highway Project 1809,Highway,Tabuk,El Seif Engineering,Private Developer,589391.86,584880.5,-4511.36,-0.77,2021-01-15,2022-02-25,2022-02-25,0,Completed,89
PRJ-11810,Commercial Complex Project 1810,Commercial Complex,Riyadh,Al Rashid Trading,Aramco,36554199.54,35460139.96,-1094059.58,-2.99,2022-04-27,2024-09-30,2024-09-30,0,In Progress,68
PRJ-11811,Dam Project 1811,Dam,Tabuk,El Seif Engineering,Ministry of Education,10693899.65,13842607.78,3148708.13,29.44,2018-09-08,2020-05-13,2020-05-19,6,Completed,192
PRJ-11812,Commercial Complex Project 1812,Commercial Complex,Tabuk,Nesma & Partners,Ministry of Health,44058480.39,50733053.98,6674573.59,15.15,2019-01-23,2021-07-26,2021-08-11,16,Completed,476
PRJ-11813,Metro Rail Project 1813,Metro Rail,Jeddah,El Seif Engineering,NEOM Co.,131447786.29,163569100.47,32121314.18,24.44,2019-12-02,2020-07-28,2020-10-06,70,Cancelled,109
PRJ-11814,Dam Project 1814,Dam,Tabuk,Saudi Binladin Group,Royal Commission,49858314.57,46469954.04,-3388360.53,-6.8,2020-03-08,2022-10-27,2022-10-27,0,Cancelled,407
PRJ-11815,School Project 1815,School,Medina,Nesma & Partners,Ministry of Transport,143033730.47,155637894.56,12604164.09,8.81,2021-07-29,2023-07-24,2023-07-25,1,Completed,391
PRJ-11816,Bridge Project 1816,Bridge,Jazan,Al Bawani,Ministry of Education,45060897.07,44224092.54,-836804.53,-1.86,2019-10-22,2021-02-19,2021-03-02,11,Completed,28
PRJ-11817,Dam Project 1817,Dam,Medina,Saudi Binladin Group,Royal Commission,117582633.92,110145456.91,-7437177.01,-6.33,2021-09-23,2022-01-08,2022-01-08,0,On Hold,393
PRJ-11818,Residential Building Project 1818,Residential Building,Tabuk,SSEM,Aramco,95418545.54,86490090.07,-8928455.47,-9.36,2022-09-23,2023-05-08,2023-05-11,3,Completed,313
PRJ-11819,Highway Project 1819,Highway,Jazan,SSEM,Royal Commission,136459710.8,130597214.66,-5862496.14,-4.3,2021-07-03,2022-01-31,2022-01-31,0,Delayed,135
PRJ-11820,Industrial Plant Project 1820,Industrial Plant,Qassim,Al Arrab,Private Developer,123276898.11,112463691.58,-10813206.53,-8.77,2022-10-25,2023-03-03,2023-03-26,23,In Progress,366
PRJ-11821,Industrial Plant Project 1821,Industrial Plant,Abha,Nesma & Partners,Private Developer,143339504.62,220415489.29,77075984.67,53.77,2022-10-07,2023-12-19,2024-07-09,203,Delayed,48
PRJ-11822,Dam Project 1822,Dam,Mecca,SADEEM Construction,Ministry of Health,25737095.86,29756789.22,4019693.36,15.62,2018-02-23,2018-06-16,2018-06-16,0,Completed,455
PRJ-11823,Highway Project 1823,Highway,Qassim,AECOM Arabia,Aramco,2477707.53,3631214.34,1153506.81,46.56,2018-08-21,2019-11-25,2019-12-16,21,Delayed,172
PRJ-11824,Commercial Complex Project 1824,Commercial Complex,Dammam,AECOM Arabia,Ministry of Transport,140251929.87,211177316.17,70925386.3,50.57,2022-06-28,2024-05-14,2024-12-10,210,Cancelled,396
PRJ-11825,Airport Terminal Project 1825,Airport Terminal,Jeddah,Al Bawani,Private Developer,133284606.77,127922021.34,-5362585.43,-4.02,2021-02-05,2023-11-20,2023-11-20,0,On Hold,395
PRJ-11826,Residential Building Project 1826,Residential Building,Mecca,Al Arrab,Aramco,42985552.21,49504016.53,6518464.32,15.16,2019-11-14,2021-12-16,2022-03-13,87,Completed,495
PRJ-11827,Metro Rail Project 1827,Metro Rail,Riyadh,El Seif Engineering,Ministry of Education,59301440.22,63059170.71,3757730.49,6.34,2020-08-18,2020-12-29,2020-12-29,0,Completed,145
PRJ-11828,Highway Project 1828,Highway,Neom,Al Bawani,Ministry of Transport,24402024.62,24012891.18,-389133.44,-1.59,2019-11-16,2020-05-07,2020-06-11,35,Cancelled,368
PRJ-11829,Commercial Complex Project 1829,Commercial Complex,Riyadh,SSEM,Ministry of Transport,46891118.07,69734241.08,22843123.01,48.72,2021-12-21,2024-04-05,2024-04-25,20,Cancelled,132
PRJ-11830,School Project 1830,School,Riyadh,Al Bawani,Private Developer,111050650.37,121451688.37,10401038.0,9.37,2022-06-16,2024-04-26,2024-04-26,0,On Hold,290
PRJ-11831,Bridge Project 1831,Bridge,Riyadh,Al Arrab,Ministry of Transport,23788102.46,21884036.17,-1904066.29,-8.0,2021-09-27,2023-09-14,2023-10-07,23,Delayed,186
PRJ-11832,Highway Project 1832,Highway,Abha,AECOM Arabia,Ministry of Health,56915794.93,50191145.47,-6724649.46,-11.82,2021-03-30,2024-01-16,2024-02-01,16,Completed,371
PRJ-11833,School Project 1833,School,Mecca,AECOM Arabia,Ministry of Education,41461220.87,66873055.49,25411834.62,61.29,2018-08-23,2018-11-22,2019-02-23,93,Delayed,363
PRJ-11834,Highway Project 1834,Highway,Neom,Nesma & Partners,Aramco,53172894.61,52815357.49,-357537.12,-0.67,2021-10-06,2024-09-20,2024-09-21,1,In Progress,137
PRJ-11835,Residential Building Project 1835,Residential Building,Jeddah,Al Arrab,NEOM Co.,59136560.12,56946097.63,-2190462.49,-3.7,2019-03-23,2022-03-05,2022-06-01,88,Completed,343
PRJ-11836,Bridge Project 1836,Bridge,Jeddah,Saudi Binladin Group,Ministry of Health,114645618.63,187446281.43,72800662.8,63.5,2019-12-01,2020-06-17,2020-06-20,3,Completed,454
PRJ-11837,Hospital Project 1837,Hospital,Tabuk,Al Arrab,Ministry of Health,57551666.62,65181311.88,7629645.26,13.26,2020-11-28,2023-01-02,2023-01-02,0,In Progress,449
PRJ-11838,Highway Project 1838,Highway,Medina,Al Arrab,Royal Commission,51717366.88,56284044.67,4566677.79,8.83,2022-11-17,2023-08-26,2023-08-26,0,In Progress,260
PRJ-11839,Dam Project 1839,Dam,Mecca,Al Arrab,Ministry of Housing,29206404.67,46743428.66,17537023.99,60.05,2018-01-07,2018-12-21,2018-12-25,4,Completed,393
PRJ-11840,Dam Project 1840,Dam,Qassim,SADEEM Construction,Ministry of Transport,137688268.05,160577659.64,22889391.59,16.62,2018-08-15,2020-01-10,2020-01-10,0,Delayed,100
PRJ-11841,School Project 1841,School,Riyadh,SSEM,Aramco,94002300.8,85093660.41,-8908640.39,-9.48,2020-07-19,2022-06-09,2022-07-28,49,On Hold,112
PRJ-11842,Industrial Plant Project 1842,Industrial Plant,Jazan,Al Arrab,Private Developer,50550961.76,68674303.39,18123341.63,35.85,2020-09-10,2021-05-22,2021-06-02,11,Completed,409
PRJ-11843,Bridge Project 1843,Bridge,Jazan,Al Arrab,Ministry of Transport,53715687.13,71290045.11,17574357.98,32.72,2021-02-03,2023-12-31,2024-01-04,4,Completed,147
PRJ-11844,Hospital Project 1844,Hospital,Qassim,SADEEM Construction,Aramco,122250396.14,124039781.1,1789384.96,1.46,2022-11-01,2023-11-04,2023-11-04,0,On Hold,20
PRJ-11845,Commercial Complex Project 1845,Commercial Complex,Neom,El Seif Engineering,Ministry of Transport,20274172.91,21084869.05,810696.14,4.0,2019-08-03,2022-05-09,2022-05-15,6,Cancelled,448
PRJ-11846,Metro Rail Project 1846,Metro Rail,Neom,Al Bawani,NEOM Co.,45334690.15,61847218.91,16512528.76,36.42,2020-10-14,2022-10-16,2022-12-20,65,Delayed,403
PRJ-11847,Airport Terminal Project 1847,Airport Terminal,Abha,AECOM Arabia,Royal Commission,90341349.94,102989282.36,12647932.42,14.0,2020-09-12,2020-12-12,2021-01-16,35,Delayed,379
PRJ-11848,School Project 1848,School,Mecca,SADEEM Construction,Ministry of Transport,123687648.96,118891820.96,-4795828.0,-3.88,2020-04-03,2022-04-06,2022-04-06,0,Cancelled,298
PRJ-11849,Hospital Project 1849,Hospital,Jeddah,Al Arrab,Ministry of Education,70621591.75,80528502.8,9906911.05,14.03,2019-02-06,2021-02-04,2021-02-04,0,Delayed,192
PRJ-11850,Dam Project 1850,Dam,Medina,Al Bawani,Royal Commission,27433717.84,42712849.47,15279131.63,55.69,2019-04-12,2020-11-26,2020-11-29,3,Completed,62
PRJ-11851,Metro Rail Project 1851,Metro Rail,Dammam,Al Rashid Trading,Ministry of Health,51767984.58,45052583.82,-6715400.76,-12.97,2018-03-31,2020-12-02,2021-01-05,34,Completed,62
PRJ-11852,Airport Terminal Project 1852,Airport Terminal,Jazan,Nesma & Partners,Ministry of Transport,103662009.82,92735275.48,-10926734.34,-10.54,2019-03-16,2021-07-08,2021-07-19,11,Delayed,15
PRJ-11853,Metro Rail Project 1853,Metro Rail,Abha,El Seif Engineering,Private Developer,91667007.85,89122436.65,-2544571.2,-2.78,2021-04-20,2023-05-08,2023-05-08,0,Completed,184
PRJ-11854,Bridge Project 1854,Bridge,Neom,El Seif Engineering,Aramco,58327682.69,53904942.04,-4422740.65,-7.58,2019-05-28,2021-11-27,2021-11-27,0,In Progress,32
PRJ-11855,Dam Project 1855,Dam,Mecca,Al Bawani,NEOM Co.,22500906.04,24489576.36,1988670.32,8.84,2022-04-01,2024-05-03,2025-02-02,275,On Hold,428
PRJ-11856,Bridge Project 1856,Bridge,Abha,Al Fouzan,Aramco,13919045.33,11898523.79,-2020521.54,-14.52,2020-10-28,2021-04-26,2021-07-07,72,Delayed,10
PRJ-11857,School Project 1857,School,Tabuk,Al Fouzan,Ministry of Education,72837102.72,79839900.07,7002797.35,9.61,2021-11-26,2023-09-16,2023-09-19,3,Cancelled,20
PRJ-11858,Industrial Plant Project 1858,Industrial Plant,Medina,Nesma & Partners,NEOM Co.,138945904.19,225462774.53,86516870.34,62.27,2022-02-19,2023-01-14,2023-01-19,5,In Progress,111
PRJ-11859,Highway Project 1859,Highway,Mecca,SSEM,Ministry of Housing,31266259.36,40250362.98,8984103.62,28.73,2020-07-09,2022-08-15,2022-09-24,40,Completed,381
PRJ-11860,Bridge Project 1860,Bridge,Tabuk,SADEEM Construction,Ministry of Health,132729569.78,169581586.46,36852016.68,27.76,2021-11-09,2022-07-14,2022-08-07,24,On Hold,203
PRJ-11861,Residential Building Project 1861,Residential Building,Dammam,Al Fouzan,Ministry of Housing,29720971.06,28231023.37,-1489947.69,-5.01,2018-12-25,2020-09-20,2020-09-20,0,Completed,53
PRJ-11862,Highway Project 1862,Highway,Medina,El Seif Engineering,NEOM Co.,137515128.09,157821410.04,20306281.95,14.77,2018-08-11,2020-01-08,2020-01-19,11,In Progress,146
PRJ-11863,Airport Terminal Project 1863,Airport Terminal,Qassim,Al Bawani,Royal Commission,114093636.94,183879005.1,69785368.16,61.16,2020-07-16,2023-04-09,2023-04-21,12,Cancelled,348
PRJ-11864,Metro Rail Project 1864,Metro Rail,Medina,SSEM,Ministry of Health,110820201.47,119600350.03,8780148.56,7.92,2021-06-05,2022-02-26,2022-02-26,0,Delayed,143
PRJ-11865,Metro Rail Project 1865,Metro Rail,Medina,Saudi Binladin Group,Ministry of Transport,132193826.5,139550433.27,7356606.77,5.57,2019-08-29,2021-01-15,2021-01-16,1,Completed,457
PRJ-11866,Metro Rail Project 1866,Metro Rail,Jeddah,Nesma & Partners,Ministry of Housing,70022931.97,67788749.62,-2234182.35,-3.19,2022-02-18,2023-01-09,2023-01-09,0,Completed,296
PRJ-11867,Dam Project 1867,Dam,Abha,AECOM Arabia,NEOM Co.,111713825.5,132829536.66,21115711.16,18.9,2020-11-26,2021-04-19,2021-07-03,75,In Progress,133
PRJ-11868,Residential Building Project 1868,Residential Building,Qassim,AECOM Arabia,Aramco,51648823.72,62282384.07,10633560.35,20.59,2021-01-08,2021-12-11,2022-03-18,97,Cancelled,57
PRJ-11869,Industrial Plant Project 1869,Industrial Plant,Mecca,Al Fouzan,NEOM Co.,73612735.87,116134306.69,42521570.82,57.76,2019-01-01,2021-07-26,2021-08-07,12,In Progress,81
PRJ-11870,Bridge Project 1870,Bridge,Jeddah,Al Bawani,NEOM Co.,85558844.75,128290814.02,42731969.27,49.94,2020-06-24,2022-06-23,2022-08-05,43,Cancelled,51
PRJ-11871,Hospital Project 1871,Hospital,Jazan,Nesma & Partners,Private Developer,51606431.77,78894747.59,27288315.82,52.88,2019-11-23,2022-07-07,2022-07-24,17,Completed,406
PRJ-11872,Residential Building Project 1872,Residential Building,Riyadh,El Seif Engineering,Royal Commission,54806675.08,62379891.04,7573215.96,13.82,2022-04-01,2022-12-15,2022-12-15,0,Completed,52
PRJ-11873,Bridge Project 1873,Bridge,Jazan,El Seif Engineering,Ministry of Education,141178352.22,203762974.11,62584621.89,44.33,2023-01-06,2025-06-16,2025-07-15,29,Cancelled,23
PRJ-11874,Highway Project 1874,Highway,Tabuk,Al Fouzan,Ministry of Health,120862048.15,139415810.16,18553762.01,15.35,2018-08-24,2020-10-10,2020-10-10,0,Delayed,395
PRJ-11875,Industrial Plant Project 1875,Industrial Plant,Mecca,Nesma & Partners,Aramco,59560474.01,69775155.88,10214681.87,17.15,2022-07-23,2024-05-01,2024-05-02,1,Cancelled,254
PRJ-11876,Industrial Plant Project 1876,Industrial Plant,Jazan,Al Bawani,Aramco,101226556.35,104780126.33,3553569.98,3.51,2018-12-26,2019-08-27,2019-08-27,0,Cancelled,413
PRJ-11877,Residential Building Project 1877,Residential Building,Tabuk,Al Arrab,Ministry of Education,112469991.05,152711226.69,40241235.64,35.78,2020-11-04,2021-03-15,2021-10-27,226,Completed,11
PRJ-11878,Industrial Plant Project 1878,Industrial Plant,Medina,Al Arrab,Royal Commission,28369760.83,36499308.0,8129547.17,28.66,2019-12-01,2021-12-11,2022-01-21,41,Delayed,281
PRJ-11879,Highway Project 1879,Highway,Abha,Al Arrab,Aramco,31007626.09,44926545.32,13918919.23,44.89,2020-04-25,2021-03-22,2021-04-01,10,In Progress,174
PRJ-11880,Hospital Project 1880,Hospital,Riyadh,Al Fouzan,Private Developer,72648884.73,70092329.22,-2556555.51,-3.52,2018-12-15,2021-07-03,2021-07-03,0,Completed,292
PRJ-11881,Residential Building Project 1881,Residential Building,Jazan,Saudi Binladin Group,Ministry of Health,145107042.96,234450590.73,89343547.77,61.57,2019-05-08,2020-03-05,2020-04-11,37,Cancelled,245
PRJ-11882,Metro Rail Project 1882,Metro Rail,Tabuk,Saudi Binladin Group,NEOM Co.,64352204.28,100927691.64,36575487.36,56.84,2018-05-13,2018-12-17,2019-01-05,19,Completed,453
PRJ-11883,School Project 1883,School,Mecca,Al Bawani,Aramco,78994876.37,87856811.79,8861935.42,11.22,2021-02-12,2023-11-10,2023-11-10,0,Delayed,330
PRJ-11884,Industrial Plant Project 1884,Industrial Plant,Dammam,Al Bawani,Ministry of Education,38199845.19,39499325.26,1299480.07,3.4,2022-12-09,2024-07-31,2024-07-31,0,On Hold,377
PRJ-11885,Bridge Project 1885,Bridge,Qassim,El Seif Engineering,Ministry of Health,18955754.94,16126698.22,-2829056.72,-14.92,2019-05-12,2020-05-10,2021-01-09,244,On Hold,326
PRJ-11886,Industrial Plant Project 1886,Industrial Plant,Dammam,Al Bawani,Private Developer,6370125.22,6649665.15,279539.93,4.39,2019-09-02,2021-01-21,2021-05-14,113,On Hold,397
PRJ-11887,Highway Project 1887,Highway,Tabuk,Al Bawani,Ministry of Health,99664951.07,128620446.59,28955495.52,29.05,2018-08-02,2019-06-07,2019-07-31,54,Completed,246
PRJ-11888,Residential Building Project 1888,Residential Building,Abha,SADEEM Construction,Ministry of Health,23395102.76,26165900.15,2770797.39,11.84,2019-12-28,2020-09-03,2020-09-03,0,Delayed,453
PRJ-11889,Residential Building Project 1889,Residential Building,Dammam,Al Arrab,Ministry of Transport,90237585.81,132270009.48,42032423.67,46.58,2021-10-15,2024-01-21,2024-02-29,39,In Progress,160
PRJ-11890,Bridge Project 1890,Bridge,Riyadh,El Seif Engineering,Ministry of Education,146323849.97,164367466.81,18043616.84,12.33,2019-09-23,2021-01-11,2021-02-05,25,Delayed,272
PRJ-11891,Metro Rail Project 1891,Metro Rail,Qassim,Al Bawani,Ministry of Housing,97445451.26,89701676.87,-7743774.39,-7.95,2019-04-08,2021-09-04,2021-09-04,0,Cancelled,367
PRJ-11892,Airport Terminal Project 1892,Airport Terminal,Qassim,Nesma & Partners,Private Developer,134660899.09,126017595.48,-8643303.61,-6.42,2022-01-25,2023-03-30,2023-03-30,0,Completed,354
PRJ-11893,Hospital Project 1893,Hospital,Riyadh,SADEEM Construction,Ministry of Housing,49512504.26,65745173.96,16232669.7,32.78,2019-08-20,2022-04-09,2022-05-29,50,In Progress,401
PRJ-11894,Hospital Project 1894,Hospital,Medina,Al Bawani,Private Developer,59348510.28,61842969.58,2494459.3,4.2,2019-10-08,2021-08-29,2021-08-29,0,In Progress,423
PRJ-11895,Highway Project 1895,Highway,Jeddah,El Seif Engineering,Aramco,128254835.28,198246031.65,69991196.37,54.57,2021-05-13,2023-08-09,2023-08-21,12,Completed,288
PRJ-11896,Residential Building Project 1896,Residential Building,Neom,Al Rashid Trading,Ministry of Transport,13676097.43,20897598.02,7221500.59,52.8,2018-07-07,2020-06-03,2020-07-17,44,In Progress,78
PRJ-11897,School Project 1897,School,Tabuk,Al Rashid Trading,Ministry of Housing,27681739.1,28487387.32,805648.22,2.91,2020-04-12,2022-12-31,2022-12-31,0,Completed,480
PRJ-11898,Metro Rail Project 1898,Metro Rail,Qassim,SSEM,Royal Commission,25242216.31,32266575.19,7024358.88,27.83,2018-07-15,2019-11-15,2019-12-21,36,On Hold,408
PRJ-11899,Airport Terminal Project 1899,Airport Terminal,Qassim,Saudi Binladin Group,Ministry of Housing,95480840.33,97332852.56,1852012.23,1.94,2019-01-14,2021-11-02,2022-08-02,273,Completed,310
PRJ-11900,Commercial Complex Project 1900,Commercial Complex,Tabuk,Al Arrab,Aramco,6703850.16,6681192.89,-22657.27,-0.34,2018-09-19,2020-07-02,2020-07-02,0,Completed,135
PRJ-11901,School Project 1901,School,Tabuk,SSEM,Ministry of Education,84181826.87,116469089.57,32287262.7,38.35,2022-02-02,2023-01-28,2023-03-27,58,Completed,381
PRJ-11902,School Project 1902,School,Riyadh,AECOM Arabia,Ministry of Transport,65591750.35,93494229.11,27902478.76,42.54,2020-01-24,2021-05-29,2021-08-28,91,Completed,49
PRJ-11903,Industrial Plant Project 1903,Industrial Plant,Neom,El Seif Engineering,Aramco,139559697.83,147531825.04,7972127.21,5.71,2020-12-13,2023-08-21,2023-09-12,22,Completed,286
PRJ-11904,Industrial Plant Project 1904,Industrial Plant,Medina,Al Rashid Trading,Ministry of Health,8397589.61,7952873.41,-444716.2,-5.3,2020-09-04,2022-05-29,2022-10-09,133,On Hold,109
PRJ-11905,Highway Project 1905,Highway,Dammam,Al Rashid Trading,NEOM Co.,45764881.68,59564516.11,13799634.43,30.15,2019-05-07,2019-10-19,2019-11-10,22,On Hold,49
PRJ-11906,Commercial Complex Project 1906,Commercial Complex,Mecca,Saudi Binladin Group,Private Developer,90287187.95,104172447.71,13885259.76,15.38,2020-11-30,2021-07-11,2021-07-16,5,Completed,434
PRJ-11907,Hospital Project 1907,Hospital,Riyadh,Al Fouzan,Ministry of Transport,92770536.95,132857141.48,40086604.53,43.21,2023-04-01,2024-11-15,2025-02-28,105,Completed,275
PRJ-11908,Commercial Complex Project 1908,Commercial Complex,Jeddah,Nesma & Partners,Ministry of Health,138429261.69,183193626.94,44764365.25,32.34,2022-09-30,2025-03-07,2025-08-06,152,Completed,276
PRJ-11909,Bridge Project 1909,Bridge,Tabuk,Al Arrab,Ministry of Health,29207493.69,39392253.43,10184759.74,34.87,2021-05-29,2024-02-18,2024-03-21,32,Completed,207
PRJ-11910,Highway Project 1910,Highway,Jazan,El Seif Engineering,Royal Commission,90569140.98,115287749.43,24718608.45,27.29,2022-03-07,2025-01-22,2025-02-11,20,In Progress,140
PRJ-11911,Hospital Project 1911,Hospital,Tabuk,Saudi Binladin Group,Ministry of Health,50499157.8,50905409.61,406251.81,0.8,2021-01-31,2022-10-04,2022-10-25,21,On Hold,330
PRJ-11912,Dam Project 1912,Dam,Abha,Al Bawani,NEOM Co.,120873572.41,115522872.42,-5350699.99,-4.43,2019-03-08,2021-03-03,2021-03-03,0,Delayed,393
PRJ-11913,Residential Building Project 1913,Residential Building,Jeddah,Al Rashid Trading,Private Developer,13202460.34,18175113.58,4972653.24,37.66,2021-02-09,2023-11-13,2023-11-30,17,On Hold,409
PRJ-11914,Bridge Project 1914,Bridge,Tabuk,SADEEM Construction,Ministry of Transport,65938665.33,64819438.22,-1119227.11,-1.7,2022-11-03,2024-06-03,2024-06-03,0,Cancelled,79
PRJ-11915,School Project 1915,School,Riyadh,Al Rashid Trading,Ministry of Transport,83946591.99,134003453.88,50056861.89,59.63,2020-02-06,2022-02-25,2022-03-09,12,Completed,351
PRJ-11916,Hospital Project 1916,Hospital,Jazan,Saudi Binladin Group,Ministry of Housing,138435448.37,145455723.98,7020275.61,5.07,2020-01-25,2021-09-25,2021-09-25,0,Completed,421
PRJ-11917,Industrial Plant Project 1917,Industrial Plant,Mecca,AECOM Arabia,NEOM Co.,49518657.11,55517333.57,5998676.46,12.11,2018-02-02,2020-12-15,2020-12-15,0,Delayed,308
PRJ-11918,Highway Project 1918,Highway,Abha,AECOM Arabia,Ministry of Health,5988585.05,6701578.29,712993.24,11.91,2021-07-02,2023-11-24,2023-12-13,19,Delayed,435
PRJ-11919,Airport Terminal Project 1919,Airport Terminal,Neom,AECOM Arabia,Ministry of Education,138120114.82,147214559.57,9094444.75,6.58,2022-12-26,2023-06-25,2023-06-25,0,Delayed,306
PRJ-11920,School Project 1920,School,Neom,Al Rashid Trading,NEOM Co.,111229205.37,102144273.51,-9084931.86,-8.17,2021-03-03,2022-05-05,2022-11-28,207,Delayed,301
PRJ-11921,Metro Rail Project 1921,Metro Rail,Medina,Nesma & Partners,Ministry of Transport,145882977.81,153965351.31,8082373.5,5.54,2019-01-14,2019-08-02,2019-08-02,0,In Progress,160
PRJ-11922,Highway Project 1922,Highway,Abha,Al Arrab,Ministry of Housing,92320843.53,89641963.6,-2678879.93,-2.9,2021-06-28,2022-11-17,2022-11-17,0,On Hold,89
PRJ-11923,School Project 1923,School,Jeddah,SSEM,Ministry of Health,72782963.72,66226432.24,-6556531.48,-9.01,2023-01-01,2025-12-21,2026-01-06,16,In Progress,168
PRJ-11924,Airport Terminal Project 1924,Airport Terminal,Medina,Al Bawani,Ministry of Transport,16370972.86,18846947.54,2475974.68,15.12,2021-10-04,2022-12-01,2022-12-01,0,In Progress,470
PRJ-11925,Airport Terminal Project 1925,Airport Terminal,Dammam,Al Bawani,Ministry of Housing,36353082.85,34843974.82,-1509108.03,-4.15,2022-08-04,2025-03-07,2025-03-07,0,Delayed,218
PRJ-11926,Commercial Complex Project 1926,Commercial Complex,Dammam,AECOM Arabia,Ministry of Health,75984261.96,68352191.06,-7632070.9,-10.04,2018-03-03,2019-05-16,2019-06-28,43,In Progress,217
PRJ-11927,Metro Rail Project 1927,Metro Rail,Tabuk,Al Bawani,NEOM Co.,86732783.99,76252761.15,-10480022.84,-12.08,2021-09-15,2023-03-03,2023-03-06,3,On Hold,303
PRJ-11928,School Project 1928,School,Tabuk,Al Arrab,Aramco,8385220.85,7918817.99,-466402.86,-5.56,2022-08-26,2025-06-26,2025-08-18,53,On Hold,60
PRJ-11929,Highway Project 1929,Highway,Medina,Al Bawani,Royal Commission,7250128.98,7477565.28,227436.3,3.14,2019-11-21,2021-09-26,2021-09-26,0,Delayed,441
PRJ-11930,Bridge Project 1930,Bridge,Mecca,Al Arrab,NEOM Co.,126677024.06,123981655.32,-2695368.74,-2.13,2021-04-18,2022-03-20,2022-03-20,0,Cancelled,149
PRJ-11931,Residential Building Project 1931,Residential Building,Riyadh,Nesma & Partners,Ministry of Education,63546036.32,76843858.53,13297822.21,20.93,2019-04-04,2021-08-11,2021-08-12,1,Cancelled,232
PRJ-11932,Metro Rail Project 1932,Metro Rail,Abha,Al Arrab,Aramco,86853155.56,93043363.75,6190208.19,7.13,2018-08-28,2019-01-21,2019-01-21,0,Cancelled,113
PRJ-11933,Commercial Complex Project 1933,Commercial Complex,Jeddah,Al Rashid Trading,Royal Commission,50197790.48,55339376.7,5141586.22,10.24,2023-06-09,2025-12-28,2026-03-14,76,On Hold,280
PRJ-11934,Residential Building Project 1934,Residential Building,Neom,SADEEM Construction,Aramco,16440231.03,15282768.65,-1157462.38,-7.04,2021-07-13,2022-08-07,2022-08-20,13,Delayed,37
PRJ-11935,Dam Project 1935,Dam,Abha,Nesma & Partners,Ministry of Transport,115106093.73,136962702.32,21856608.59,18.99,2021-04-07,2023-12-15,2023-12-15,0,In Progress,35
PRJ-11936,Hospital Project 1936,Hospital,Medina,SADEEM Construction,Private Developer,145526131.27,193641977.33,48115846.06,33.06,2023-01-09,2023-04-26,2023-06-25,60,Delayed,210
PRJ-11937,Highway Project 1937,Highway,Riyadh,SSEM,NEOM Co.,105279421.74,103759370.16,-1520051.58,-1.44,2020-04-05,2022-07-17,2022-07-17,0,In Progress,315
PRJ-11938,Highway Project 1938,Highway,Tabuk,Saudi Binladin Group,Aramco,94800177.82,117136414.77,22336236.95,23.56,2022-11-22,2025-03-24,2025-04-11,18,On Hold,482
PRJ-11939,School Project 1939,School,Riyadh,Nesma & Partners,Aramco,113787595.78,125670626.64,11883030.86,10.44,2022-05-12,2024-10-05,2024-10-14,9,Cancelled,355
PRJ-11940,Airport Terminal Project 1940,Airport Terminal,Mecca,El Seif Engineering,Ministry of Transport,138733947.77,171823026.32,33089078.55,23.85,2019-02-20,2019-12-10,2019-12-11,1,In Progress,498
PRJ-11941,Hospital Project 1941,Hospital,Tabuk,Nesma & Partners,Ministry of Transport,136963719.66,148346624.06,11382904.4,8.31,2023-02-19,2024-05-07,2024-05-07,0,Cancelled,484
PRJ-11942,Commercial Complex Project 1942,Commercial Complex,Jazan,Saudi Binladin Group,Ministry of Transport,82187857.59,80126853.54,-2061004.05,-2.51,2023-01-16,2025-09-01,2025-09-01,0,Completed,318
PRJ-11943,Highway Project 1943,Highway,Riyadh,Al Arrab,Aramco,51819685.62,67229539.0,15409853.38,29.74,2022-03-17,2023-01-25,2023-03-23,57,Delayed,77
PRJ-11944,Dam Project 1944,Dam,Jazan,Al Bawani,Royal Commission,77453957.97,66829019.6,-10624938.37,-13.72,2018-09-06,2019-12-25,2019-12-28,3,Cancelled,161
PRJ-11945,Industrial Plant Project 1945,Industrial Plant,Mecca,AECOM Arabia,Ministry of Housing,144570935.71,192650956.81,48080021.1,33.26,2023-05-23,2025-09-02,2025-09-16,14,Completed,82
PRJ-11946,School Project 1946,School,Mecca,Al Bawani,Ministry of Housing,12417403.44,19818838.57,7401435.13,59.61,2022-08-02,2025-07-23,2025-08-26,34,Completed,131
PRJ-11947,Dam Project 1947,Dam,Medina,SADEEM Construction,Aramco,86561955.32,113861624.32,27299669.0,31.54,2020-08-21,2021-12-31,2022-01-04,4,On Hold,389
PRJ-11948,Dam Project 1948,Dam,Qassim,Nesma & Partners,NEOM Co.,115068908.36,117591789.68,2522881.32,2.19,2018-01-29,2018-07-14,2018-07-14,0,On Hold,467
PRJ-11949,Metro Rail Project 1949,Metro Rail,Qassim,Nesma & Partners,Aramco,132035743.32,207216781.31,75181037.99,56.94,2019-02-01,2021-02-03,2021-03-06,31,On Hold,97
PRJ-11950,Metro Rail Project 1950,Metro Rail,Qassim,Al Fouzan,Ministry of Education,93714044.03,88033697.66,-5680346.37,-6.06,2022-02-06,2024-07-18,2024-07-18,0,On Hold,453
PRJ-11951,Bridge Project 1951,Bridge,Qassim,Al Rashid Trading,Aramco,46798910.81,73804746.36,27005835.55,57.71,2020-11-21,2023-07-07,2023-07-13,6,Delayed,219
PRJ-11952,Residential Building Project 1952,Residential Building,Tabuk,Al Rashid Trading,Ministry of Education,114179810.06,124544260.32,10364450.26,9.08,2022-02-22,2025-01-29,2025-03-03,33,Cancelled,288
PRJ-11953,School Project 1953,School,Abha,El Seif Engineering,Ministry of Education,28014693.42,34439201.0,6424507.58,22.93,2021-12-04,2023-07-06,2023-08-17,42,On Hold,130
PRJ-11954,School Project 1954,School,Qassim,Nesma & Partners,Ministry of Housing,34255538.05,30222533.59,-4033004.46,-11.77,2022-04-15,2023-07-22,2023-08-19,28,Completed,347
PRJ-11955,Highway Project 1955,Highway,Dammam,Al Rashid Trading,Royal Commission,49262452.99,47704117.42,-1558335.57,-3.16,2021-10-12,2022-12-11,2022-12-29,18,Delayed,17
PRJ-11956,Hospital Project 1956,Hospital,Qassim,SSEM,Aramco,147705844.4,140953103.05,-6752741.35,-4.57,2019-06-27,2021-08-28,2021-09-04,7,Completed,277
PRJ-11957,Highway Project 1957,Highway,Jeddah,AECOM Arabia,NEOM Co.,30928463.65,36817383.16,5888919.51,19.04,2021-03-08,2022-05-07,2022-06-19,43,Cancelled,498
PRJ-11958,Residential Building Project 1958,Residential Building,Qassim,AECOM Arabia,Private Developer,85029682.99,77405019.67,-7624663.32,-8.97,2020-05-30,2021-04-25,2021-04-25,0,Cancelled,454
PRJ-11959,Residential Building Project 1959,Residential Building,Dammam,Nesma & Partners,Ministry of Housing,67150919.7,76887572.93,9736653.23,14.5,2019-11-09,2022-06-27,2022-06-27,0,In Progress,349
PRJ-11960,Airport Terminal Project 1960,Airport Terminal,Abha,AECOM Arabia,Private Developer,132843212.37,170131037.64,37287825.27,28.07,2023-06-08,2025-02-06,2025-02-08,2,Cancelled,182
PRJ-11961,Metro Rail Project 1961,Metro Rail,Qassim,Al Bawani,Aramco,137027838.1,207412552.34,70384714.24,51.37,2018-06-22,2020-07-13,2020-07-27,14,Cancelled,269
PRJ-11962,Dam Project 1962,Dam,Riyadh,SSEM,Aramco,20487500.33,29730203.65,9242703.32,45.11,2023-03-07,2024-06-04,2024-08-25,82,On Hold,239
PRJ-11963,School Project 1963,School,Jazan,Al Rashid Trading,NEOM Co.,141229491.72,161103750.05,19874258.33,14.07,2023-03-28,2023-07-22,2023-08-24,33,Completed,324
PRJ-11964,Commercial Complex Project 1964,Commercial Complex,Jazan,SSEM,Ministry of Education,140758085.29,157049147.05,16291061.76,11.57,2021-01-14,2022-05-12,2022-05-21,9,On Hold,268
PRJ-11965,Dam Project 1965,Dam,Dammam,Nesma & Partners,Royal Commission,105270858.49,167751511.82,62480653.33,59.35,2021-03-27,2022-12-05,2023-01-17,43,Completed,414
PRJ-11966,Airport Terminal Project 1966,Airport Terminal,Tabuk,Al Bawani,Ministry of Housing,31117960.15,44835903.45,13717943.3,44.08,2021-08-10,2022-12-21,2023-02-06,47,In Progress,198
PRJ-11967,Residential Building Project 1967,Residential Building,Mecca,Saudi Binladin Group,Royal Commission,10037286.16,10802251.48,764965.32,7.62,2020-03-10,2022-07-21,2022-08-04,14,On Hold,301
PRJ-11968,Residential Building Project 1968,Residential Building,Riyadh,El Seif Engineering,NEOM Co.,46021318.44,62783291.9,16761973.46,36.42,2023-01-17,2024-01-28,2024-05-29,122,Delayed,446
PRJ-11969,Hospital Project 1969,Hospital,Mecca,SADEEM Construction,NEOM Co.,107792585.59,124151342.09,16358756.5,15.18,2020-12-08,2023-10-20,2024-02-09,112,In Progress,81
PRJ-11970,Hospital Project 1970,Hospital,Neom,SADEEM Construction,NEOM Co.,120375105.18,186055005.16,65679899.98,54.56,2019-05-21,2021-06-02,2021-06-19,17,Cancelled,388
PRJ-11971,Metro Rail Project 1971,Metro Rail,Mecca,Al Arrab,Ministry of Transport,27508302.43,28196487.72,688185.29,2.5,2023-04-11,2025-12-13,2026-03-11,88,Cancelled,488
PRJ-11972,Commercial Complex Project 1972,Commercial Complex,Tabuk,Al Arrab,NEOM Co.,49269965.79,55520238.86,6250273.07,12.69,2018-06-13,2019-06-04,2019-06-04,0,In Progress,282
PRJ-11973,Hospital Project 1973,Hospital,Jazan,Nesma & Partners,Royal Commission,59366393.66,64261949.1,4895555.44,8.25,2018-12-10,2020-04-11,2020-04-11,0,Cancelled,123
PRJ-11974,Bridge Project 1974,Bridge,Tabuk,Al Bawani,Royal Commission,66963738.41,75180924.45,8217186.04,12.27,2019-04-03,2019-10-14,2019-10-14,0,Completed,296
PRJ-11975,School Project 1975,School,Tabuk,Al Fouzan,Ministry of Housing,34635522.23,37750762.95,3115240.72,8.99,2021-08-15,2024-07-14,2024-07-15,1,On Hold,496
PRJ-11976,Airport Terminal Project 1976,Airport Terminal,Tabuk,Saudi Binladin Group,Royal Commission,71409145.4,67867681.36,-3541464.04,-4.96,2020-09-25,2023-02-06,2023-02-06,0,Delayed,124
PRJ-11977,Residential Building Project 1977,Residential Building,Medina,SADEEM Construction,Aramco,53542194.8,54612765.92,1070571.12,2.0,2021-10-15,2024-06-29,2024-06-29,0,Completed,484
PRJ-11978,Commercial Complex Project 1978,Commercial Complex,Jazan,AECOM Arabia,Ministry of Education,9080080.63,14141996.24,5061915.61,55.75,2018-04-07,2018-12-21,2019-01-16,26,Delayed,307
PRJ-11979,Bridge Project 1979,Bridge,Mecca,Saudi Binladin Group,Aramco,23185565.49,32037614.16,8852048.67,38.18,2020-01-16,2022-08-21,2022-09-17,27,Delayed,160
PRJ-11980,Dam Project 1980,Dam,Jeddah,Al Fouzan,Royal Commission,63190534.72,74475431.2,11284896.48,17.86,2018-08-08,2019-06-01,2019-07-07,36,Cancelled,463
PRJ-11981,Bridge Project 1981,Bridge,Abha,SSEM,Aramco,75943274.55,84108394.26,8165119.71,10.75,2022-06-24,2023-05-23,2023-05-23,0,Completed,18
PRJ-11982,Metro Rail Project 1982,Metro Rail,Mecca,Nesma & Partners,Aramco,99370730.5,90578434.42,-8792296.08,-8.85,2023-05-01,2024-05-15,2024-05-15,0,Delayed,100
PRJ-11983,Dam Project 1983,Dam,Abha,AECOM Arabia,Aramco,55553391.06,65919056.64,10365665.58,18.66,2021-04-26,2023-07-07,2023-10-30,115,Cancelled,385
PRJ-11984,Highway Project 1984,Highway,Jazan,Saudi Binladin Group,Private Developer,75540838.07,107555762.93,32014924.86,42.38,2018-09-23,2019-12-26,2020-03-07,72,Cancelled,448
PRJ-11985,Hospital Project 1985,Hospital,Abha,Nesma & Partners,NEOM Co.,87519484.6,134910674.03,47391189.43,54.15,2019-11-09,2022-09-21,2022-11-07,47,On Hold,223
PRJ-11986,Residential Building Project 1986,Residential Building,Tabuk,AECOM Arabia,Ministry of Health,68804766.72,79733767.37,10929000.65,15.88,2022-03-25,2024-09-11,2024-09-30,19,Delayed,451
PRJ-11987,Highway Project 1987,Highway,Dammam,SSEM,Royal Commission,145022567.93,160851763.28,15829195.35,10.91,2019-11-22,2021-07-26,2021-07-26,0,Delayed,287
PRJ-11988,Hospital Project 1988,Hospital,Neom,Al Arrab,Royal Commission,12941848.4,15976038.26,3034189.86,23.44,2022-11-11,2025-05-04,2025-07-02,59,Cancelled,157
PRJ-11989,Highway Project 1989,Highway,Qassim,Nesma & Partners,Private Developer,10778709.01,11478410.81,699701.8,6.49,2021-06-12,2024-05-17,2024-05-17,0,On Hold,180
PRJ-11990,Residential Building Project 1990,Residential Building,Dammam,Saudi Binladin Group,Ministry of Housing,62866059.71,73133647.69,10267587.98,16.33,2018-11-16,2019-03-29,2019-03-29,0,In Progress,310
PRJ-11991,Bridge Project 1991,Bridge,Jeddah,Al Rashid Trading,NEOM Co.,30997193.24,35582898.88,4585705.64,14.79,2022-12-02,2024-12-19,2024-12-19,0,Completed,419
PRJ-11992,Hospital Project 1992,Hospital,Tabuk,El Seif Engineering,Ministry of Transport,83874459.33,136503689.79,52629230.46,62.75,2019-10-26,2020-01-29,2020-05-21,113,On Hold,294
PRJ-11993,Highway Project 1993,Highway,Jeddah,SADEEM Construction,Private Developer,77135978.99,94532107.18,17396128.19,22.55,2022-10-10,2023-10-26,2023-11-05,10,On Hold,310
PRJ-11994,Metro Rail Project 1994,Metro Rail,Jazan,Nesma & Partners,Ministry of Education,128749738.64,127651624.05,-1098114.59,-0.85,2022-10-08,2025-09-18,2025-09-18,0,On Hold,239
PRJ-11995,Dam Project 1995,Dam,Mecca,Al Arrab,NEOM Co.,29305121.27,31892397.71,2587276.44,8.83,2018-01-14,2020-05-17,2020-05-21,4,In Progress,480
PRJ-11996,Hospital Project 1996,Hospital,Mecca,Al Rashid Trading,Aramco,117117189.01,121976136.36,4858947.35,4.15,2019-03-24,2020-12-11,2020-12-11,0,Cancelled,423
PRJ-11997,Commercial Complex Project 1997,Commercial Complex,Dammam,Al Rashid Trading,Aramco,34508499.75,38517820.83,4009321.08,11.62,2019-02-14,2019-09-21,2019-09-26,5,Completed,330
PRJ-11998,Industrial Plant Project 1998,Industrial Plant,Neom,El Seif Engineering,Ministry of Housing,141018693.75,231341062.85,90322369.1,64.05,2022-02-21,2023-06-12,2023-06-24,12,In Progress,222
PRJ-11999,Industrial Plant Project 1999,Industrial Plant,Jazan,Nesma & Partners,Ministry of Transport,73041953.14,114158150.43,41116197.29,56.29,2021-02-06,2023-05-11,2023-08-26,107,On Hold,216
PRJ-12000,Airport Terminal Project 2000,Airport Terminal,Jeddah,SSEM,NEOM Co.,69323128.28,77149806.73,7826678.45,11.29,2019-01-06,2021-06-19,2021-06-19,0,Delayed,143
PRJ-12001,Hospital Project 2001,Hospital,Qassim,SADEEM Construction,Ministry of Education,147564881.69,136845126.46,-10719755.23,-7.26,2020-02-16,2020-10-01,2020-10-02,1,Completed,176
PRJ-12002,Highway Project 2002,Highway,Neom,El Seif Engineering,Ministry of Education,108208282.85,106536194.47,-1672088.38,-1.55,2023-01-17,2024-05-12,2024-05-12,0,Completed,210
PRJ-12003,Residential Building Project 2003,Residential Building,Qassim,Nesma & Partners,Ministry of Education,28053058.84,24335393.69,-3717665.15,-13.25,2018-09-05,2021-08-13,2021-08-14,1,On Hold,361
PRJ-12004,Bridge Project 2004,Bridge,Medina,SSEM,Ministry of Transport,116285597.67,109346839.34,-6938758.33,-5.97,2021-03-02,2024-01-04,2024-01-04,0,Completed,176
PRJ-12005,Highway Project 2005,Highway,Dammam,Nesma & Partners,Ministry of Transport,70424232.09,76182754.26,5758522.17,8.18,2020-04-23,2022-08-19,2022-08-19,0,On Hold,419
PRJ-12006,Hospital Project 2006,Hospital,Neom,El Seif Engineering,Private Developer,64538594.19,73254560.43,8715966.24,13.51,2021-02-06,2022-01-03,2022-01-03,0,In Progress,176
PRJ-12007,Hospital Project 2007,Hospital,Medina,AECOM Arabia,Ministry of Transport,2071727.07,2338082.74,266355.67,12.86,2021-02-12,2022-04-05,2022-04-05,0,Completed,260
PRJ-12008,Dam Project 2008,Dam,Jazan,Al Rashid Trading,NEOM Co.,134049021.82,171372824.28,37323802.46,27.84,2020-03-16,2022-09-19,2022-10-06,17,Cancelled,180
PRJ-12009,Industrial Plant Project 2009,Industrial Plant,Mecca,AECOM Arabia,Ministry of Education,71809017.2,73012722.0,1203704.8,1.68,2022-01-05,2023-12-21,2023-12-21,0,On Hold,319
PRJ-12010,Metro Rail Project 2010,Metro Rail,Jazan,Saudi Binladin Group,NEOM Co.,133169968.04,148970996.47,15801028.43,11.87,2018-12-24,2020-10-28,2021-01-03,67,Delayed,136
PRJ-12011,Metro Rail Project 2011,Metro Rail,Jazan,Al Bawani,Ministry of Education,92452928.23,149741089.28,57288161.05,61.96,2018-08-19,2020-11-22,2021-02-08,78,Delayed,80
PRJ-12012,Metro Rail Project 2012,Metro Rail,Qassim,Al Bawani,Ministry of Transport,76589376.54,82176989.18,5587612.64,7.3,2018-11-02,2019-06-13,2019-07-01,18,Completed,78
PRJ-12013,Hospital Project 2013,Hospital,Abha,Saudi Binladin Group,Ministry of Transport,143851345.04,135629419.47,-8221925.57,-5.72,2018-03-19,2018-12-11,2018-12-11,0,Cancelled,260
PRJ-12014,Metro Rail Project 2014,Metro Rail,Jazan,Al Bawani,Ministry of Education,87184521.62,93567006.83,6382485.21,7.32,2021-11-01,2023-01-22,2023-01-31,9,Delayed,351
PRJ-12015,Airport Terminal Project 2015,Airport Terminal,Tabuk,Nesma & Partners,Ministry of Transport,61042803.81,54570621.23,-6472182.58,-10.6,2020-12-31,2023-01-12,2024-05-01,475,Completed,113
PRJ-12016,Residential Building Project 2016,Residential Building,Mecca,SADEEM Construction,Ministry of Transport,86992001.82,84696862.61,-2295139.21,-2.64,2020-03-05,2023-01-03,2023-01-05,2,Cancelled,174
PRJ-12017,Commercial Complex Project 2017,Commercial Complex,Jazan,El Seif Engineering,Royal Commission,66214659.8,69991141.85,3776482.05,5.7,2022-11-21,2025-06-23,2025-07-14,21,Cancelled,470
PRJ-12018,Commercial Complex Project 2018,Commercial Complex,Riyadh,Nesma & Partners,NEOM Co.,47810341.07,44276683.83,-3533657.24,-7.39,2023-03-14,2025-08-17,2025-08-17,0,Delayed,349
PRJ-12019,Residential Building Project 2019,Residential Building,Jeddah,SADEEM Construction,Ministry of Transport,45831357.68,54537827.58,8706469.9,19.0,2019-07-22,2021-02-20,2021-02-20,0,In Progress,39
PRJ-12020,Metro Rail Project 2020,Metro Rail,Medina,Saudi Binladin Group,Ministry of Health,141733753.56,185201107.42,43467353.86,30.67,2018-06-19,2020-01-11,2020-01-23,12,Completed,321
PRJ-12021,Commercial Complex Project 2021,Commercial Complex,Dammam,Al Arrab,Ministry of Housing,136484510.97,123089258.68,-13395252.29,-9.81,2018-11-06,2020-11-13,2020-11-13,0,In Progress,70
PRJ-12022,Dam Project 2022,Dam,Abha,SSEM,NEOM Co.,121697193.77,112333883.17,-9363310.6,-7.69,2018-08-24,2019-01-15,2019-04-13,88,Completed,69
PRJ-12023,Commercial Complex Project 2023,Commercial Complex,Abha,Al Arrab,Aramco,24636429.06,31535420.39,6898991.33,28.0,2023-02-14,2023-09-24,2023-12-30,97,Completed,238
PRJ-12024,Highway Project 2024,Highway,Tabuk,Al Bawani,Ministry of Education,2622396.85,3172982.02,550585.17,21.0,2019-05-25,2022-04-03,2022-04-11,8,In Progress,28
PRJ-12025,Industrial Plant Project 2025,Industrial Plant,Neom,Al Rashid Trading,Ministry of Health,104089882.2,171367046.29,67277164.09,64.63,2019-11-22,2021-03-15,2021-08-06,144,On Hold,343
PRJ-12026,Industrial Plant Project 2026,Industrial Plant,Qassim,El Seif Engineering,NEOM Co.,43482924.31,55512859.63,12029935.32,27.67,2022-05-27,2024-10-15,2024-11-07,23,Delayed,21
PRJ-12027,Airport Terminal Project 2027,Airport Terminal,Abha,Al Bawani,NEOM Co.,61143966.29,58132538.4,-3011427.89,-4.93,2019-11-22,2022-09-21,2022-09-21,0,Delayed,78
PRJ-12028,Highway Project 2028,Highway,Neom,SADEEM Construction,Ministry of Health,146629756.2,169503287.89,22873531.69,15.6,2018-02-05,2018-09-14,2018-09-14,0,Delayed,189
PRJ-12029,School Project 2029,School,Jeddah,Saudi Binladin Group,Ministry of Transport,75000787.73,77386476.0,2385688.27,3.18,2021-09-27,2023-12-28,2024-01-24,27,Cancelled,264
PRJ-12030,Residential Building Project 2030,Residential Building,Jeddah,Al Rashid Trading,Ministry of Education,81796167.02,103237692.6,21441525.58,26.21,2018-10-18,2019-05-17,2019-06-21,35,Delayed,291
PRJ-12031,Hospital Project 2031,Hospital,Qassim,Al Fouzan,Ministry of Health,148547633.0,160936876.5,12389243.5,8.34,2022-04-11,2023-05-20,2023-05-20,0,Completed,142
PRJ-12032,Commercial Complex Project 2032,Commercial Complex,Dammam,Saudi Binladin Group,NEOM Co.,55960570.03,55197827.98,-762742.05,-1.36,2023-03-21,2024-10-24,2024-12-07,44,Cancelled,92
PRJ-12033,Dam Project 2033,Dam,Medina,Al Bawani,Ministry of Education,57985114.15,69318053.99,11332939.84,19.54,2018-05-04,2019-05-13,2019-05-25,12,On Hold,378
PRJ-12034,Commercial Complex Project 2034,Commercial Complex,Abha,Al Arrab,Ministry of Housing,117376083.98,174328316.82,56952232.84,48.52,2019-04-13,2020-09-06,2020-09-25,19,Cancelled,342
PRJ-12035,Commercial Complex Project 2035,Commercial Complex,Tabuk,Al Fouzan,Private Developer,86685091.02,129852792.26,43167701.24,49.8,2022-11-05,2025-10-05,2025-10-17,12,Completed,123
PRJ-12036,Industrial Plant Project 2036,Industrial Plant,Riyadh,Al Rashid Trading,Ministry of Housing,36124305.75,45285514.19,9161208.44,25.36,2018-02-04,2018-09-09,2018-09-16,7,On Hold,499
PRJ-12037,Dam Project 2037,Dam,Neom,SSEM,Royal Commission,39496962.27,35654939.13,-3842023.14,-9.73,2023-01-03,2024-06-09,2024-06-09,0,Delayed,236
PRJ-12038,Metro Rail Project 2038,Metro Rail,Tabuk,Al Fouzan,Private Developer,97420480.33,117529455.87,20108975.54,20.64,2022-09-24,2024-03-02,2024-03-23,21,On Hold,440
PRJ-12039,Commercial Complex Project 2039,Commercial Complex,Dammam,SADEEM Construction,Ministry of Education,145061792.94,223503270.2,78441477.26,54.07,2018-01-06,2019-06-24,2019-07-19,25,Completed,418
PRJ-12040,Airport Terminal Project 2040,Airport Terminal,Jeddah,Saudi Binladin Group,Ministry of Transport,21347810.31,22858422.76,1510612.45,7.08,2022-07-09,2022-11-03,2022-11-03,0,Cancelled,127
PRJ-12041,Commercial Complex Project 2041,Commercial Complex,Jazan,Al Arrab,Private Developer,130262954.2,185548029.47,55285075.27,42.44,2023-04-16,2025-09-03,2025-09-29,26,Cancelled,31
PRJ-12042,Airport Terminal Project 2042,Airport Terminal,Riyadh,Al Bawani,Aramco,56120513.39,52064956.36,-4055557.03,-7.23,2022-01-28,2024-08-06,2024-08-06,0,In Progress,313
PRJ-12043,Residential Building Project 2043,Residential Building,Jeddah,Al Fouzan,Ministry of Housing,68956094.12,106443946.84,37487852.72,54.36,2018-06-22,2020-01-07,2020-07-15,190,Completed,136
PRJ-12044,Residential Building Project 2044,Residential Building,Jazan,Al Rashid Trading,Royal Commission,36977297.7,59774189.84,22796892.14,61.65,2023-06-08,2023-11-26,2024-03-07,102,Delayed,281
PRJ-12045,Industrial Plant Project 2045,Industrial Plant,Jazan,SADEEM Construction,Ministry of Transport,37520930.64,58774458.91,21253528.27,56.64,2020-03-31,2022-09-27,2022-10-09,12,Completed,18
PRJ-12046,Metro Rail Project 2046,Metro Rail,Abha,Nesma & Partners,Royal Commission,145010022.02,160496749.64,15486727.62,10.68,2022-10-27,2024-07-22,2024-08-08,17,On Hold,370
PRJ-12047,School Project 2047,School,Neom,SADEEM Construction,Ministry of Education,79151054.98,84595033.85,5443978.87,6.88,2019-02-23,2019-06-23,2019-11-14,144,In Progress,320
PRJ-12048,School Project 2048,School,Dammam,SSEM,Private Developer,110602739.61,101256499.21,-9346240.4,-8.45,2020-06-14,2023-01-18,2023-01-18,0,In Progress,50
PRJ-12049,Hospital Project 2049,Hospital,Neom,El Seif Engineering,Ministry of Transport,7869526.67,7994544.42,125017.75,1.59,2018-10-11,2021-05-08,2021-05-08,0,Completed,39
PRJ-12050,Industrial Plant Project 2050,Industrial Plant,Abha,Al Arrab,Ministry of Health,53344242.21,53060982.4,-283259.81,-0.53,2019-09-29,2020-04-08,2020-04-08,0,Completed,396
PRJ-12051,Commercial Complex Project 2051,Commercial Complex,Jeddah,Saudi Binladin Group,Ministry of Education,73907454.52,73628089.86,-279364.66,-0.38,2020-09-21,2022-08-14,2022-08-14,0,Delayed,29
PRJ-12052,Residential Building Project 2052,Residential Building,Mecca,AECOM Arabia,Ministry of Transport,29242558.81,32095920.18,2853361.37,9.76,2022-04-23,2024-01-29,2024-09-28,243,Cancelled,397
PRJ-12053,Industrial Plant Project 2053,Industrial Plant,Neom,Saudi Binladin Group,Royal Commission,146248188.79,172410634.57,26162445.78,17.89,2021-09-29,2022-09-09,2023-05-27,260,In Progress,31
PRJ-12054,Industrial Plant Project 2054,Industrial Plant,Neom,AECOM Arabia,Ministry of Housing,66984560.14,109631795.19,42647235.05,63.67,2021-04-22,2023-10-26,2023-11-20,25,On Hold,485
PRJ-12055,School Project 2055,School,Neom,Al Bawani,Ministry of Education,36619390.83,52101620.86,15482230.03,42.28,2019-04-04,2021-04-17,2021-05-21,34,Cancelled,234
PRJ-12056,Commercial Complex Project 2056,Commercial Complex,Abha,Al Arrab,Private Developer,91295000.31,84591528.14,-6703472.17,-7.34,2020-04-21,2020-11-01,2020-11-01,0,In Progress,120
PRJ-12057,Dam Project 2057,Dam,Mecca,Saudi Binladin Group,Ministry of Education,101692405.24,134937088.37,33244683.13,32.69,2021-03-15,2022-10-17,2022-10-18,1,In Progress,400
PRJ-12058,Hospital Project 2058,Hospital,Abha,Nesma & Partners,Ministry of Transport,111067385.99,106990209.67,-4077176.32,-3.67,2021-11-11,2024-03-04,2024-03-04,0,Cancelled,158
PRJ-12059,Metro Rail Project 2059,Metro Rail,Neom,El Seif Engineering,Ministry of Education,126322490.13,145668003.76,19345513.63,15.31,2018-01-31,2020-08-04,2020-08-04,0,Delayed,94
PRJ-12060,School Project 2060,School,Dammam,Saudi Binladin Group,Ministry of Transport,69319193.07,66340028.56,-2979164.51,-4.3,2018-04-15,2019-11-04,2019-11-11,7,Cancelled,442
PRJ-12061,Highway Project 2061,Highway,Jeddah,El Seif Engineering,Ministry of Health,143019421.55,144345888.92,1326467.37,0.93,2022-09-19,2023-02-12,2023-02-14,2,Completed,332
PRJ-12062,Industrial Plant Project 2062,Industrial Plant,Jeddah,Al Bawani,Aramco,52499440.94,57018091.69,4518650.75,8.61,2020-01-27,2020-12-22,2020-12-22,0,Cancelled,272
PRJ-12063,Metro Rail Project 2063,Metro Rail,Qassim,AECOM Arabia,Ministry of Education,81947762.25,76841846.94,-5105915.31,-6.23,2018-10-28,2021-08-05,2021-08-05,0,On Hold,21
PRJ-12064,Airport Terminal Project 2064,Airport Terminal,Qassim,AECOM Arabia,Private Developer,43814333.57,44727173.82,912840.25,2.08,2021-09-16,2024-07-22,2024-07-30,8,Completed,289
PRJ-12065,School Project 2065,School,Mecca,SADEEM Construction,NEOM Co.,61966078.3,63450930.89,1484852.59,2.4,2022-04-02,2022-12-12,2023-01-17,36,Delayed,277
PRJ-12066,Airport Terminal Project 2066,Airport Terminal,Medina,AECOM Arabia,Ministry of Education,55318492.52,90233601.22,34915108.7,63.12,2020-11-04,2023-10-25,2023-11-08,14,Cancelled,98
PRJ-12067,Residential Building Project 2067,Residential Building,Riyadh,SADEEM Construction,Ministry of Housing,143222620.35,149428046.39,6205426.04,4.33,2020-08-29,2022-01-29,2022-03-18,48,In Progress,441
PRJ-12068,Bridge Project 2068,Bridge,Abha,AECOM Arabia,Aramco,10671578.46,11348536.86,676958.4,6.34,2021-05-04,2022-06-04,2022-06-15,11,Completed,488
PRJ-12069,Highway Project 2069,Highway,Qassim,SSEM,Private Developer,76135907.12,116994877.49,40858970.37,53.67,2018-12-05,2021-05-23,2021-07-07,45,Cancelled,87
PRJ-12070,Dam Project 2070,Dam,Abha,AECOM Arabia,Ministry of Education,126807180.77,177503103.35,50695922.58,39.98,2021-07-25,2023-09-03,2024-02-13,163,In Progress,375
PRJ-12071,Commercial Complex Project 2071,Commercial Complex,Mecca,El Seif Engineering,Ministry of Health,47268712.53,66708075.14,19439362.61,41.13,2019-12-28,2020-07-20,2020-07-21,1,Cancelled,338
PRJ-12072,Bridge Project 2072,Bridge,Dammam,SSEM,Private Developer,1969219.11,2014028.25,44809.14,2.28,2023-01-05,2025-02-23,2025-02-23,0,In Progress,180
PRJ-12073,School Project 2073,School,Tabuk,El Seif Engineering,Ministry of Education,49742200.76,55115018.1,5372817.34,10.8,2022-06-23,2024-05-07,2024-05-07,0,On Hold,103
PRJ-12074,Industrial Plant Project 2074,Industrial Plant,Riyadh,AECOM Arabia,Ministry of Health,115053698.18,172500195.1,57446496.92,49.93,2021-08-03,2023-10-20,2023-10-30,10,On Hold,289
PRJ-12075,Bridge Project 2075,Bridge,Mecca,AECOM Arabia,Ministry of Health,44440555.7,63621758.22,19181202.52,43.16,2019-06-29,2019-10-23,2019-11-09,17,Completed,237
PRJ-12076,Residential Building Project 2076,Residential Building,Dammam,Al Bawani,Royal Commission,104091574.27,107227730.51,3136156.24,3.01,2020-03-01,2020-09-11,2021-01-20,131,Delayed,306
PRJ-12077,Bridge Project 2077,Bridge,Abha,SADEEM Construction,NEOM Co.,99516528.07,107766903.28,8250375.21,8.29,2020-10-26,2021-01-24,2021-01-24,0,In Progress,146
PRJ-12078,Airport Terminal Project 2078,Airport Terminal,Abha,Al Bawani,Ministry of Transport,137307218.95,130017392.3,-7289826.65,-5.31,2018-03-26,2020-03-13,2020-03-13,0,Delayed,212
PRJ-12079,Dam Project 2079,Dam,Dammam,Al Bawani,Ministry of Education,112893825.46,120766216.25,7872390.79,6.97,2021-03-25,2023-03-01,2023-12-24,298,Completed,55
PRJ-12080,Industrial Plant Project 2080,Industrial Plant,Jeddah,Al Rashid Trading,Aramco,71428019.67,71437518.11,9498.44,0.01,2023-01-10,2024-11-30,2024-11-30,0,Delayed,348
PRJ-12081,Metro Rail Project 2081,Metro Rail,Dammam,Al Rashid Trading,Ministry of Health,87107353.72,113713771.18,26606417.46,30.54,2019-04-22,2019-11-08,2020-01-12,65,Completed,184
PRJ-12082,Highway Project 2082,Highway,Medina,Saudi Binladin Group,Private Developer,94942501.54,84587351.25,-10355150.29,-10.91,2021-02-13,2022-04-07,2022-04-28,21,Completed,475
PRJ-12083,Highway Project 2083,Highway,Tabuk,SADEEM Construction,Private Developer,35312354.25,38779611.7,3467257.45,9.82,2018-10-24,2020-06-12,2020-07-02,20,On Hold,172
PRJ-12084,Residential Building Project 2084,Residential Building,Medina,SADEEM Construction,Private Developer,27673657.87,30669271.41,2995613.54,10.82,2022-06-02,2022-09-28,2022-10-19,21,Completed,250
PRJ-12085,Dam Project 2085,Dam,Jeddah,Al Bawani,NEOM Co.,39087092.65,37391784.07,-1695308.58,-4.34,2019-06-14,2021-08-28,2021-09-15,18,Cancelled,332
PRJ-12086,Residential Building Project 2086,Residential Building,Qassim,Al Bawani,Ministry of Housing,139197987.09,197117777.95,57919790.86,41.61,2020-03-31,2022-12-03,2023-02-01,60,Completed,149
PRJ-12087,Commercial Complex Project 2087,Commercial Complex,Jazan,SADEEM Construction,Ministry of Health,16378967.22,18553490.93,2174523.71,13.28,2022-10-03,2024-06-13,2024-06-13,0,Delayed,328
PRJ-12088,Highway Project 2088,Highway,Abha,Al Arrab,Private Developer,121289620.55,114154480.83,-7135139.72,-5.88,2020-05-14,2022-02-22,2022-04-06,43,In Progress,367
PRJ-12089,Metro Rail Project 2089,Metro Rail,Abha,AECOM Arabia,Ministry of Education,96764239.58,126943333.91,30179094.33,31.19,2023-03-21,2024-05-03,2024-06-25,53,Completed,177
PRJ-12090,Hospital Project 2090,Hospital,Neom,SADEEM Construction,Royal Commission,97137902.6,123653233.32,26515330.72,27.3,2021-09-13,2024-03-13,2024-03-31,18,In Progress,379
PRJ-12091,Metro Rail Project 2091,Metro Rail,Dammam,Saudi Binladin Group,Ministry of Education,5639340.32,6156405.27,517064.95,9.17,2019-05-20,2020-08-21,2020-08-21,0,Completed,189
PRJ-12092,Commercial Complex Project 2092,Commercial Complex,Jeddah,SSEM,Aramco,12676358.33,13063042.76,386684.43,3.05,2021-10-30,2023-04-05,2023-04-05,0,Cancelled,285
PRJ-12093,Airport Terminal Project 2093,Airport Terminal,Abha,Al Rashid Trading,Ministry of Health,44251937.1,42337291.57,-1914645.53,-4.33,2019-05-25,2020-07-09,2020-08-01,23,In Progress,61
PRJ-12094,Airport Terminal Project 2094,Airport Terminal,Neom,SADEEM Construction,Royal Commission,103900688.6,101893697.16,-2006991.44,-1.93,2021-05-12,2022-08-26,2022-10-12,47,Completed,22
PRJ-12095,Metro Rail Project 2095,Metro Rail,Neom,SADEEM Construction,NEOM Co.,16094806.56,15187938.97,-906867.59,-5.63,2020-12-22,2022-01-21,2022-01-21,0,Completed,160
PRJ-12096,School Project 2096,School,Abha,SADEEM Construction,Ministry of Health,131630570.5,161090650.11,29460079.61,22.38,2020-10-15,2022-03-30,2022-04-21,22,On Hold,144
PRJ-12097,Highway Project 2097,Highway,Riyadh,SADEEM Construction,Royal Commission,16453416.96,25410651.78,8957234.82,54.44,2022-11-07,2024-04-13,2024-05-14,31,Delayed,285
PRJ-12098,Residential Building Project 2098,Residential Building,Neom,SSEM,Private Developer,124313787.46,135230578.32,10916790.86,8.78,2019-10-16,2022-03-10,2022-03-10,0,Cancelled,422
PRJ-12099,Metro Rail Project 2099,Metro Rail,Riyadh,Al Arrab,NEOM Co.,11754168.14,10975091.39,-779076.75,-6.63,2022-10-22,2023-09-25,2023-09-25,0,On Hold,458
PRJ-12100,School Project 2100,School,Dammam,Nesma & Partners,Ministry of Health,7871693.57,7545247.93,-326445.64,-4.15,2021-12-05,2023-02-12,2023-02-20,8,Delayed,319
PRJ-12101,Metro Rail Project 2101,Metro Rail,Tabuk,Al Rashid Trading,Ministry of Housing,39377182.02,39988214.16,611032.14,1.55,2021-11-23,2022-03-02,2022-03-02,0,In Progress,70
PRJ-12102,Highway Project 2102,Highway,Dammam,SADEEM Construction,NEOM Co.,141475926.22,153234389.12,11758462.9,8.31,2022-04-10,2025-03-21,2025-03-21,0,On Hold,365
PRJ-12103,Dam Project 2103,Dam,Mecca,Al Arrab,NEOM Co.,125328580.96,117809179.98,-7519400.98,-6.0,2019-10-10,2022-02-28,2022-04-06,37,Completed,50
PRJ-12104,Highway Project 2104,Highway,Mecca,El Seif Engineering,Aramco,110520100.75,108589277.51,-1930823.24,-1.75,2023-02-09,2024-05-25,2024-05-25,0,Delayed,283
PRJ-12105,Airport Terminal Project 2105,Airport Terminal,Abha,Saudi Binladin Group,Ministry of Housing,96046623.13,107838226.61,11791603.48,12.28,2023-01-27,2025-06-13,2025-12-11,181,Cancelled,274
PRJ-12106,School Project 2106,School,Jazan,SSEM,NEOM Co.,149652003.36,160622150.18,10970146.82,7.33,2022-11-27,2023-09-13,2023-09-22,9,Delayed,237
PRJ-12107,Residential Building Project 2107,Residential Building,Mecca,SSEM,NEOM Co.,139635502.21,126704322.13,-12931180.08,-9.26,2020-04-16,2022-07-20,2022-07-20,0,On Hold,48
PRJ-12108,Highway Project 2108,Highway,Jeddah,Nesma & Partners,Ministry of Housing,104655003.69,158981715.62,54326711.93,51.91,2020-12-18,2021-10-12,2021-11-19,38,On Hold,185
PRJ-12109,Bridge Project 2109,Bridge,Abha,Al Fouzan,Ministry of Health,146178676.94,131885531.44,-14293145.5,-9.78,2022-03-22,2024-11-23,2025-03-14,111,Delayed,429
PRJ-12110,Highway Project 2110,Highway,Tabuk,SADEEM Construction,NEOM Co.,123364978.75,168747710.86,45382732.11,36.79,2018-09-19,2019-10-31,2019-12-01,31,In Progress,267
PRJ-12111,Hospital Project 2111,Hospital,Mecca,Al Fouzan,Private Developer,19688314.03,21559809.36,1871495.33,9.51,2018-03-06,2018-07-22,2018-07-22,0,Delayed,344
PRJ-12112,Hospital Project 2112,Hospital,Mecca,SSEM,Royal Commission,147381145.8,172958490.88,25577345.08,17.35,2018-10-26,2021-02-19,2021-02-19,0,Completed,67
PRJ-12113,Highway Project 2113,Highway,Medina,Nesma & Partners,Ministry of Education,66150033.79,75400110.01,9250076.22,13.98,2022-04-26,2023-05-13,2023-05-14,1,On Hold,359
PRJ-12114,Metro Rail Project 2114,Metro Rail,Jeddah,SSEM,Ministry of Education,124045351.58,151022105.05,26976753.47,21.75,2022-05-04,2025-02-09,2025-03-17,36,Delayed,340
PRJ-12115,Highway Project 2115,Highway,Jazan,Nesma & Partners,Ministry of Housing,8737679.51,8982932.35,245252.84,2.81,2022-11-12,2023-08-25,2023-08-25,0,In Progress,429
PRJ-12116,Commercial Complex Project 2116,Commercial Complex,Jazan,Al Fouzan,Ministry of Housing,70619228.49,96244749.04,25625520.55,36.29,2021-01-16,2023-02-15,2023-05-05,79,Cancelled,411
PRJ-12117,School Project 2117,School,Medina,Saudi Binladin Group,Private Developer,47092111.04,42516841.5,-4575269.54,-9.72,2022-01-03,2023-03-05,2023-10-28,237,In Progress,176
PRJ-12118,Airport Terminal Project 2118,Airport Terminal,Qassim,Nesma & Partners,Private Developer,145898951.23,179790385.27,33891434.04,23.23,2023-01-05,2025-01-03,2025-01-16,13,Delayed,16
PRJ-12119,Residential Building Project 2119,Residential Building,Jeddah,Al Bawani,Aramco,53614954.15,73977148.47,20362194.32,37.98,2022-11-23,2025-02-22,2025-03-28,34,Delayed,273
PRJ-12120,Commercial Complex Project 2120,Commercial Complex,Abha,Al Fouzan,NEOM Co.,107440685.42,118457092.99,11016407.57,10.25,2019-06-05,2020-06-14,2020-06-23,9,Delayed,143
PRJ-12121,Industrial Plant Project 2121,Industrial Plant,Abha,Saudi Binladin Group,Ministry of Transport,19225059.05,21083218.52,1858159.47,9.67,2020-12-31,2023-07-18,2023-07-18,0,On Hold,318
PRJ-12122,Metro Rail Project 2122,Metro Rail,Medina,SSEM,Aramco,6449670.54,6961159.73,511489.19,7.93,2021-08-07,2021-11-20,2021-11-20,0,Delayed,133
PRJ-12123,Metro Rail Project 2123,Metro Rail,Jeddah,Nesma & Partners,Ministry of Education,130519534.79,157828164.24,27308629.45,20.92,2020-10-25,2023-10-03,2023-12-08,66,Cancelled,386
PRJ-12124,School Project 2124,School,Neom,AECOM Arabia,Ministry of Health,69165901.39,95906270.27,26740368.88,38.66,2020-12-16,2022-11-06,2022-11-08,2,Cancelled,41
PRJ-12125,Industrial Plant Project 2125,Industrial Plant,Tabuk,SSEM,NEOM Co.,123278283.35,146336340.42,23058057.07,18.7,2020-09-08,2023-04-13,2023-04-21,8,In Progress,139
PRJ-12126,School Project 2126,School,Medina,Saudi Binladin Group,Aramco,125906480.85,146446378.17,20539897.32,16.31,2022-02-01,2024-09-30,2024-09-30,0,On Hold,373
PRJ-12127,Industrial Plant Project 2127,Industrial Plant,Dammam,SADEEM Construction,NEOM Co.,36855407.05,39257317.8,2401910.75,6.52,2019-02-22,2021-12-04,2021-12-04,0,Cancelled,240
PRJ-12128,Highway Project 2128,Highway,Qassim,Al Rashid Trading,Ministry of Transport,29277726.02,46226496.25,16948770.23,57.89,2022-06-11,2024-04-12,2024-04-15,3,Cancelled,265
PRJ-12129,Residential Building Project 2129,Residential Building,Abha,Nesma & Partners,Ministry of Transport,123165871.88,138932393.09,15766521.21,12.8,2020-11-24,2021-08-17,2021-08-17,0,Cancelled,295
PRJ-12130,Bridge Project 2130,Bridge,Dammam,Nesma & Partners,Aramco,7790564.66,9352068.52,1561503.86,20.04,2022-07-30,2022-12-12,2023-02-05,55,In Progress,465
PRJ-12131,Residential Building Project 2131,Residential Building,Riyadh,El Seif Engineering,Ministry of Health,51688070.93,47712358.6,-3975712.33,-7.69,2020-06-07,2021-12-21,2022-03-21,90,Cancelled,440
PRJ-12132,Metro Rail Project 2132,Metro Rail,Qassim,SSEM,Ministry of Health,113618659.13,113535953.55,-82705.58,-0.07,2018-01-23,2018-08-25,2018-09-20,26,In Progress,200
PRJ-12133,School Project 2133,School,Jeddah,SADEEM Construction,Ministry of Housing,28640713.87,25650678.05,-2990035.82,-10.44,2022-01-23,2024-11-17,2024-11-23,6,Delayed,342
PRJ-12134,Bridge Project 2134,Bridge,Jeddah,AECOM Arabia,Ministry of Housing,88375868.18,76356623.84,-12019244.34,-13.6,2020-09-15,2023-02-27,2023-04-23,55,Cancelled,338
PRJ-12135,Highway Project 2135,Highway,Medina,Al Fouzan,Private Developer,7826194.42,8388358.44,562164.02,7.18,2022-11-10,2024-04-01,2024-04-01,0,Completed,27
PRJ-12136,Residential Building Project 2136,Residential Building,Medina,Saudi Binladin Group,Ministry of Education,123014604.97,138968555.95,15953950.98,12.97,2022-03-20,2024-10-20,2024-10-31,11,Delayed,428
PRJ-12137,Industrial Plant Project 2137,Industrial Plant,Tabuk,AECOM Arabia,Ministry of Health,89653801.38,78114164.11,-11539637.27,-12.87,2022-09-05,2024-02-25,2024-10-27,245,Completed,233
PRJ-12138,School Project 2138,School,Abha,Al Arrab,Private Developer,110416663.46,145154275.7,34737612.24,31.46,2018-06-01,2018-12-02,2018-12-31,29,Delayed,163
PRJ-12139,Commercial Complex Project 2139,Commercial Complex,Jeddah,Al Rashid Trading,Private Developer,111381777.28,113019712.09,1637934.81,1.47,2022-07-13,2022-10-12,2022-11-14,33,On Hold,324
PRJ-12140,Metro Rail Project 2140,Metro Rail,Mecca,AECOM Arabia,Ministry of Education,53195916.52,50742819.32,-2453097.2,-4.61,2020-12-06,2021-04-17,2021-04-21,4,Cancelled,399
PRJ-12141,Bridge Project 2141,Bridge,Abha,Al Arrab,Ministry of Transport,101591264.08,164596750.6,63005486.52,62.02,2021-02-08,2022-03-06,2022-05-03,58,Cancelled,299
PRJ-12142,Metro Rail Project 2142,Metro Rail,Abha,Nesma & Partners,Ministry of Health,94437894.07,90209947.05,-4227947.02,-4.48,2020-07-29,2022-07-10,2022-07-10,0,Cancelled,231
PRJ-12143,Airport Terminal Project 2143,Airport Terminal,Qassim,Al Bawani,Aramco,16294726.64,18638809.29,2344082.65,14.39,2020-12-19,2022-07-15,2022-07-15,0,On Hold,410
PRJ-12144,Metro Rail Project 2144,Metro Rail,Jeddah,Al Fouzan,Ministry of Housing,87024093.22,128375302.96,41351209.74,47.52,2022-07-03,2023-10-15,2023-11-12,28,On Hold,442
PRJ-12145,Commercial Complex Project 2145,Commercial Complex,Neom,SSEM,Ministry of Health,105639945.55,94544700.85,-11095244.7,-10.5,2021-11-20,2022-03-13,2022-05-05,53,Completed,77
PRJ-12146,School Project 2146,School,Tabuk,SSEM,NEOM Co.,112254335.19,121112104.08,8857768.89,7.89,2018-01-31,2019-05-25,2020-04-24,335,Completed,399
PRJ-12147,Metro Rail Project 2147,Metro Rail,Tabuk,Nesma & Partners,Aramco,96246867.46,155571208.75,59324341.29,61.64,2020-08-02,2023-01-11,2023-01-22,11,Completed,245
PRJ-12148,Dam Project 2148,Dam,Jazan,SADEEM Construction,Aramco,5496824.08,5404493.03,-92331.05,-1.68,2022-03-12,2024-04-27,2024-05-23,26,Cancelled,104
PRJ-12149,Commercial Complex Project 2149,Commercial Complex,Jeddah,Al Bawani,NEOM Co.,106976920.67,111074843.8,4097923.13,3.83,2018-07-08,2019-07-20,2019-07-25,5,In Progress,233
PRJ-12150,Industrial Plant Project 2150,Industrial Plant,Dammam,Nesma & Partners,NEOM Co.,74408436.25,75849839.1,1441402.85,1.94,2023-04-16,2025-03-23,2025-06-04,73,Completed,240
PRJ-12151,Residential Building Project 2151,Residential Building,Mecca,Al Fouzan,Private Developer,22063883.16,27590789.38,5526906.22,25.05,2018-09-28,2021-07-22,2021-09-02,42,Delayed,200
PRJ-12152,Dam Project 2152,Dam,Riyadh,Al Fouzan,Ministry of Health,136811874.3,186986577.72,50174703.42,36.67,2020-11-01,2023-04-08,2023-04-12,4,In Progress,74
PRJ-12153,Hospital Project 2153,Hospital,Jazan,Saudi Binladin Group,Ministry of Housing,35315432.35,49326601.72,14011169.37,39.67,2022-02-12,2024-12-28,2025-01-02,5,In Progress,483
PRJ-12154,Hospital Project 2154,Hospital,Abha,SADEEM Construction,Ministry of Housing,89255850.68,97964549.49,8708698.81,9.76,2018-12-18,2020-06-30,2020-08-11,42,On Hold,100
PRJ-12155,Airport Terminal Project 2155,Airport Terminal,Dammam,Al Bawani,Royal Commission,67471762.63,68931952.98,1460190.35,2.16,2022-01-16,2024-10-10,2024-10-10,0,Completed,55
PRJ-12156,Dam Project 2156,Dam,Qassim,Al Bawani,NEOM Co.,147621374.86,160295229.48,12673854.62,8.59,2021-11-11,2022-07-23,2022-08-02,10,Completed,79
PRJ-12157,School Project 2157,School,Jeddah,Al Arrab,Royal Commission,53504957.22,56279627.75,2774670.53,5.19,2020-09-13,2020-12-18,2021-01-11,24,Cancelled,338
PRJ-12158,Residential Building Project 2158,Residential Building,Jeddah,El Seif Engineering,Royal Commission,137335846.09,215157558.32,77821712.23,56.67,2018-01-03,2020-12-26,2021-01-04,9,Completed,427
PRJ-12159,Commercial Complex Project 2159,Commercial Complex,Tabuk,Nesma & Partners,Ministry of Health,15969522.02,17518067.58,1548545.56,9.7,2022-03-11,2022-08-30,2022-08-30,0,In Progress,494
PRJ-12160,Dam Project 2160,Dam,Riyadh,AECOM Arabia,NEOM Co.,136094335.01,221107235.72,85012900.71,62.47,2018-03-31,2019-01-19,2019-07-13,175,Cancelled,170
PRJ-12161,Residential Building Project 2161,Residential Building,Riyadh,SSEM,Private Developer,68206062.38,80736507.25,12530444.87,18.37,2021-12-05,2024-09-17,2024-09-17,0,Cancelled,303
PRJ-12162,Industrial Plant Project 2162,Industrial Plant,Qassim,Al Fouzan,Private Developer,101684596.52,101749880.06,65283.54,0.06,2022-07-19,2023-06-06,2023-06-16,10,Cancelled,249
PRJ-12163,School Project 2163,School,Neom,Al Bawani,Ministry of Transport,45908389.41,44305928.3,-1602461.11,-3.49,2022-10-23,2025-06-24,2025-06-26,2,Delayed,152
PRJ-12164,Dam Project 2164,Dam,Jeddah,Al Arrab,Aramco,16146735.83,16580809.55,434073.72,2.69,2021-07-02,2024-06-08,2024-06-08,0,In Progress,252
PRJ-12165,Bridge Project 2165,Bridge,Mecca,Al Bawani,Aramco,119438967.25,112561082.24,-6877885.01,-5.76,2023-01-21,2023-11-25,2023-11-25,0,Completed,142
PRJ-12166,Hospital Project 2166,Hospital,Riyadh,Nesma & Partners,Royal Commission,19982904.76,21841888.11,1858983.35,9.3,2021-02-23,2023-07-26,2023-07-26,0,In Progress,45
PRJ-12167,Dam Project 2167,Dam,Mecca,Al Rashid Trading,Royal Commission,29978855.8,29483571.0,-495284.8,-1.65,2019-06-09,2020-11-28,2020-12-01,3,In Progress,182
PRJ-12168,Highway Project 2168,Highway,Abha,Al Bawani,Ministry of Housing,138597843.68,157066235.02,18468391.34,13.33,2022-11-01,2024-03-20,2024-05-10,51,Completed,391
PRJ-12169,School Project 2169,School,Jazan,Al Rashid Trading,Ministry of Transport,98545204.72,104574466.62,6029261.9,6.12,2019-05-30,2021-08-31,2021-08-31,0,Cancelled,109
PRJ-12170,Airport Terminal Project 2170,Airport Terminal,Mecca,Nesma & Partners,Royal Commission,101730077.39,137639493.79,35909416.4,35.3,2019-04-12,2021-10-07,2021-11-10,34,Delayed,217
PRJ-12171,Highway Project 2171,Highway,Qassim,Saudi Binladin Group,Royal Commission,40282154.6,48920800.64,8638646.04,21.45,2018-04-19,2019-06-25,2019-06-26,1,Delayed,370
PRJ-12172,Residential Building Project 2172,Residential Building,Abha,Al Fouzan,Ministry of Education,133700595.76,202678448.94,68977853.18,51.59,2019-11-19,2021-11-12,2021-12-07,25,On Hold,91
PRJ-12173,Bridge Project 2173,Bridge,Neom,Nesma & Partners,Ministry of Housing,148747839.27,208756006.64,60008167.37,40.34,2018-03-11,2020-02-07,2020-02-12,5,Delayed,64
PRJ-12174,Residential Building Project 2174,Residential Building,Jazan,SADEEM Construction,Ministry of Housing,101306889.27,165989371.41,64682482.14,63.85,2021-05-13,2023-06-24,2023-10-19,117,Completed,61
PRJ-12175,Dam Project 2175,Dam,Qassim,Al Arrab,Aramco,103158452.45,153586912.15,50428459.7,48.88,2021-11-07,2023-10-13,2023-10-21,8,Delayed,370
PRJ-12176,Dam Project 2176,Dam,Abha,Saudi Binladin Group,NEOM Co.,16500855.56,26040939.05,9540083.49,57.82,2021-07-22,2022-04-10,2022-05-25,45,Delayed,480
PRJ-12177,Bridge Project 2177,Bridge,Tabuk,SADEEM Construction,Aramco,57733592.52,62882885.61,5149293.09,8.92,2018-12-29,2021-02-24,2021-02-24,0,In Progress,103
PRJ-12178,Dam Project 2178,Dam,Tabuk,AECOM Arabia,Royal Commission,64806338.45,71176588.39,6370249.94,9.83,2023-05-25,2026-01-31,2026-02-17,17,On Hold,398
PRJ-12179,Residential Building Project 2179,Residential Building,Jeddah,Al Fouzan,Aramco,114438378.26,135134898.76,20696520.5,18.09,2019-03-16,2020-05-24,2020-05-24,0,Delayed,418
PRJ-12180,Metro Rail Project 2180,Metro Rail,Mecca,SSEM,Royal Commission,141142253.46,218741547.37,77599293.91,54.98,2020-06-16,2020-10-16,2020-10-21,5,On Hold,61
PRJ-12181,Dam Project 2181,Dam,Medina,Nesma & Partners,Ministry of Education,110746000.49,100095301.84,-10650698.65,-9.62,2021-02-01,2023-01-01,2023-01-09,8,Cancelled,355
PRJ-12182,Hospital Project 2182,Hospital,Riyadh,Al Rashid Trading,Aramco,40565591.4,47610312.24,7044720.84,17.37,2018-01-20,2018-06-08,2018-06-08,0,Cancelled,120
PRJ-12183,Industrial Plant Project 2183,Industrial Plant,Riyadh,Al Rashid Trading,Aramco,95160211.9,100462717.89,5302505.99,5.57,2019-07-23,2019-10-24,2019-12-01,38,In Progress,229
PRJ-12184,Residential Building Project 2184,Residential Building,Qassim,AECOM Arabia,Private Developer,108048529.26,109409552.16,1361022.9,1.26,2018-05-28,2018-10-30,2018-10-30,0,Completed,499
PRJ-12185,Bridge Project 2185,Bridge,Tabuk,AECOM Arabia,NEOM Co.,94199625.61,142090984.64,47891359.03,50.84,2021-01-22,2023-12-30,2024-01-03,4,In Progress,475
PRJ-12186,Hospital Project 2186,Hospital,Neom,Al Fouzan,NEOM Co.,35637179.17,41843668.83,6206489.66,17.42,2020-01-11,2020-05-26,2020-12-07,195,On Hold,301
PRJ-12187,Metro Rail Project 2187,Metro Rail,Riyadh,Saudi Binladin Group,Ministry of Health,89608517.52,83536211.19,-6072306.33,-6.78,2020-05-27,2022-04-01,2022-04-01,0,Cancelled,40
PRJ-12188,Commercial Complex Project 2188,Commercial Complex,Qassim,Al Arrab,Ministry of Education,3028463.59,3227445.78,198982.19,6.57,2019-06-23,2021-01-21,2021-04-03,72,In Progress,255
PRJ-12189,Airport Terminal Project 2189,Airport Terminal,Mecca,Nesma & Partners,Ministry of Transport,123041711.92,125397346.28,2355634.36,1.91,2019-02-01,2021-03-10,2021-10-16,220,Cancelled,367
PRJ-12190,Hospital Project 2190,Hospital,Medina,Saudi Binladin Group,Ministry of Housing,40143025.81,65126395.5,24983369.69,62.24,2020-10-02,2022-02-06,2022-03-10,32,In Progress,181
PRJ-12191,Hospital Project 2191,Hospital,Riyadh,Al Rashid Trading,NEOM Co.,137414245.05,172083916.25,34669671.2,25.23,2019-12-14,2021-12-21,2022-04-14,114,On Hold,170
PRJ-12192,Industrial Plant Project 2192,Industrial Plant,Dammam,Al Arrab,NEOM Co.,119368987.24,194804284.06,75435296.82,63.2,2018-08-05,2019-08-22,2019-08-26,4,Cancelled,41
PRJ-12193,Highway Project 2193,Highway,Neom,Nesma & Partners,Ministry of Transport,144670808.49,157624415.65,12953607.16,8.95,2019-03-30,2021-09-13,2021-09-18,5,Completed,17
PRJ-12194,Residential Building Project 2194,Residential Building,Neom,Saudi Binladin Group,Ministry of Health,15473172.13,23252535.81,7779363.68,50.28,2021-10-18,2024-05-24,2024-06-02,9,Cancelled,294
PRJ-12195,School Project 2195,School,Qassim,SADEEM Construction,Ministry of Transport,57058183.27,52865496.05,-4192687.22,-7.35,2018-11-07,2019-02-19,2019-02-19,0,On Hold,211
PRJ-12196,Dam Project 2196,Dam,Medina,Nesma & Partners,Ministry of Housing,51662715.95,61706722.89,10044006.94,19.44,2023-01-10,2024-01-23,2024-01-23,0,On Hold,181
PRJ-12197,Metro Rail Project 2197,Metro Rail,Qassim,Al Bawani,Ministry of Education,94637697.49,93050700.04,-1586997.45,-1.68,2022-10-22,2023-12-17,2024-01-02,16,In Progress,313
PRJ-12198,Metro Rail Project 2198,Metro Rail,Abha,SADEEM Construction,NEOM Co.,147933431.19,159055339.03,11121907.84,7.52,2018-04-06,2019-08-13,2019-10-03,51,On Hold,353
PRJ-12199,Highway Project 2199,Highway,Riyadh,Nesma & Partners,Ministry of Education,10975270.01,10385925.66,-589344.35,-5.37,2019-12-26,2021-04-07,2021-10-03,179,On Hold,465
PRJ-12200,Residential Building Project 2200,Residential Building,Neom,Nesma & Partners,Ministry of Housing,87324903.25,108928625.2,21603721.95,24.74,2020-06-30,2023-04-15,2023-07-03,79,In Progress,125
PRJ-12201,Airport Terminal Project 2201,Airport Terminal,Riyadh,Nesma & Partners,Ministry of Transport,126520349.63,130792433.98,4272084.35,3.38,2021-12-05,2023-05-20,2023-05-20,0,Cancelled,381
PRJ-12202,Highway Project 2202,Highway,Jeddah,Al Fouzan,Aramco,106433240.09,119158592.11,12725352.02,11.96,2021-03-19,2022-12-03,2022-12-03,0,Delayed,299
PRJ-12203,Commercial Complex Project 2203,Commercial Complex,Abha,El Seif Engineering,Aramco,26507574.03,36046105.2,9538531.17,35.98,2020-06-13,2022-02-08,2022-02-21,13,Cancelled,291
PRJ-12204,Commercial Complex Project 2204,Commercial Complex,Neom,Al Fouzan,Ministry of Education,11069142.92,14144588.86,3075445.94,27.78,2023-06-16,2025-08-20,2025-09-02,13,Completed,205
PRJ-12205,Airport Terminal Project 2205,Airport Terminal,Qassim,Saudi Binladin Group,Ministry of Housing,149435561.71,224578547.36,75142985.65,50.28,2022-05-03,2024-09-07,2024-09-26,19,Cancelled,401
PRJ-12206,Metro Rail Project 2206,Metro Rail,Medina,El Seif Engineering,Ministry of Health,65094059.12,86336323.29,21242264.17,32.63,2023-04-15,2025-03-28,2025-05-14,47,On Hold,470
PRJ-12207,Highway Project 2207,Highway,Qassim,SADEEM Construction,Royal Commission,133046018.5,177409353.34,44363334.84,33.34,2022-12-12,2025-11-20,2026-02-27,99,Cancelled,80
PRJ-12208,Highway Project 2208,Highway,Jazan,Nesma & Partners,Ministry of Housing,94687792.75,91416294.94,-3271497.81,-3.46,2018-12-30,2019-05-24,2019-06-09,16,Cancelled,75
PRJ-12209,Bridge Project 2209,Bridge,Dammam,Nesma & Partners,Ministry of Housing,14487131.33,16834919.88,2347788.55,16.21,2018-07-01,2019-06-14,2019-06-14,0,Delayed,345
PRJ-12210,Bridge Project 2210,Bridge,Dammam,Al Bawani,Aramco,35852999.38,34542644.85,-1310354.53,-3.65,2020-05-13,2020-10-17,2020-10-17,0,Cancelled,318
PRJ-12211,Bridge Project 2211,Bridge,Riyadh,Nesma & Partners,Ministry of Housing,110537292.36,138706146.6,28168854.24,25.48,2018-03-15,2018-10-21,2018-11-01,11,Delayed,489
PRJ-12212,Highway Project 2212,Highway,Medina,Nesma & Partners,NEOM Co.,24795404.26,37968337.68,13172933.42,53.13,2020-06-17,2022-09-19,2022-12-24,96,In Progress,366
PRJ-12213,Commercial Complex Project 2213,Commercial Complex,Medina,Al Fouzan,Ministry of Transport,129636548.63,132492717.22,2856168.59,2.2,2023-01-15,2023-05-27,2023-05-27,0,Completed,223
PRJ-12214,Hospital Project 2214,Hospital,Riyadh,Al Arrab,Private Developer,114473001.45,98091365.71,-16381635.74,-14.31,2019-02-08,2020-06-17,2020-06-21,4,Completed,186
PRJ-12215,Metro Rail Project 2215,Metro Rail,Medina,SSEM,Ministry of Education,3485953.42,4233048.75,747095.33,21.43,2019-12-30,2021-07-12,2021-08-07,26,Cancelled,285
PRJ-12216,Bridge Project 2216,Bridge,Dammam,El Seif Engineering,Ministry of Housing,77943294.66,70323475.72,-7619818.94,-9.78,2018-11-28,2020-12-24,2020-12-24,0,Completed,250
PRJ-12217,Industrial Plant Project 2217,Industrial Plant,Abha,AECOM Arabia,Ministry of Housing,63691649.64,76694615.92,13002966.28,20.42,2023-04-20,2025-12-16,2026-01-22,37,Cancelled,121
PRJ-12218,Commercial Complex Project 2218,Commercial Complex,Riyadh,SADEEM Construction,Ministry of Transport,109966771.34,106657397.16,-3309374.18,-3.01,2023-06-01,2026-01-08,2026-01-08,0,Completed,327
PRJ-12219,School Project 2219,School,Abha,Nesma & Partners,NEOM Co.,122064729.67,131406266.79,9341537.12,7.65,2018-06-16,2020-04-17,2020-04-17,0,Completed,224
PRJ-12220,Dam Project 2220,Dam,Riyadh,Al Bawani,Ministry of Housing,32009083.36,43289864.45,11280781.09,35.24,2020-04-11,2021-07-20,2021-07-28,8,On Hold,440
PRJ-12221,School Project 2221,School,Jazan,Saudi Binladin Group,Ministry of Health,124575969.19,131631994.85,7056025.66,5.66,2021-12-05,2022-10-30,2022-11-15,16,Cancelled,272
PRJ-12222,School Project 2222,School,Tabuk,Al Fouzan,Ministry of Housing,130118235.23,157243774.22,27125538.99,20.85,2021-04-05,2022-05-10,2022-06-12,33,Delayed,163
PRJ-12223,Residential Building Project 2223,Residential Building,Jazan,Al Arrab,Ministry of Health,73441079.19,70597215.9,-2843863.29,-3.87,2019-02-07,2022-02-04,2022-02-04,0,In Progress,377
PRJ-12224,Bridge Project 2224,Bridge,Neom,Al Arrab,Royal Commission,94206993.19,155113334.91,60906341.72,64.65,2019-09-12,2019-12-19,2020-01-01,13,On Hold,107
PRJ-12225,Highway Project 2225,Highway,Dammam,Al Arrab,NEOM Co.,72287435.53,75595719.31,3308283.78,4.58,2022-12-12,2024-05-29,2024-05-29,0,In Progress,140
PRJ-12226,Bridge Project 2226,Bridge,Abha,Nesma & Partners,Royal Commission,85094842.22,126847007.77,41752165.55,49.07,2021-09-02,2024-07-21,2024-10-03,74,In Progress,61
PRJ-12227,Airport Terminal Project 2227,Airport Terminal,Qassim,Saudi Binladin Group,Ministry of Education,67943945.43,75798930.0,7854984.57,11.56,2021-05-01,2024-03-27,2024-03-27,0,Cancelled,486
PRJ-12228,School Project 2228,School,Dammam,Al Rashid Trading,Private Developer,88142207.07,92347481.87,4205274.8,4.77,2022-08-08,2025-05-23,2025-05-23,0,Cancelled,359
PRJ-12229,School Project 2229,School,Mecca,Al Rashid Trading,Ministry of Transport,29251208.03,30397296.07,1146088.04,3.92,2019-11-25,2021-09-18,2021-09-18,0,Delayed,494
PRJ-12230,Dam Project 2230,Dam,Dammam,Al Fouzan,Ministry of Housing,37249878.76,41657487.46,4407608.7,11.83,2020-12-24,2022-04-01,2022-06-13,73,In Progress,496
PRJ-12231,Residential Building Project 2231,Residential Building,Medina,El Seif Engineering,Aramco,142863470.17,193613646.85,50750176.68,35.52,2022-09-05,2024-11-26,2024-12-18,22,On Hold,217
PRJ-12232,Residential Building Project 2232,Residential Building,Tabuk,SADEEM Construction,Royal Commission,81669596.45,76672575.64,-4997020.81,-6.12,2020-08-14,2023-04-15,2023-04-15,0,Cancelled,355
PRJ-12233,Industrial Plant Project 2233,Industrial Plant,Jazan,Al Fouzan,Ministry of Education,56685272.24,52702782.33,-3982489.91,-7.03,2021-04-16,2022-08-30,2022-08-30,0,Delayed,379
PRJ-12234,Hospital Project 2234,Hospital,Medina,Al Fouzan,Ministry of Transport,93631629.61,137862085.73,44230456.12,47.24,2020-01-30,2021-07-20,2021-08-06,17,Delayed,211
PRJ-12235,School Project 2235,School,Neom,Al Bawani,Ministry of Health,33460336.91,39318097.05,5857760.14,17.51,2022-07-11,2025-06-20,2025-06-25,5,Delayed,74
PRJ-12236,Commercial Complex Project 2236,Commercial Complex,Dammam,Al Fouzan,Private Developer,139024514.79,164763360.51,25738845.72,18.51,2018-02-15,2019-05-29,2019-07-05,37,Cancelled,180
PRJ-12237,Metro Rail Project 2237,Metro Rail,Mecca,Al Bawani,Aramco,77832189.38,127462719.07,49630529.69,63.77,2019-12-01,2022-06-12,2022-06-14,2,In Progress,175
PRJ-12238,Hospital Project 2238,Hospital,Neom,Al Arrab,Ministry of Health,100127892.05,132033315.97,31905423.92,31.86,2022-09-26,2023-10-30,2023-11-09,10,In Progress,16
PRJ-12239,Dam Project 2239,Dam,Mecca,Nesma & Partners,Ministry of Transport,16867613.73,20068260.31,3200646.58,18.98,2022-05-11,2023-08-20,2023-08-20,0,Delayed,102
PRJ-12240,School Project 2240,School,Jeddah,SADEEM Construction,Ministry of Housing,26630355.69,27865034.05,1234678.36,4.64,2023-05-08,2025-06-19,2025-07-20,31,In Progress,136
PRJ-12241,Highway Project 2241,Highway,Abha,El Seif Engineering,Private Developer,107775426.71,122114560.34,14339133.63,13.3,2019-10-11,2022-03-14,2022-03-14,0,Completed,241
PRJ-12242,Metro Rail Project 2242,Metro Rail,Abha,Al Rashid Trading,Ministry of Education,101176249.47,109710449.73,8534200.26,8.43,2018-08-02,2019-06-19,2019-06-19,0,Completed,25
PRJ-12243,Airport Terminal Project 2243,Airport Terminal,Jeddah,SSEM,Royal Commission,133924129.55,149289487.69,15365358.14,11.47,2018-12-09,2021-10-05,2021-10-07,2,Delayed,383
PRJ-12244,Airport Terminal Project 2244,Airport Terminal,Jazan,El Seif Engineering,Private Developer,37618978.2,43694887.98,6075909.78,16.15,2018-11-17,2020-01-06,2020-05-17,132,Delayed,388
PRJ-12245,Highway Project 2245,Highway,Abha,Al Bawani,Ministry of Education,110025598.54,121624227.48,11598628.94,10.54,2019-07-01,2020-06-20,2020-06-20,0,On Hold,34
PRJ-12246,Commercial Complex Project 2246,Commercial Complex,Jazan,Al Rashid Trading,NEOM Co.,32206145.0,31294688.68,-911456.32,-2.83,2021-08-20,2024-04-26,2024-04-26,0,Cancelled,220
PRJ-12247,Hospital Project 2247,Hospital,Dammam,Al Rashid Trading,Ministry of Education,42552042.25,44146043.99,1594001.74,3.75,2020-07-16,2022-01-30,2022-02-14,15,Delayed,218
PRJ-12248,Bridge Project 2248,Bridge,Medina,SSEM,Ministry of Housing,3437896.67,4001085.74,563189.07,16.38,2019-07-25,2020-02-14,2020-02-14,0,Completed,483
PRJ-12249,Hospital Project 2249,Hospital,Dammam,SSEM,Aramco,144858669.79,145216632.38,357962.59,0.25,2023-03-15,2023-07-08,2023-07-08,0,Cancelled,347
PRJ-12250,Residential Building Project 2250,Residential Building,Riyadh,Saudi Binladin Group,NEOM Co.,51106778.47,46104832.53,-5001945.94,-9.79,2022-10-20,2024-05-27,2024-05-27,0,Completed,168
PRJ-12251,Highway Project 2251,Highway,Tabuk,SSEM,Ministry of Transport,102197477.91,98854255.05,-3343222.86,-3.27,2020-05-21,2020-12-19,2021-02-09,52,Cancelled,364
PRJ-12252,Commercial Complex Project 2252,Commercial Complex,Medina,Al Arrab,Aramco,24370119.23,27709434.21,3339314.98,13.7,2018-12-03,2020-07-21,2020-07-21,0,In Progress,203
PRJ-12253,Metro Rail Project 2253,Metro Rail,Tabuk,Al Fouzan,NEOM Co.,92635466.88,124876091.74,32240624.86,34.8,2022-05-08,2024-01-18,2024-01-19,1,Completed,317
PRJ-12254,Highway Project 2254,Highway,Neom,SSEM,Ministry of Transport,46683199.57,47178860.62,495661.05,1.06,2018-09-19,2019-12-05,2019-12-05,0,Delayed,433
PRJ-12255,Bridge Project 2255,Bridge,Medina,Nesma & Partners,NEOM Co.,115574847.04,132134475.59,16559628.55,14.33,2021-08-03,2022-04-04,2022-04-04,0,In Progress,368
PRJ-12256,Metro Rail Project 2256,Metro Rail,Medina,Al Bawani,NEOM Co.,60353315.71,70925416.55,10572100.84,17.52,2019-08-12,2019-11-11,2020-02-07,88,In Progress,410
PRJ-12257,Hospital Project 2257,Hospital,Medina,Nesma & Partners,Ministry of Transport,115889487.27,181717713.08,65828225.81,56.8,2020-05-24,2021-10-29,2021-11-17,19,Completed,250
PRJ-12258,School Project 2258,School,Jeddah,Saudi Binladin Group,Ministry of Education,136210305.93,217826794.57,81616488.64,59.92,2020-11-13,2021-03-29,2021-03-31,2,Completed,401
PRJ-12259,Airport Terminal Project 2259,Airport Terminal,Dammam,Al Rashid Trading,Ministry of Health,123917458.81,125246978.12,1329519.31,1.07,2018-07-22,2018-11-28,2019-01-14,47,On Hold,61
PRJ-12260,Hospital Project 2260,Hospital,Qassim,Al Rashid Trading,NEOM Co.,120865321.71,139604259.48,18738937.77,15.5,2018-07-03,2020-09-23,2020-09-23,0,On Hold,482
PRJ-12261,Industrial Plant Project 2261,Industrial Plant,Qassim,SADEEM Construction,Ministry of Health,43727975.0,38913005.34,-4814969.66,-11.01,2019-02-15,2020-09-16,2020-12-16,91,In Progress,84
PRJ-12262,Bridge Project 2262,Bridge,Medina,Nesma & Partners,NEOM Co.,22911433.36,24315316.35,1403882.99,6.13,2018-11-27,2021-10-27,2021-10-27,0,Completed,396
PRJ-12263,Metro Rail Project 2263,Metro Rail,Mecca,SADEEM Construction,NEOM Co.,86580974.43,94680193.85,8099219.42,9.35,2021-02-21,2022-05-11,2022-05-11,0,Cancelled,88
PRJ-12264,Highway Project 2264,Highway,Dammam,Al Fouzan,Ministry of Health,3036884.83,2689679.23,-347205.6,-11.43,2020-02-12,2020-07-09,2020-10-13,96,Delayed,118
PRJ-12265,Hospital Project 2265,Hospital,Riyadh,Al Arrab,Ministry of Transport,21887761.93,23421164.47,1533402.54,7.01,2023-01-12,2025-08-12,2025-08-12,0,In Progress,44
PRJ-12266,Commercial Complex Project 2266,Commercial Complex,Qassim,Saudi Binladin Group,Private Developer,139873899.15,153831097.26,13957198.11,9.98,2021-11-01,2023-03-12,2023-03-12,0,In Progress,13
PRJ-12267,Dam Project 2267,Dam,Tabuk,Al Rashid Trading,Private Developer,123487291.54,111630580.34,-11856711.2,-9.6,2018-09-07,2021-02-03,2021-02-03,0,Completed,464
PRJ-12268,Commercial Complex Project 2268,Commercial Complex,Medina,Al Arrab,NEOM Co.,81531287.12,101846793.03,20315505.91,24.92,2021-09-15,2023-01-28,2023-02-15,18,On Hold,127
PRJ-12269,Metro Rail Project 2269,Metro Rail,Jazan,Al Fouzan,Ministry of Health,11295871.21,12485672.2,1189800.99,10.53,2019-10-05,2020-03-07,2020-03-07,0,Completed,195
PRJ-12270,Hospital Project 2270,Hospital,Mecca,AECOM Arabia,Aramco,75731452.02,85542056.84,9810604.82,12.95,2018-12-23,2021-06-18,2021-06-18,0,Delayed,54
PRJ-12271,School Project 2271,School,Mecca,El Seif Engineering,Aramco,73050949.79,69019595.93,-4031353.86,-5.52,2022-04-19,2024-02-17,2024-02-17,0,On Hold,149
PRJ-12272,Residential Building Project 2272,Residential Building,Neom,El Seif Engineering,Ministry of Health,97414414.63,150789297.01,53374882.38,54.79,2019-03-10,2021-02-03,2021-02-08,5,On Hold,193
PRJ-12273,Highway Project 2273,Highway,Riyadh,SSEM,Ministry of Housing,92160877.74,149288682.13,57127804.39,61.99,2018-10-08,2021-04-15,2021-04-20,5,In Progress,351
PRJ-12274,Residential Building Project 2274,Residential Building,Jeddah,AECOM Arabia,Ministry of Education,77995636.77,71901801.44,-6093835.33,-7.81,2018-10-06,2019-04-12,2019-04-12,0,Delayed,47
PRJ-12275,Bridge Project 2275,Bridge,Neom,Al Rashid Trading,Ministry of Health,94211519.21,140653536.19,46442016.98,49.3,2023-04-23,2026-02-03,2026-02-11,8,Cancelled,341
PRJ-12276,Dam Project 2276,Dam,Abha,Saudi Binladin Group,Ministry of Education,122764400.0,153639109.48,30874709.48,25.15,2018-06-01,2019-04-07,2019-07-31,115,On Hold,128
PRJ-12277,Commercial Complex Project 2277,Commercial Complex,Neom,Nesma & Partners,NEOM Co.,68516053.52,65499738.76,-3016314.76,-4.4,2021-08-28,2023-02-17,2023-03-31,42,On Hold,183
PRJ-12278,Metro Rail Project 2278,Metro Rail,Qassim,Al Bawani,Ministry of Education,82263869.31,75812613.14,-6451256.17,-7.84,2021-01-20,2023-02-13,2023-03-08,23,In Progress,491
PRJ-12279,Metro Rail Project 2279,Metro Rail,Mecca,Al Rashid Trading,Aramco,62988620.78,96682676.32,33694055.54,53.49,2018-07-07,2020-06-13,2020-08-09,57,Delayed,106
PRJ-12280,Residential Building Project 2280,Residential Building,Qassim,AECOM Arabia,Royal Commission,15336030.91,16258591.04,922560.13,6.02,2019-04-23,2020-01-24,2020-04-25,92,Cancelled,45
PRJ-12281,Hospital Project 2281,Hospital,Riyadh,Al Fouzan,Ministry of Education,131277526.35,187201416.78,55923890.43,42.6,2020-02-14,2022-08-18,2022-08-22,4,On Hold,419
PRJ-12282,Industrial Plant Project 2282,Industrial Plant,Jazan,Saudi Binladin Group,Ministry of Housing,15624260.13,17731251.59,2106991.46,13.49,2018-10-15,2019-01-14,2019-02-12,29,On Hold,166
PRJ-12283,Industrial Plant Project 2283,Industrial Plant,Qassim,Al Arrab,Ministry of Education,118442637.46,161243242.27,42800604.81,36.14,2019-09-02,2021-01-14,2021-01-21,7,Delayed,463
PRJ-12284,Commercial Complex Project 2284,Commercial Complex,Abha,Al Rashid Trading,Ministry of Health,35734538.92,55350743.47,19616204.55,54.89,2019-12-13,2022-09-09,2022-10-16,37,Delayed,449
PRJ-12285,Hospital Project 2285,Hospital,Riyadh,Saudi Binladin Group,Ministry of Health,19456868.97,25777631.38,6320762.41,32.49,2019-12-24,2020-11-28,2021-01-27,60,In Progress,29
PRJ-12286,Metro Rail Project 2286,Metro Rail,Abha,SADEEM Construction,Ministry of Health,19503018.38,20054223.54,551205.16,2.83,2019-01-17,2021-01-07,2021-01-07,0,Completed,461
PRJ-12287,Metro Rail Project 2287,Metro Rail,Tabuk,Nesma & Partners,Ministry of Health,24548613.88,35769650.45,11221036.57,45.71,2019-10-20,2020-09-02,2020-10-08,36,Cancelled,248
PRJ-12288,Residential Building Project 2288,Residential Building,Dammam,Al Fouzan,Royal Commission,16316579.78,24502608.59,8186028.81,50.17,2018-11-27,2019-06-17,2019-07-08,21,In Progress,228
PRJ-12289,Industrial Plant Project 2289,Industrial Plant,Medina,El Seif Engineering,Royal Commission,140456374.71,148048794.61,7592419.9,5.41,2019-08-17,2021-08-04,2021-08-04,0,Cancelled,440
PRJ-12290,Metro Rail Project 2290,Metro Rail,Tabuk,AECOM Arabia,Ministry of Health,142566743.93,166140496.58,23573752.65,16.54,2023-03-05,2024-05-25,2024-06-17,23,In Progress,162
PRJ-12291,Hospital Project 2291,Hospital,Mecca,SADEEM Construction,Ministry of Transport,127306367.72,156271368.19,28965000.47,22.75,2021-12-23,2023-01-31,2023-12-06,309,Delayed,323
PRJ-12292,Commercial Complex Project 2292,Commercial Complex,Abha,AECOM Arabia,Ministry of Transport,73801717.17,111850431.08,38048713.91,51.56,2021-05-29,2023-10-07,2023-12-02,56,Delayed,151
PRJ-12293,Metro Rail Project 2293,Metro Rail,Jazan,SADEEM Construction,Ministry of Transport,60826238.87,75640008.24,14813769.37,24.35,2022-12-10,2024-10-18,2024-10-30,12,Completed,279
PRJ-12294,Airport Terminal Project 2294,Airport Terminal,Dammam,Nesma & Partners,Ministry of Transport,86129490.21,127916424.04,41786933.83,48.52,2021-04-30,2021-09-15,2021-09-23,8,Cancelled,380
PRJ-12295,Dam Project 2295,Dam,Medina,AECOM Arabia,Private Developer,73229173.48,68502727.88,-4726445.6,-6.45,2019-05-26,2019-12-04,2019-12-16,12,Cancelled,238
PRJ-12296,Highway Project 2296,Highway,Riyadh,Nesma & Partners,Aramco,36207351.48,42897903.44,6690551.96,18.48,2020-09-07,2023-05-06,2023-05-06,0,Delayed,470
PRJ-12297,Airport Terminal Project 2297,Airport Terminal,Tabuk,Al Rashid Trading,Private Developer,46112403.18,43837115.15,-2275288.03,-4.93,2021-12-24,2023-12-29,2023-12-29,0,On Hold,419
PRJ-12298,Metro Rail Project 2298,Metro Rail,Dammam,Nesma & Partners,Ministry of Housing,69370582.35,60916209.13,-8454373.22,-12.19,2018-01-21,2018-12-27,2019-01-07,11,On Hold,444
PRJ-12299,Industrial Plant Project 2299,Industrial Plant,Abha,El Seif Engineering,NEOM Co.,48810209.98,63032035.86,14221825.88,29.14,2021-06-05,2023-09-13,2023-12-12,90,In Progress,469
PRJ-12300,Hospital Project 2300,Hospital,Jeddah,Nesma & Partners,Aramco,53805558.72,55645215.26,1839656.54,3.42,2022-02-11,2022-12-06,2022-12-06,0,On Hold,452
PRJ-12301,Hospital Project 2301,Hospital,Qassim,AECOM Arabia,Ministry of Health,144844928.78,153040464.96,8195536.18,5.66,2019-11-09,2020-08-19,2020-09-02,14,On Hold,11
PRJ-12302,Airport Terminal Project 2302,Airport Terminal,Abha,El Seif Engineering,Ministry of Transport,36898323.09,53783590.5,16885267.41,45.76,2018-05-21,2021-04-12,2021-04-30,18,Delayed,106
PRJ-12303,Industrial Plant Project 2303,Industrial Plant,Tabuk,Al Arrab,Ministry of Health,31295233.54,27130459.44,-4164774.1,-13.31,2018-06-23,2019-05-05,2019-06-11,37,Cancelled,199
PRJ-12304,Residential Building Project 2304,Residential Building,Medina,SADEEM Construction,NEOM Co.,63130480.21,70768407.51,7637927.3,12.1,2022-08-25,2023-06-06,2023-07-20,44,In Progress,27
PRJ-12305,Bridge Project 2305,Bridge,Medina,SADEEM Construction,Ministry of Education,84778696.67,122386213.93,37607517.26,44.36,2019-01-11,2020-02-04,2020-02-10,6,Completed,19
PRJ-12306,Industrial Plant Project 2306,Industrial Plant,Medina,SSEM,Ministry of Health,8315725.94,9611006.64,1295280.7,15.58,2022-02-27,2023-10-26,2023-10-26,0,On Hold,410
PRJ-12307,Airport Terminal Project 2307,Airport Terminal,Riyadh,Saudi Binladin Group,Royal Commission,30130359.77,35021101.98,4890742.21,16.23,2021-12-20,2024-03-16,2024-03-16,0,Delayed,205
PRJ-12308,Metro Rail Project 2308,Metro Rail,Riyadh,Nesma & Partners,Aramco,53203121.57,59417516.03,6214394.46,11.68,2021-09-19,2023-10-11,2023-10-11,0,Delayed,42
PRJ-12309,Dam Project 2309,Dam,Mecca,Al Rashid Trading,Ministry of Housing,48224182.02,75940034.18,27715852.16,57.47,2019-03-02,2020-04-04,2020-07-31,118,Cancelled,416
PRJ-12310,Hospital Project 2310,Hospital,Riyadh,Nesma & Partners,NEOM Co.,19432250.26,24181960.54,4749710.28,24.44,2021-02-19,2023-09-01,2023-09-06,5,On Hold,183
PRJ-12311,Highway Project 2311,Highway,Jazan,Al Fouzan,NEOM Co.,12749796.64,20463590.7,7713794.06,60.5,2019-02-16,2019-12-06,2019-12-12,6,Cancelled,416
PRJ-12312,Bridge Project 2312,Bridge,Riyadh,Nesma & Partners,Ministry of Housing,146485204.34,232710616.85,86225412.51,58.86,2019-11-08,2020-06-22,2020-07-06,14,In Progress,114
PRJ-12313,Residential Building Project 2313,Residential Building,Medina,Saudi Binladin Group,Ministry of Transport,81951289.01,115708580.13,33757291.12,41.19,2019-06-04,2020-03-22,2020-03-31,9,Completed,353
PRJ-12314,School Project 2314,School,Jazan,Al Fouzan,Ministry of Housing,99005820.08,105147926.31,6142106.23,6.2,2022-10-19,2024-04-09,2024-08-22,135,Cancelled,322
PRJ-12315,Hospital Project 2315,Hospital,Tabuk,Al Rashid Trading,Ministry of Housing,100972895.65,95007096.99,-5965798.66,-5.91,2019-07-24,2020-04-16,2020-04-17,1,Completed,492
PRJ-12316,Highway Project 2316,Highway,Medina,AECOM Arabia,Private Developer,1085797.06,1619812.64,534015.58,49.18,2020-09-25,2023-04-08,2024-03-27,354,In Progress,33
PRJ-12317,Highway Project 2317,Highway,Qassim,SADEEM Construction,Ministry of Education,118115090.7,124365484.11,6250393.41,5.29,2023-04-23,2023-09-29,2023-09-29,0,Completed,56
PRJ-12318,Dam Project 2318,Dam,Dammam,Nesma & Partners,NEOM Co.,45360028.89,44045106.41,-1314922.48,-2.9,2018-04-17,2019-05-11,2020-02-03,268,On Hold,479
PRJ-12319,Industrial Plant Project 2319,Industrial Plant,Qassim,SSEM,Aramco,43058873.46,62652731.05,19593857.59,45.5,2023-02-22,2025-09-20,2025-10-04,14,On Hold,174
PRJ-12320,Industrial Plant Project 2320,Industrial Plant,Abha,El Seif Engineering,NEOM Co.,81179437.44,70173389.67,-11006047.77,-13.56,2019-06-25,2022-04-27,2022-04-29,2,Cancelled,126
PRJ-12321,Airport Terminal Project 2321,Airport Terminal,Jazan,Nesma & Partners,Ministry of Education,15798660.84,25223420.43,9424759.59,59.66,2018-10-31,2020-11-03,2020-11-18,15,Completed,102
PRJ-12322,Highway Project 2322,Highway,Tabuk,AECOM Arabia,Ministry of Housing,95791670.94,117162761.65,21371090.71,22.31,2023-05-12,2025-11-08,2025-12-26,48,On Hold,211
PRJ-12323,Airport Terminal Project 2323,Airport Terminal,Mecca,SADEEM Construction,NEOM Co.,54569079.44,84622804.46,30053725.02,55.07,2019-05-22,2022-04-15,2022-04-18,3,On Hold,303
PRJ-12324,Commercial Complex Project 2324,Commercial Complex,Dammam,El Seif Engineering,NEOM Co.,117582424.34,111754501.95,-5827922.39,-4.96,2018-06-26,2018-12-19,2018-12-19,0,On Hold,272
PRJ-12325,Residential Building Project 2325,Residential Building,Medina,Al Fouzan,Ministry of Health,77082954.3,95575143.19,18492188.89,23.99,2023-02-24,2025-08-28,2026-06-18,294,Completed,242
PRJ-12326,Residential Building Project 2326,Residential Building,Jazan,SADEEM Construction,Ministry of Housing,93951187.13,111224683.0,17273495.87,18.39,2021-07-12,2024-01-05,2024-01-05,0,Delayed,63
PRJ-12327,Metro Rail Project 2327,Metro Rail,Neom,AECOM Arabia,Private Developer,87175830.54,77609010.74,-9566819.8,-10.97,2019-12-28,2022-03-08,2022-03-31,23,Completed,262
PRJ-12328,Commercial Complex Project 2328,Commercial Complex,Dammam,Nesma & Partners,NEOM Co.,9904667.66,9470883.21,-433784.45,-4.38,2020-10-05,2023-07-19,2023-07-19,0,In Progress,122
PRJ-12329,Airport Terminal Project 2329,Airport Terminal,Jazan,Nesma & Partners,NEOM Co.,5354380.37,6013000.58,658620.21,12.3,2020-01-09,2020-04-29,2020-04-29,0,Completed,202
PRJ-12330,Highway Project 2330,Highway,Abha,Al Fouzan,Private Developer,108637880.45,165006070.12,56368189.67,51.89,2022-12-06,2024-10-31,2024-11-04,4,In Progress,475
PRJ-12331,Bridge Project 2331,Bridge,Riyadh,Al Bawani,Ministry of Transport,23640512.21,24803188.52,1162676.31,4.92,2023-06-23,2024-04-15,2024-04-25,10,Completed,166
PRJ-12332,Airport Terminal Project 2332,Airport Terminal,Qassim,SSEM,Royal Commission,56159911.24,69703477.06,13543565.82,24.12,2019-07-09,2019-10-19,2019-10-27,8,Completed,450
PRJ-12333,Hospital Project 2333,Hospital,Neom,Al Arrab,Royal Commission,61407478.26,73441553.8,12034075.54,19.6,2021-06-07,2021-11-17,2021-11-17,0,On Hold,264
PRJ-12334,Industrial Plant Project 2334,Industrial Plant,Neom,Nesma & Partners,Ministry of Health,8860989.34,8352850.7,-508138.64,-5.73,2021-07-23,2023-01-01,2023-01-01,0,Cancelled,389
PRJ-12335,Hospital Project 2335,Hospital,Abha,Al Rashid Trading,Private Developer,8397471.14,9134369.04,736897.9,8.78,2020-07-15,2021-04-20,2021-04-20,0,In Progress,91
PRJ-12336,Hospital Project 2336,Hospital,Neom,Nesma & Partners,Ministry of Housing,8649136.97,9954567.83,1305430.86,15.09,2018-06-14,2019-11-14,2019-11-14,0,Completed,82
PRJ-12337,Metro Rail Project 2337,Metro Rail,Dammam,Saudi Binladin Group,Royal Commission,77034825.29,81510724.85,4475899.56,5.81,2022-01-25,2023-12-02,2023-12-02,0,Delayed,69
PRJ-12338,Commercial Complex Project 2338,Commercial Complex,Tabuk,Al Arrab,Ministry of Transport,84458378.9,85146904.09,688525.19,0.82,2018-11-07,2019-03-20,2019-03-25,5,Cancelled,215
PRJ-12339,Bridge Project 2339,Bridge,Abha,Al Rashid Trading,Ministry of Education,48163189.77,51922274.94,3759085.17,7.8,2022-01-14,2024-02-27,2024-02-27,0,In Progress,433
PRJ-12340,Metro Rail Project 2340,Metro Rail,Mecca,Nesma & Partners,Ministry of Housing,31912607.5,51892883.92,19980276.42,62.61,2020-02-12,2021-07-27,2021-07-30,3,Cancelled,273
PRJ-12341,Residential Building Project 2341,Residential Building,Qassim,Al Fouzan,Aramco,3786281.31,4319424.63,533143.32,14.08,2019-02-24,2019-12-10,2019-12-10,0,Cancelled,399
PRJ-12342,Residential Building Project 2342,Residential Building,Riyadh,SADEEM Construction,Ministry of Transport,118311254.86,113401490.74,-4909764.12,-4.15,2022-10-19,2025-01-07,2025-01-17,10,Completed,100
PRJ-12343,Highway Project 2343,Highway,Jeddah,Nesma & Partners,Aramco,22271482.68,30383764.97,8112282.29,36.42,2022-03-15,2023-06-29,2023-08-03,35,Completed,374
PRJ-12344,Hospital Project 2344,Hospital,Qassim,Nesma & Partners,Ministry of Health,117520478.3,164944914.3,47424436.0,40.35,2020-05-04,2022-02-09,2022-05-03,83,Delayed,467
PRJ-12345,Residential Building Project 2345,Residential Building,Jeddah,AECOM Arabia,Aramco,23799804.71,36265071.06,12465266.35,52.38,2019-11-01,2021-07-26,2021-08-03,8,On Hold,168
PRJ-12346,Industrial Plant Project 2346,Industrial Plant,Dammam,Saudi Binladin Group,Ministry of Housing,31791258.34,44909095.9,13117837.56,41.26,2020-03-06,2022-08-26,2022-08-28,2,On Hold,236
PRJ-12347,Airport Terminal Project 2347,Airport Terminal,Jazan,Al Rashid Trading,Royal Commission,60677690.15,71357692.71,10680002.56,17.6,2019-11-02,2021-07-17,2021-07-17,0,On Hold,154
PRJ-12348,School Project 2348,School,Mecca,El Seif Engineering,Ministry of Health,97713133.13,157150591.12,59437457.99,60.83,2018-09-22,2020-12-31,2021-01-02,2,Completed,322
PRJ-12349,Highway Project 2349,Highway,Abha,Nesma & Partners,NEOM Co.,39154310.91,45881347.72,6727036.81,17.18,2019-01-31,2019-07-16,2019-07-28,12,Completed,33
PRJ-12350,Industrial Plant Project 2350,Industrial Plant,Dammam,AECOM Arabia,Private Developer,8158032.31,8557405.74,399373.43,4.9,2019-03-21,2020-12-14,2020-12-14,0,On Hold,490
PRJ-12351,Airport Terminal Project 2351,Airport Terminal,Neom,El Seif Engineering,Aramco,18936114.42,21408561.8,2472447.38,13.06,2022-11-02,2024-05-27,2024-06-11,15,On Hold,311
PRJ-12352,Metro Rail Project 2352,Metro Rail,Neom,AECOM Arabia,Private Developer,116039592.47,112875228.28,-3164364.19,-2.73,2021-11-15,2023-09-25,2023-11-12,48,Cancelled,367
PRJ-12353,Bridge Project 2353,Bridge,Jeddah,Al Bawani,Ministry of Housing,55299402.51,55963324.28,663921.77,1.2,2019-03-26,2019-08-21,2019-08-21,0,Completed,387
PRJ-12354,Highway Project 2354,Highway,Riyadh,Saudi Binladin Group,Ministry of Housing,23135861.37,32755351.41,9619490.04,41.58,2023-04-02,2024-06-21,2024-08-08,48,Delayed,109
PRJ-12355,Airport Terminal Project 2355,Airport Terminal,Abha,Al Rashid Trading,Aramco,28962077.05,27069232.12,-1892844.93,-6.54,2019-10-21,2020-01-22,2020-02-04,13,In Progress,148
PRJ-12356,Bridge Project 2356,Bridge,Qassim,Al Rashid Trading,Ministry of Housing,94416886.27,154725420.74,60308534.47,63.87,2019-12-29,2022-11-10,2022-11-13,3,On Hold,441
PRJ-12357,Metro Rail Project 2357,Metro Rail,Dammam,AECOM Arabia,Ministry of Housing,117211970.17,153881869.34,36669899.17,31.29,2020-07-12,2020-12-10,2020-12-24,14,In Progress,431
PRJ-12358,Dam Project 2358,Dam,Abha,Al Rashid Trading,Ministry of Transport,136745601.52,135323281.68,-1422319.84,-1.04,2022-09-25,2023-06-23,2023-07-17,24,Cancelled,322
PRJ-12359,School Project 2359,School,Medina,Al Rashid Trading,Ministry of Education,57116151.66,65851693.49,8735541.83,15.29,2023-01-18,2024-06-08,2024-06-08,0,Completed,462
PRJ-12360,Airport Terminal Project 2360,Airport Terminal,Abha,Nesma & Partners,Ministry of Health,96809845.89,149421852.56,52612006.67,54.35,2018-08-03,2020-02-09,2020-03-11,31,Completed,10
PRJ-12361,Commercial Complex Project 2361,Commercial Complex,Medina,Nesma & Partners,NEOM Co.,134148972.09,124205763.7,-9943208.39,-7.41,2023-01-18,2023-11-09,2024-01-23,75,Completed,354
PRJ-12362,Airport Terminal Project 2362,Airport Terminal,Qassim,Al Rashid Trading,Royal Commission,81846837.29,119131466.36,37284629.07,45.55,2019-01-18,2021-10-23,2021-12-02,40,Completed,280
PRJ-12363,Dam Project 2363,Dam,Tabuk,Saudi Binladin Group,Ministry of Health,91204072.19,135705862.78,44501790.59,48.79,2023-01-09,2025-12-09,2025-12-14,5,Completed,226
PRJ-12364,Hospital Project 2364,Hospital,Neom,Nesma & Partners,Ministry of Housing,108156644.36,100135826.73,-8020817.63,-7.42,2023-01-15,2025-01-24,2025-01-24,0,Delayed,136
PRJ-12365,Commercial Complex Project 2365,Commercial Complex,Neom,Nesma & Partners,Ministry of Education,69839568.79,66500763.88,-3338804.91,-4.78,2020-06-29,2022-06-10,2022-06-10,0,Cancelled,365
PRJ-12366,Commercial Complex Project 2366,Commercial Complex,Tabuk,AECOM Arabia,Ministry of Health,50952818.33,51976917.01,1024098.68,2.01,2022-10-14,2024-08-27,2024-08-27,0,Delayed,189
PRJ-12367,Dam Project 2367,Dam,Dammam,Saudi Binladin Group,NEOM Co.,82706599.71,114200634.06,31494034.35,38.08,2020-03-11,2022-05-28,2022-06-25,28,On Hold,283
PRJ-12368,School Project 2368,School,Dammam,AECOM Arabia,Royal Commission,125525551.31,118795556.36,-6729994.95,-5.36,2022-08-26,2024-07-04,2024-07-11,7,In Progress,167
PRJ-12369,Metro Rail Project 2369,Metro Rail,Qassim,AECOM Arabia,NEOM Co.,127804807.2,208297305.53,80492498.33,62.98,2019-10-30,2021-01-13,2021-01-18,5,On Hold,331
PRJ-12370,Residential Building Project 2370,Residential Building,Jazan,SADEEM Construction,NEOM Co.,126459465.3,206778568.41,80319103.11,63.51,2022-10-31,2024-09-13,2024-10-03,20,On Hold,83
PRJ-12371,Metro Rail Project 2371,Metro Rail,Abha,Al Arrab,Private Developer,15057821.0,20487363.05,5429542.05,36.06,2022-04-15,2022-09-16,2022-09-26,10,On Hold,21
PRJ-12372,Airport Terminal Project 2372,Airport Terminal,Riyadh,Al Bawani,Ministry of Education,52826026.84,62256094.16,9430067.32,17.85,2021-11-05,2022-12-14,2022-12-14,0,Delayed,361
PRJ-12373,Metro Rail Project 2373,Metro Rail,Neom,SADEEM Construction,Ministry of Health,10311100.18,10979502.29,668402.11,6.48,2018-06-04,2019-06-11,2019-06-11,0,Cancelled,420
PRJ-12374,Airport Terminal Project 2374,Airport Terminal,Mecca,El Seif Engineering,Ministry of Health,88834506.98,93678917.25,4844410.27,5.45,2019-05-12,2020-11-25,2020-12-26,31,Delayed,115
PRJ-12375,School Project 2375,School,Neom,Al Bawani,Aramco,55002680.91,63423820.11,8421139.2,15.31,2019-08-23,2020-12-14,2020-12-14,0,Delayed,158
PRJ-12376,Hospital Project 2376,Hospital,Riyadh,AECOM Arabia,NEOM Co.,29643943.96,38540813.03,8896869.07,30.01,2021-08-03,2023-09-10,2023-11-01,52,Completed,177
PRJ-12377,Highway Project 2377,Highway,Jeddah,Saudi Binladin Group,NEOM Co.,114447032.92,162616174.57,48169141.65,42.09,2018-10-13,2020-02-23,2020-08-03,162,Delayed,293
PRJ-12378,Metro Rail Project 2378,Metro Rail,Riyadh,Saudi Binladin Group,NEOM Co.,31522968.56,33749871.51,2226902.95,7.06,2020-12-30,2022-01-01,2022-01-01,0,Completed,404
PRJ-12379,Bridge Project 2379,Bridge,Riyadh,Al Bawani,Ministry of Transport,130224611.34,134083800.9,3859189.56,2.96,2021-09-25,2024-06-06,2024-06-06,0,Delayed,351
PRJ-12380,Airport Terminal Project 2380,Airport Terminal,Qassim,Al Rashid Trading,Ministry of Education,145005320.15,150176866.75,5171546.6,3.57,2022-09-03,2023-08-27,2023-08-27,0,Cancelled,187
PRJ-12381,School Project 2381,School,Medina,Saudi Binladin Group,NEOM Co.,21846452.68,35202542.05,13356089.37,61.14,2023-05-21,2026-03-23,2026-04-06,14,Completed,34
PRJ-12382,Residential Building Project 2382,Residential Building,Medina,Saudi Binladin Group,Royal Commission,48298266.98,56046731.29,7748464.31,16.04,2020-03-10,2022-06-15,2022-06-15,0,Cancelled,464
PRJ-12383,Metro Rail Project 2383,Metro Rail,Tabuk,Al Rashid Trading,Ministry of Housing,132246976.91,132915611.98,668635.07,0.51,2023-06-06,2026-03-25,2026-03-25,0,Completed,295
PRJ-12384,Industrial Plant Project 2384,Industrial Plant,Neom,Al Rashid Trading,Ministry of Education,12947019.88,14466577.59,1519557.71,11.74,2021-01-13,2024-01-10,2024-01-10,0,Delayed,231
PRJ-12385,Dam Project 2385,Dam,Neom,Saudi Binladin Group,Ministry of Education,47071088.7,53419899.9,6348811.2,13.49,2022-01-16,2024-11-06,2024-11-06,0,Cancelled,251
PRJ-12386,Highway Project 2386,Highway,Abha,Saudi Binladin Group,Ministry of Housing,66676899.81,69716034.42,3039134.61,4.56,2021-07-16,2022-02-06,2022-02-06,0,Completed,34
PRJ-12387,Bridge Project 2387,Bridge,Mecca,SADEEM Construction,Private Developer,116797456.31,140682755.27,23885298.96,20.45,2023-06-08,2026-05-05,2026-05-19,14,Completed,211
PRJ-12388,Dam Project 2388,Dam,Mecca,Al Fouzan,Ministry of Health,56740475.08,57319350.18,578875.1,1.02,2023-01-23,2024-11-15,2024-11-15,0,Delayed,94
PRJ-12389,Industrial Plant Project 2389,Industrial Plant,Riyadh,Al Arrab,NEOM Co.,79129013.25,90160756.9,11031743.65,13.94,2022-05-13,2024-10-25,2024-12-13,49,Delayed,322
PRJ-12390,Metro Rail Project 2390,Metro Rail,Abha,SSEM,NEOM Co.,78876080.72,84046530.62,5170449.9,6.56,2023-03-25,2024-05-10,2024-06-12,33,In Progress,73
PRJ-12391,Metro Rail Project 2391,Metro Rail,Riyadh,Al Fouzan,Ministry of Transport,41989659.33,59995986.63,18006327.3,42.88,2023-03-24,2024-01-28,2024-04-18,81,On Hold,416
PRJ-12392,Residential Building Project 2392,Residential Building,Mecca,SSEM,Private Developer,86789408.1,75805301.94,-10984106.16,-12.66,2023-01-19,2024-08-22,2024-09-22,31,Delayed,200
PRJ-12393,Metro Rail Project 2393,Metro Rail,Medina,AECOM Arabia,Ministry of Health,92906393.35,119533341.88,26626948.53,28.66,2018-12-16,2020-02-13,2020-03-05,21,In Progress,283
PRJ-12394,Bridge Project 2394,Bridge,Tabuk,Saudi Binladin Group,Ministry of Education,54233862.11,50136069.14,-4097792.97,-7.56,2018-06-17,2021-01-12,2021-01-12,0,Delayed,121
PRJ-12395,Commercial Complex Project 2395,Commercial Complex,Dammam,AECOM Arabia,Ministry of Housing,29404215.43,34607575.1,5203359.67,17.7,2022-02-26,2022-05-30,2022-08-28,90,In Progress,494
PRJ-12396,Commercial Complex Project 2396,Commercial Complex,Jeddah,SSEM,Ministry of Transport,70269131.8,61840559.1,-8428572.7,-11.99,2022-05-14,2025-03-14,2025-03-15,1,On Hold,263
PRJ-12397,Highway Project 2397,Highway,Abha,SADEEM Construction,Ministry of Transport,107718626.33,135398520.24,27679893.91,25.7,2019-12-11,2021-12-02,2021-12-25,23,Delayed,293
PRJ-12398,Hospital Project 2398,Hospital,Dammam,Nesma & Partners,Private Developer,36847117.3,41394980.84,4547863.54,12.34,2021-10-27,2022-07-18,2022-07-18,0,Delayed,61
PRJ-12399,School Project 2399,School,Jeddah,Al Bawani,Royal Commission,25651368.58,31257981.47,5606612.89,21.86,2020-01-25,2021-09-06,2021-09-12,6,Completed,182
PRJ-12400,Residential Building Project 2400,Residential Building,Qassim,Saudi Binladin Group,Royal Commission,43298839.39,59154446.39,15855607.0,36.62,2021-05-12,2022-06-21,2022-06-29,8,Delayed,147
PRJ-12401,Dam Project 2401,Dam,Medina,Al Fouzan,Ministry of Transport,97820275.91,115835528.34,18015252.43,18.42,2022-05-01,2023-07-30,2023-09-20,52,Cancelled,384
PRJ-12402,Industrial Plant Project 2402,Industrial Plant,Jeddah,SSEM,Aramco,11426221.11,18670495.23,7244274.12,63.4,2021-04-04,2022-07-02,2022-07-11,9,Cancelled,245
PRJ-12403,Bridge Project 2403,Bridge,Mecca,SADEEM Construction,Ministry of Transport,89640657.0,76722207.0,-12918450.0,-14.41,2019-11-14,2020-03-20,2020-04-26,37,Completed,123
PRJ-12404,Bridge Project 2404,Bridge,Jeddah,Al Bawani,Ministry of Transport,77971756.96,68616933.71,-9354823.25,-12.0,2018-06-20,2019-11-23,2020-03-13,111,In Progress,432
PRJ-12405,Airport Terminal Project 2405,Airport Terminal,Neom,Nesma & Partners,Ministry of Health,85599916.71,139077206.73,53477290.02,62.47,2018-03-18,2021-01-29,2021-04-15,76,In Progress,425
PRJ-12406,Airport Terminal Project 2406,Airport Terminal,Jeddah,Al Fouzan,NEOM Co.,81312624.97,130589187.68,49276562.71,60.6,2021-01-17,2022-08-21,2023-06-06,289,Cancelled,232
PRJ-12407,Highway Project 2407,Highway,Tabuk,El Seif Engineering,Royal Commission,101204669.88,123730852.07,22526182.19,22.26,2018-09-08,2019-06-10,2019-06-12,2,Delayed,435
PRJ-12408,Bridge Project 2408,Bridge,Tabuk,Al Rashid Trading,Ministry of Education,36416630.26,44641087.94,8224457.68,22.58,2022-07-09,2025-01-15,2025-07-25,191,Cancelled,452
PRJ-12409,Commercial Complex Project 2409,Commercial Complex,Tabuk,Al Arrab,Ministry of Education,68592103.01,77880598.14,9288495.13,13.54,2019-08-23,2020-05-31,2020-06-26,26,Completed,386
PRJ-12410,Dam Project 2410,Dam,Jazan,Al Arrab,NEOM Co.,25058432.19,37942533.51,12884101.32,51.42,2022-07-15,2024-06-10,2024-07-01,21,Delayed,124
PRJ-12411,Bridge Project 2411,Bridge,Abha,Nesma & Partners,Private Developer,99769828.1,159473930.82,59704102.72,59.84,2020-02-10,2022-11-05,2022-11-17,12,Delayed,36
PRJ-12412,Metro Rail Project 2412,Metro Rail,Neom,AECOM Arabia,Ministry of Housing,136875031.9,120660003.69,-16215028.21,-11.85,2018-03-17,2020-05-21,2020-05-28,7,Cancelled,184
PRJ-12413,Dam Project 2413,Dam,Medina,AECOM Arabia,Ministry of Housing,111325651.9,180825327.12,69499675.22,62.43,2023-01-30,2024-10-25,2024-12-16,52,Delayed,93
PRJ-12414,Commercial Complex Project 2414,Commercial Complex,Jeddah,Al Bawani,Ministry of Health,133530540.92,170123500.24,36592959.32,27.4,2020-12-05,2023-01-13,2023-02-09,27,Delayed,209
PRJ-12415,Industrial Plant Project 2415,Industrial Plant,Qassim,Al Bawani,Private Developer,4662237.16,4541004.7,-121232.46,-2.6,2022-03-19,2024-03-12,2024-03-12,0,Cancelled,380
PRJ-12416,Dam Project 2416,Dam,Neom,Al Fouzan,Ministry of Education,69212405.38,75341244.86,6128839.48,8.86,2021-02-23,2021-11-14,2021-11-14,0,On Hold,178
PRJ-12417,Metro Rail Project 2417,Metro Rail,Tabuk,Al Bawani,NEOM Co.,83809149.08,94100141.28,10290992.2,12.28,2020-11-27,2023-10-21,2023-10-21,0,Completed,101
PRJ-12418,Highway Project 2418,Highway,Jeddah,SSEM,Ministry of Education,42325156.17,38960890.12,-3364266.05,-7.95,2021-01-08,2023-04-26,2023-05-20,24,Completed,429
PRJ-12419,Highway Project 2419,Highway,Mecca,Al Bawani,Ministry of Transport,62342995.78,70138878.29,7795882.51,12.5,2021-05-31,2023-06-14,2023-06-14,0,Completed,246
PRJ-12420,Residential Building Project 2420,Residential Building,Tabuk,AECOM Arabia,Private Developer,104163427.59,111695787.2,7532359.61,7.23,2023-06-01,2026-03-24,2026-08-11,140,Completed,414
PRJ-12421,Industrial Plant Project 2421,Industrial Plant,Medina,Al Arrab,Ministry of Education,74979300.23,90161295.73,15181995.5,20.25,2022-11-25,2025-04-11,2025-04-22,11,Cancelled,63
PRJ-12422,Commercial Complex Project 2422,Commercial Complex,Dammam,Al Rashid Trading,Ministry of Housing,128614044.42,200117402.22,71503357.8,55.6,2020-12-17,2021-10-17,2021-11-20,34,Cancelled,68
PRJ-12423,Commercial Complex Project 2423,Commercial Complex,Neom,Al Rashid Trading,Ministry of Education,30924910.7,27764688.49,-3160222.21,-10.22,2021-01-08,2023-08-10,2023-10-10,61,Delayed,305
PRJ-12424,Residential Building Project 2424,Residential Building,Riyadh,AECOM Arabia,NEOM Co.,133345592.43,146902853.04,13557260.61,10.17,2018-08-04,2021-03-04,2021-03-15,11,Delayed,171
PRJ-12425,Highway Project 2425,Highway,Qassim,Al Arrab,Ministry of Health,77057242.22,68444176.04,-8613066.18,-11.18,2019-03-02,2021-01-19,2021-04-13,84,Completed,331
PRJ-12426,Hospital Project 2426,Hospital,Qassim,Al Bawani,Ministry of Housing,53158530.77,62027690.45,8869159.68,16.68,2022-01-18,2024-05-29,2024-07-26,58,Delayed,109
PRJ-12427,Highway Project 2427,Highway,Abha,Saudi Binladin Group,Aramco,30273956.19,35070622.39,4796666.2,15.84,2021-03-24,2021-10-24,2021-11-09,16,Completed,137
PRJ-12428,Airport Terminal Project 2428,Airport Terminal,Dammam,AECOM Arabia,Ministry of Education,137354722.12,172255519.24,34900797.12,25.41,2018-10-03,2019-11-11,2019-12-24,43,Completed,134
PRJ-12429,School Project 2429,School,Riyadh,AECOM Arabia,Ministry of Housing,148261399.72,132929727.61,-15331672.11,-10.34,2020-12-23,2023-02-27,2023-03-17,18,Completed,448
PRJ-12430,Airport Terminal Project 2430,Airport Terminal,Jeddah,Saudi Binladin Group,Private Developer,39710011.11,40933919.08,1223907.97,3.08,2018-05-05,2019-07-04,2019-07-04,0,On Hold,115
PRJ-12431,School Project 2431,School,Jeddah,Al Fouzan,Ministry of Education,23956942.31,28371477.0,4414534.69,18.43,2020-02-16,2020-12-12,2020-12-12,0,On Hold,50
PRJ-12432,Bridge Project 2432,Bridge,Tabuk,Al Bawani,Ministry of Health,115143910.22,152294359.02,37150448.8,32.26,2019-05-18,2021-03-19,2021-03-28,9,Cancelled,40
PRJ-12433,Residential Building Project 2433,Residential Building,Tabuk,Al Bawani,Royal Commission,108356648.99,128119133.24,19762484.25,18.24,2022-11-25,2025-11-17,2025-11-17,0,On Hold,56
PRJ-12434,Hospital Project 2434,Hospital,Mecca,SSEM,Ministry of Transport,132304484.7,194450824.54,62146339.84,46.97,2021-08-25,2022-02-19,2022-03-12,21,On Hold,132
PRJ-12435,Metro Rail Project 2435,Metro Rail,Jazan,AECOM Arabia,NEOM Co.,84540640.7,90104358.92,5563718.22,6.58,2019-12-12,2021-03-11,2021-03-11,0,On Hold,158
PRJ-12436,Bridge Project 2436,Bridge,Abha,AECOM Arabia,Ministry of Housing,17653922.77,16556577.83,-1097344.94,-6.22,2018-10-02,2020-11-05,2020-11-05,0,On Hold,258
PRJ-12437,Highway Project 2437,Highway,Jazan,Saudi Binladin Group,NEOM Co.,79665275.45,69056212.64,-10609062.81,-13.32,2021-05-02,2023-02-08,2023-02-17,9,On Hold,219
PRJ-12438,Residential Building Project 2438,Residential Building,Tabuk,Al Rashid Trading,Private Developer,108564460.98,117095787.7,8531326.72,7.86,2020-12-03,2021-08-31,2021-08-31,0,Delayed,45
PRJ-12439,School Project 2439,School,Jeddah,Saudi Binladin Group,Aramco,81109472.22,100362469.13,19252996.91,23.74,2021-11-27,2023-11-25,2024-03-08,104,In Progress,181
PRJ-12440,Airport Terminal Project 2440,Airport Terminal,Mecca,Al Arrab,Private Developer,10008414.74,15241583.98,5233169.24,52.29,2023-06-21,2023-11-01,2023-11-25,24,In Progress,352
PRJ-12441,Airport Terminal Project 2441,Airport Terminal,Qassim,Saudi Binladin Group,NEOM Co.,149528968.0,165414775.13,15885807.13,10.62,2019-03-15,2020-10-27,2020-11-12,16,On Hold,116
PRJ-12442,School Project 2442,School,Dammam,Al Bawani,Aramco,136044667.89,182618625.59,46573957.7,34.23,2021-07-21,2022-07-15,2022-07-21,6,Completed,280
PRJ-12443,Metro Rail Project 2443,Metro Rail,Medina,AECOM Arabia,Royal Commission,61154306.42,55792584.84,-5361721.58,-8.77,2019-03-09,2021-08-28,2021-08-28,0,Cancelled,418
PRJ-12444,Residential Building Project 2444,Residential Building,Abha,SSEM,Ministry of Health,52419626.91,51348618.28,-1071008.63,-2.04,2021-11-24,2022-11-15,2022-11-15,0,Cancelled,330
PRJ-12445,Residential Building Project 2445,Residential Building,Neom,Nesma & Partners,NEOM Co.,103070627.51,122101294.35,19030666.84,18.46,2021-01-03,2022-09-02,2022-09-02,0,Cancelled,270
PRJ-12446,Dam Project 2446,Dam,Mecca,Al Fouzan,Royal Commission,40573054.51,46392844.59,5819790.08,14.34,2022-10-19,2023-05-11,2023-05-11,0,Delayed,285
PRJ-12447,Dam Project 2447,Dam,Dammam,SSEM,Aramco,8776292.63,11238014.7,2461722.07,28.05,2019-06-29,2021-01-03,2021-06-20,168,Cancelled,296
PRJ-12448,Commercial Complex Project 2448,Commercial Complex,Jeddah,Al Arrab,Private Developer,11047234.52,17644934.54,6597700.02,59.72,2022-01-16,2024-06-18,2024-11-03,138,In Progress,312
PRJ-12449,Airport Terminal Project 2449,Airport Terminal,Qassim,El Seif Engineering,Ministry of Education,115069516.44,173653375.56,58583859.12,50.91,2021-01-28,2021-11-24,2021-12-26,32,Delayed,272
PRJ-12450,Bridge Project 2450,Bridge,Medina,Al Rashid Trading,Ministry of Health,97304209.44,138285468.98,40981259.54,42.12,2022-04-08,2023-04-23,2023-12-07,228,Completed,129
PRJ-12451,Residential Building Project 2451,Residential Building,Neom,Saudi Binladin Group,Aramco,138736462.13,130918874.81,-7817587.32,-5.63,2023-05-03,2026-03-22,2026-04-12,21,On Hold,21
PRJ-12452,Highway Project 2452,Highway,Qassim,Nesma & Partners,Ministry of Health,79462569.35,105208027.29,25745457.94,32.4,2019-12-16,2020-07-29,2020-08-02,4,Completed,483
PRJ-12453,Industrial Plant Project 2453,Industrial Plant,Jeddah,Nesma & Partners,Ministry of Transport,72632712.55,62321597.26,-10311115.29,-14.2,2018-06-24,2021-03-25,2021-04-23,29,Delayed,240
PRJ-12454,Dam Project 2454,Dam,Dammam,Saudi Binladin Group,Private Developer,29628653.5,47714068.02,18085414.52,61.04,2019-07-27,2021-12-09,2022-08-22,256,On Hold,363
PRJ-12455,Metro Rail Project 2455,Metro Rail,Mecca,El Seif Engineering,Ministry of Transport,57849551.53,82247997.38,24398445.85,42.18,2019-07-09,2020-03-18,2020-04-03,16,Cancelled,339
PRJ-12456,Commercial Complex Project 2456,Commercial Complex,Riyadh,AECOM Arabia,Ministry of Education,90767017.21,106982827.71,16215810.5,17.87,2021-06-15,2023-09-14,2023-09-24,10,In Progress,83
PRJ-12457,Industrial Plant Project 2457,Industrial Plant,Qassim,SSEM,Ministry of Housing,33046119.93,39318486.24,6272366.31,18.98,2022-02-04,2023-12-27,2023-12-27,0,On Hold,140
PRJ-12458,Metro Rail Project 2458,Metro Rail,Abha,Al Rashid Trading,NEOM Co.,20029840.04,17439404.42,-2590435.62,-12.93,2020-02-04,2020-11-01,2020-11-14,13,Delayed,416
PRJ-12459,Highway Project 2459,Highway,Dammam,SADEEM Construction,Ministry of Housing,33656034.04,38170699.6,4514665.56,13.41,2022-09-01,2023-08-28,2023-08-28,0,In Progress,98
PRJ-12460,School Project 2460,School,Jeddah,El Seif Engineering,Ministry of Housing,30575697.23,37594732.07,7019034.84,22.96,2019-01-30,2019-06-05,2019-06-07,2,Completed,362
PRJ-12461,School Project 2461,School,Medina,Saudi Binladin Group,Ministry of Education,1990400.59,2977839.71,987439.12,49.61,2018-11-02,2019-02-12,2019-02-14,2,In Progress,38
PRJ-12462,Highway Project 2462,Highway,Riyadh,Saudi Binladin Group,Royal Commission,115835265.06,177646392.91,61811127.85,53.36,2022-06-11,2024-11-15,2025-01-28,74,On Hold,379
PRJ-12463,Highway Project 2463,Highway,Jeddah,AECOM Arabia,Royal Commission,102634746.7,93982622.9,-8652123.8,-8.43,2020-04-18,2021-02-03,2021-02-03,0,Completed,183
PRJ-12464,Dam Project 2464,Dam,Jazan,AECOM Arabia,Royal Commission,117535868.39,175042139.27,57506270.88,48.93,2018-05-03,2018-08-31,2018-10-26,56,Delayed,499
PRJ-12465,Metro Rail Project 2465,Metro Rail,Riyadh,Saudi Binladin Group,Ministry of Education,76517615.78,116786080.84,40268465.06,52.63,2021-06-14,2022-04-21,2022-04-28,7,Completed,345
PRJ-12466,Dam Project 2466,Dam,Dammam,Nesma & Partners,Aramco,109210840.06,106431869.56,-2778970.5,-2.54,2019-02-23,2019-09-12,2020-01-08,118,Completed,390
PRJ-12467,Airport Terminal Project 2467,Airport Terminal,Jazan,El Seif Engineering,Ministry of Health,34236855.17,50808582.29,16571727.12,48.4,2018-10-19,2020-06-07,2021-03-11,277,Delayed,171
PRJ-12468,Industrial Plant Project 2468,Industrial Plant,Abha,El Seif Engineering,Ministry of Education,28442640.82,46897609.78,18454968.96,64.88,2021-03-12,2021-10-01,2021-10-03,2,Completed,252
PRJ-12469,Residential Building Project 2469,Residential Building,Jazan,SADEEM Construction,Private Developer,4210173.11,4809253.26,599080.15,14.23,2020-04-13,2021-03-19,2021-05-12,54,In Progress,398
PRJ-12470,Industrial Plant Project 2470,Industrial Plant,Mecca,Nesma & Partners,NEOM Co.,126321511.23,198489620.13,72168108.9,57.13,2018-10-23,2020-01-25,2020-02-18,24,In Progress,185
PRJ-12471,Highway Project 2471,Highway,Medina,AECOM Arabia,Private Developer,138965851.47,128213181.5,-10752669.97,-7.74,2018-06-18,2020-10-28,2020-10-28,0,Completed,308
PRJ-12472,Industrial Plant Project 2472,Industrial Plant,Mecca,SSEM,Ministry of Education,37928630.07,59192093.59,21263463.52,56.06,2019-01-05,2021-09-25,2022-06-17,265,In Progress,225
PRJ-12473,Hospital Project 2473,Hospital,Tabuk,El Seif Engineering,Ministry of Transport,69261321.72,69316722.62,55400.9,0.08,2018-09-25,2021-07-26,2022-02-18,207,Cancelled,428
PRJ-12474,Industrial Plant Project 2474,Industrial Plant,Qassim,Saudi Binladin Group,NEOM Co.,120842541.67,128682702.61,7840160.94,6.49,2023-04-26,2024-04-26,2024-08-06,102,Cancelled,286
PRJ-12475,Hospital Project 2475,Hospital,Jeddah,Al Arrab,Ministry of Housing,74476479.76,96619031.7,22142551.94,29.73,2018-08-05,2019-03-17,2019-03-19,2,Delayed,499
PRJ-12476,Airport Terminal Project 2476,Airport Terminal,Neom,El Seif Engineering,NEOM Co.,75666124.56,91075755.59,15409631.03,20.37,2020-05-30,2022-11-30,2022-12-04,4,Delayed,385
PRJ-12477,Metro Rail Project 2477,Metro Rail,Qassim,Al Arrab,Private Developer,50448645.49,66517723.02,16069077.53,31.85,2021-02-12,2022-09-15,2022-10-07,22,Cancelled,355
PRJ-12478,School Project 2478,School,Dammam,Al Rashid Trading,Ministry of Education,1770089.0,1997194.6,227105.6,12.83,2018-05-01,2019-08-22,2019-08-22,0,Delayed,169
PRJ-12479,Dam Project 2479,Dam,Mecca,Saudi Binladin Group,Ministry of Transport,107095636.63,108154375.08,1058738.45,0.99,2022-08-09,2024-01-29,2024-01-29,0,Cancelled,66
PRJ-12480,Metro Rail Project 2480,Metro Rail,Riyadh,SSEM,Private Developer,8413922.37,13581249.73,5167327.36,61.41,2022-09-30,2024-09-23,2024-11-04,42,Delayed,32
PRJ-12481,Residential Building Project 2481,Residential Building,Abha,AECOM Arabia,Ministry of Transport,36402663.61,36295544.55,-107119.06,-0.29,2021-05-30,2022-10-04,2022-10-04,0,In Progress,412
PRJ-12482,Hospital Project 2482,Hospital,Medina,SADEEM Construction,Private Developer,27980026.98,27248996.05,-731030.93,-2.61,2020-06-14,2022-02-16,2022-03-13,25,Completed,268
PRJ-12483,Highway Project 2483,Highway,Jeddah,Al Rashid Trading,Ministry of Health,53750994.55,69773778.29,16022783.74,29.81,2019-07-16,2020-09-04,2020-10-09,35,Completed,96
PRJ-12484,Commercial Complex Project 2484,Commercial Complex,Dammam,Al Rashid Trading,Ministry of Education,58276153.37,59795697.11,1519543.74,2.61,2023-04-07,2025-06-07,2025-06-07,0,Delayed,472
PRJ-12485,Hospital Project 2485,Hospital,Riyadh,Al Rashid Trading,Ministry of Transport,84535576.95,78073082.36,-6462494.59,-7.64,2018-05-05,2018-08-05,2018-08-05,0,On Hold,137
PRJ-12486,Industrial Plant Project 2486,Industrial Plant,Abha,SSEM,Ministry of Transport,132248081.13,187189604.43,54941523.3,41.54,2018-08-16,2020-07-13,2021-01-24,195,Cancelled,403
PRJ-12487,Metro Rail Project 2487,Metro Rail,Jeddah,El Seif Engineering,Private Developer,138045705.53,147232217.01,9186511.48,6.65,2020-04-11,2020-11-08,2021-08-14,279,Completed,206
PRJ-12488,Metro Rail Project 2488,Metro Rail,Dammam,Al Rashid Trading,NEOM Co.,55888469.84,86927091.49,31038621.65,55.54,2020-10-09,2022-12-09,2023-01-03,25,Cancelled,354
PRJ-12489,Airport Terminal Project 2489,Airport Terminal,Neom,SSEM,Ministry of Housing,141314885.3,129910181.76,-11404703.54,-8.07,2018-01-19,2019-05-21,2019-06-30,40,Delayed,288
PRJ-12490,Commercial Complex Project 2490,Commercial Complex,Qassim,Al Arrab,Ministry of Education,100538546.25,123316639.68,22778093.43,22.66,2020-03-06,2021-02-23,2021-12-30,310,Cancelled,427
PRJ-12491,Metro Rail Project 2491,Metro Rail,Qassim,SADEEM Construction,Ministry of Transport,7847684.36,11633492.73,3785808.37,48.24,2020-06-08,2021-05-19,2021-05-25,6,In Progress,497
PRJ-12492,Dam Project 2492,Dam,Jeddah,El Seif Engineering,Aramco,68366845.54,67717269.75,-649575.79,-0.95,2018-07-09,2019-08-28,2019-08-28,0,Delayed,365
PRJ-12493,Industrial Plant Project 2493,Industrial Plant,Tabuk,Al Bawani,NEOM Co.,57910851.56,66963467.42,9052615.86,15.63,2021-03-20,2023-08-04,2023-08-04,0,Completed,106
PRJ-12494,Industrial Plant Project 2494,Industrial Plant,Riyadh,El Seif Engineering,Royal Commission,112475353.1,110416448.93,-2058904.17,-1.83,2019-10-26,2020-08-19,2020-08-19,0,On Hold,25
PRJ-12495,Dam Project 2495,Dam,Tabuk,Al Arrab,Private Developer,18066525.11,17625692.26,-440832.85,-2.44,2021-04-06,2022-04-21,2022-04-21,0,On Hold,231
PRJ-12496,Dam Project 2496,Dam,Dammam,Saudi Binladin Group,Aramco,138153089.43,176391677.21,38238587.78,27.68,2021-02-01,2021-06-30,2021-07-26,26,Completed,424
PRJ-12497,Highway Project 2497,Highway,Qassim,El Seif Engineering,NEOM Co.,89660843.15,90540279.71,879436.56,0.98,2018-10-10,2021-08-07,2021-08-07,0,Cancelled,482
PRJ-12498,Industrial Plant Project 2498,Industrial Plant,Riyadh,Nesma & Partners,Ministry of Health,121162499.54,114304498.78,-6858000.76,-5.66,2018-03-10,2018-10-30,2018-11-21,22,Completed,264
PRJ-12499,Industrial Plant Project 2499,Industrial Plant,Tabuk,Nesma & Partners,Ministry of Education,19795236.16,21003888.62,1208652.46,6.11,2022-06-06,2023-04-24,2023-04-24,0,In Progress,220
PRJ-12500,Industrial Plant Project 2500,Industrial Plant,Dammam,Al Rashid Trading,Royal Commission,140517247.6,217188085.84,76670838.24,54.56,2018-02-05,2019-08-14,2019-08-25,11,Cancelled,58
PRJ-12501,Airport Terminal Project 2501,Airport Terminal,Dammam,Al Bawani,Royal Commission,114732290.19,100858012.49,-13874277.7,-12.09,2021-01-29,2021-08-16,2021-08-24,8,Completed,331
PRJ-12502,Highway Project 2502,Highway,Tabuk,Al Fouzan,Ministry of Housing,15726166.14,17590474.52,1864308.38,11.85,2021-09-25,2022-10-13,2022-10-13,0,Completed,41
PRJ-12503,Dam Project 2503,Dam,Neom,Nesma & Partners,Ministry of Transport,30350625.84,37979538.9,7628913.06,25.14,2019-06-26,2019-11-19,2020-02-21,94,In Progress,297
PRJ-12504,Bridge Project 2504,Bridge,Qassim,Nesma & Partners,Ministry of Education,108957491.18,128035198.72,19077707.54,17.51,2018-03-02,2018-08-27,2018-08-30,3,In Progress,112
PRJ-12505,Highway Project 2505,Highway,Neom,Al Arrab,Aramco,73018399.92,109869947.61,36851547.69,50.47,2018-07-03,2019-09-25,2019-10-18,23,Delayed,494
PRJ-12506,Airport Terminal Project 2506,Airport Terminal,Tabuk,Saudi Binladin Group,Ministry of Education,26165890.16,36744831.3,10578941.14,40.43,2020-05-29,2022-09-19,2022-11-07,49,Delayed,169
PRJ-12507,School Project 2507,School,Riyadh,SADEEM Construction,NEOM Co.,83602686.72,92787140.87,9184454.15,10.99,2018-10-23,2021-07-24,2021-07-24,0,In Progress,446
PRJ-12508,Industrial Plant Project 2508,Industrial Plant,Abha,Saudi Binladin Group,Aramco,62096651.97,85855588.11,23758936.14,38.26,2018-06-30,2020-06-25,2021-01-02,191,In Progress,384
PRJ-12509,Industrial Plant Project 2509,Industrial Plant,Jazan,Nesma & Partners,Private Developer,78938509.85,88442629.46,9504119.61,12.04,2019-12-18,2020-11-12,2020-12-12,30,On Hold,219
PRJ-12510,Airport Terminal Project 2510,Airport Terminal,Dammam,Nesma & Partners,Royal Commission,136076553.31,146447078.15,10370524.84,7.62,2018-07-27,2020-12-08,2020-12-08,0,On Hold,352
PRJ-12511,Highway Project 2511,Highway,Abha,SSEM,Ministry of Housing,13267671.4,13731259.72,463588.32,3.49,2020-03-13,2021-11-14,2021-11-14,0,On Hold,488
PRJ-12512,Hospital Project 2512,Hospital,Abha,Nesma & Partners,NEOM Co.,113575230.18,129275911.85,15700681.67,13.82,2018-06-06,2019-06-13,2019-06-13,0,On Hold,462
PRJ-12513,School Project 2513,School,Qassim,SSEM,Private Developer,74442259.39,79216595.07,4774335.68,6.41,2021-07-01,2023-12-17,2024-02-22,67,Completed,349
PRJ-12514,Highway Project 2514,Highway,Neom,Saudi Binladin Group,Ministry of Transport,61884505.24,96973352.23,35088846.99,56.7,2018-01-31,2019-05-06,2019-07-13,68,Completed,422
PRJ-12515,Airport Terminal Project 2515,Airport Terminal,Mecca,Al Bawani,Ministry of Education,103014058.94,94877865.74,-8136193.2,-7.9,2023-06-17,2024-07-19,2024-09-15,58,Delayed,425
PRJ-12516,Bridge Project 2516,Bridge,Mecca,Saudi Binladin Group,Private Developer,129816748.94,129321624.22,-495124.72,-0.38,2020-05-08,2022-08-19,2022-08-19,0,Cancelled,88
PRJ-12517,Commercial Complex Project 2517,Commercial Complex,Dammam,El Seif Engineering,Royal Commission,27160561.11,32168284.31,5007723.2,18.44,2021-07-28,2024-01-13,2024-01-21,8,Delayed,93
PRJ-12518,Hospital Project 2518,Hospital,Mecca,AECOM Arabia,NEOM Co.,38053204.69,36454315.15,-1598889.54,-4.2,2023-06-10,2023-09-25,2023-10-06,11,Delayed,339
PRJ-12519,Commercial Complex Project 2519,Commercial Complex,Jeddah,El Seif Engineering,Ministry of Education,44778426.45,53890073.5,9111647.05,20.35,2019-02-05,2021-07-06,2021-07-31,25,In Progress,247
PRJ-12520,Bridge Project 2520,Bridge,Riyadh,Al Arrab,Ministry of Transport,52334454.8,81893372.35,29558917.55,56.48,2019-04-07,2020-05-15,2020-06-25,41,Delayed,266
PRJ-12521,Airport Terminal Project 2521,Airport Terminal,Dammam,El Seif Engineering,Private Developer,113639988.82,164272710.2,50632721.38,44.56,2022-06-30,2024-05-20,2024-11-11,175,On Hold,142
PRJ-12522,Residential Building Project 2522,Residential Building,Tabuk,El Seif Engineering,Aramco,23221037.28,26158536.34,2937499.06,12.65,2019-01-08,2019-05-22,2019-05-26,4,Delayed,169
PRJ-12523,Bridge Project 2523,Bridge,Mecca,El Seif Engineering,NEOM Co.,121251504.17,109199435.32,-12052068.85,-9.94,2022-11-03,2023-10-12,2023-10-20,8,Completed,169
PRJ-12524,Metro Rail Project 2524,Metro Rail,Qassim,Al Arrab,Ministry of Housing,20190575.51,27399148.6,7208573.09,35.7,2023-04-22,2025-11-10,2026-01-07,58,Cancelled,207
PRJ-12525,Residential Building Project 2525,Residential Building,Riyadh,Al Rashid Trading,NEOM Co.,38353573.92,48788189.07,10434615.15,27.21,2021-12-02,2022-05-04,2022-05-28,24,Cancelled,433
PRJ-12526,Metro Rail Project 2526,Metro Rail,Neom,AECOM Arabia,Ministry of Housing,98487678.78,102087407.73,3599728.95,3.66,2018-07-03,2018-12-22,2019-02-23,63,In Progress,162
PRJ-12527,Dam Project 2527,Dam,Jeddah,Al Rashid Trading,Aramco,129728246.59,182307795.5,52579548.91,40.53,2021-11-13,2024-03-20,2024-03-31,11,On Hold,400
PRJ-12528,Airport Terminal Project 2528,Airport Terminal,Abha,Saudi Binladin Group,Aramco,2910634.63,2944971.79,34337.16,1.18,2021-07-14,2024-04-04,2024-04-04,0,In Progress,399
PRJ-12529,Hospital Project 2529,Hospital,Neom,Saudi Binladin Group,Private Developer,53080617.78,48207233.68,-4873384.1,-9.18,2021-04-06,2021-10-13,2021-11-05,23,On Hold,430
PRJ-12530,Airport Terminal Project 2530,Airport Terminal,Tabuk,Al Fouzan,Ministry of Housing,118624640.37,165081638.16,46456997.79,39.16,2018-09-04,2020-09-06,2020-09-13,7,Delayed,124
PRJ-12531,Hospital Project 2531,Hospital,Qassim,Nesma & Partners,Aramco,120580212.42,128847564.0,8267351.58,6.86,2020-08-25,2020-12-16,2020-12-16,0,On Hold,277
PRJ-12532,Residential Building Project 2532,Residential Building,Jazan,Nesma & Partners,Ministry of Education,111262039.4,126218309.73,14956270.33,13.44,2022-04-07,2024-03-10,2024-04-11,32,Completed,494
PRJ-12533,School Project 2533,School,Jeddah,Al Arrab,Ministry of Housing,121424351.59,158698025.38,37273673.79,30.7,2021-11-14,2023-08-31,2023-09-10,10,On Hold,437
PRJ-12534,Highway Project 2534,Highway,Dammam,Al Rashid Trading,Ministry of Health,111936962.0,122259126.65,10322164.65,9.22,2020-09-12,2021-08-25,2021-09-08,14,In Progress,258
PRJ-12535,Hospital Project 2535,Hospital,Medina,Saudi Binladin Group,Ministry of Education,69172228.52,110256202.81,41083974.29,59.39,2020-05-08,2023-01-22,2023-03-14,51,Completed,103
PRJ-12536,Industrial Plant Project 2536,Industrial Plant,Qassim,Saudi Binladin Group,Royal Commission,81989970.22,128938976.6,46949006.38,57.26,2019-12-22,2022-06-02,2022-07-04,32,Completed,17
PRJ-12537,Highway Project 2537,Highway,Mecca,SADEEM Construction,Ministry of Transport,15232754.29,21586640.84,6353886.55,41.71,2022-04-22,2024-10-15,2024-10-22,7,In Progress,93
PRJ-12538,Commercial Complex Project 2538,Commercial Complex,Abha,AECOM Arabia,Ministry of Housing,123649797.06,146164662.04,22514864.98,18.21,2020-02-27,2022-08-13,2022-10-10,58,Cancelled,190
PRJ-12539,Dam Project 2539,Dam,Mecca,Al Arrab,Ministry of Education,13856315.39,14290495.32,434179.93,3.13,2020-03-07,2020-06-25,2020-06-25,0,Delayed,43
PRJ-12540,School Project 2540,School,Neom,El Seif Engineering,Ministry of Transport,34994821.24,34552449.48,-442371.76,-1.26,2022-10-07,2024-08-18,2024-08-18,0,In Progress,55
PRJ-12541,Hospital Project 2541,Hospital,Riyadh,El Seif Engineering,Ministry of Health,115953999.75,106985900.09,-8968099.66,-7.73,2019-09-03,2022-06-05,2022-06-05,0,Completed,255
PRJ-12542,Residential Building Project 2542,Residential Building,Medina,Al Rashid Trading,Royal Commission,124223392.01,127739004.16,3515612.15,2.83,2023-04-12,2023-08-27,2023-08-27,0,Delayed,467
PRJ-12543,Highway Project 2543,Highway,Mecca,Al Rashid Trading,Aramco,89611557.7,83060564.76,-6550992.94,-7.31,2021-01-07,2023-01-01,2023-01-01,0,Delayed,287
PRJ-12544,Industrial Plant Project 2544,Industrial Plant,Qassim,El Seif Engineering,Ministry of Transport,50935182.21,82476028.66,31540846.45,61.92,2018-01-21,2018-05-15,2018-05-17,2,On Hold,317
PRJ-12545,Commercial Complex Project 2545,Commercial Complex,Riyadh,Al Fouzan,Ministry of Transport,121185616.57,124685704.23,3500087.66,2.89,2018-10-29,2019-03-15,2019-04-02,18,On Hold,253
PRJ-12546,Hospital Project 2546,Hospital,Qassim,Al Arrab,Private Developer,140051538.23,140524769.4,473231.17,0.34,2021-12-31,2023-05-18,2023-05-18,0,Cancelled,451
PRJ-12547,Hospital Project 2547,Hospital,Medina,SADEEM Construction,Aramco,24567172.54,39430785.98,14863613.44,60.5,2018-01-07,2018-07-11,2018-08-04,24,Delayed,476
PRJ-12548,Dam Project 2548,Dam,Abha,SADEEM Construction,NEOM Co.,1072628.43,1041991.43,-30637.0,-2.86,2020-11-01,2022-06-16,2022-06-16,0,On Hold,448
PRJ-12549,Commercial Complex Project 2549,Commercial Complex,Tabuk,SSEM,Ministry of Transport,140797922.24,132433788.06,-8364134.18,-5.94,2019-11-22,2021-09-07,2021-09-12,5,Completed,80
PRJ-12550,Airport Terminal Project 2550,Airport Terminal,Jeddah,SSEM,Ministry of Education,85742988.76,105608597.83,19865609.07,23.17,2022-07-12,2023-09-12,2023-11-10,59,Delayed,401
PRJ-12551,Metro Rail Project 2551,Metro Rail,Jazan,Al Bawani,Aramco,149187356.37,135650084.58,-13537271.79,-9.07,2020-01-12,2021-03-26,2021-04-29,34,Completed,400
PRJ-12552,Metro Rail Project 2552,Metro Rail,Jazan,Nesma & Partners,Ministry of Transport,148928403.69,160831063.6,11902659.91,7.99,2020-02-25,2022-06-15,2022-06-30,15,Delayed,232
PRJ-12553,Hospital Project 2553,Hospital,Mecca,Al Arrab,Ministry of Education,83902937.94,77120728.33,-6782209.61,-8.08,2018-10-17,2020-05-08,2020-08-12,96,Completed,245
PRJ-12554,Bridge Project 2554,Bridge,Riyadh,Al Bawani,Ministry of Education,713537.29,1084213.3,370676.01,51.95,2020-01-11,2020-08-13,2020-08-30,17,On Hold,282
PRJ-12555,Bridge Project 2555,Bridge,Jazan,Saudi Binladin Group,Ministry of Transport,86061120.25,92901027.14,6839906.89,7.95,2020-09-23,2021-04-01,2021-11-01,214,Cancelled,18
PRJ-12556,Highway Project 2556,Highway,Jazan,SADEEM Construction,Aramco,42428032.18,41632543.51,-795488.67,-1.87,2019-09-10,2022-04-17,2022-04-22,5,On Hold,353
PRJ-12557,Highway Project 2557,Highway,Abha,Saudi Binladin Group,NEOM Co.,43135396.1,67921229.03,24785832.93,57.46,2018-12-20,2020-10-16,2020-12-02,47,On Hold,360
PRJ-12558,Airport Terminal Project 2558,Airport Terminal,Abha,Nesma & Partners,Ministry of Education,146275531.87,227464015.87,81188484.0,55.5,2021-02-10,2021-11-17,2021-11-24,7,Completed,239
PRJ-12559,School Project 2559,School,Abha,SADEEM Construction,NEOM Co.,49574135.85,46294914.01,-3279221.84,-6.61,2020-07-01,2020-10-09,2020-10-09,0,In Progress,83
PRJ-12560,Dam Project 2560,Dam,Jeddah,Al Rashid Trading,Royal Commission,130568726.37,128190380.05,-2378346.32,-1.82,2022-01-28,2022-11-27,2022-12-27,30,On Hold,223
PRJ-12561,Highway Project 2561,Highway,Tabuk,AECOM Arabia,NEOM Co.,64759773.0,93217526.26,28457753.26,43.94,2023-01-04,2023-11-13,2023-11-23,10,On Hold,320
PRJ-12562,Residential Building Project 2562,Residential Building,Abha,Saudi Binladin Group,Private Developer,68285726.48,81723263.76,13437537.28,19.68,2023-02-25,2024-11-05,2024-11-05,0,Cancelled,357
PRJ-12563,Bridge Project 2563,Bridge,Dammam,Saudi Binladin Group,Royal Commission,8684374.85,8740863.06,56488.21,0.65,2020-01-29,2022-07-05,2022-07-05,0,Delayed,413
PRJ-12564,Residential Building Project 2564,Residential Building,Qassim,AECOM Arabia,NEOM Co.,72544074.98,79997881.32,7453806.34,10.27,2019-02-14,2020-09-11,2020-10-01,20,Delayed,315
PRJ-12565,Dam Project 2565,Dam,Abha,SADEEM Construction,Ministry of Housing,109521417.24,127310337.28,17788920.04,16.24,2019-01-28,2020-03-14,2020-03-14,0,On Hold,240
PRJ-12566,Residential Building Project 2566,Residential Building,Jazan,Al Bawani,Ministry of Education,140838535.65,215548330.86,74709795.21,53.05,2021-12-26,2023-08-19,2023-10-07,49,On Hold,445
PRJ-12567,Commercial Complex Project 2567,Commercial Complex,Neom,Saudi Binladin Group,Ministry of Transport,82806522.44,90491226.68,7684704.24,9.28,2022-05-20,2024-12-16,2025-02-06,52,In Progress,254
PRJ-12568,Bridge Project 2568,Bridge,Abha,Nesma & Partners,Ministry of Education,60072574.94,73523417.29,13450842.35,22.39,2019-02-27,2021-06-12,2021-06-23,11,In Progress,493
PRJ-12569,Highway Project 2569,Highway,Jazan,El Seif Engineering,Aramco,43194152.63,51335534.79,8141382.16,18.85,2018-06-03,2020-10-19,2020-10-19,0,On Hold,228
PRJ-12570,Metro Rail Project 2570,Metro Rail,Jeddah,SSEM,Aramco,47270271.89,60101963.65,12831691.76,27.15,2018-12-03,2020-05-09,2020-05-12,3,Cancelled,462
PRJ-12571,Airport Terminal Project 2571,Airport Terminal,Tabuk,El Seif Engineering,Private Developer,9036312.23,9266842.21,230529.98,2.55,2022-09-11,2023-09-10,2023-09-13,3,In Progress,26
PRJ-12572,Hospital Project 2572,Hospital,Dammam,El Seif Engineering,Ministry of Health,69920362.36,104164103.82,34243741.46,48.98,2021-03-30,2024-03-02,2024-03-19,17,In Progress,105
PRJ-12573,Residential Building Project 2573,Residential Building,Dammam,Al Arrab,Ministry of Housing,111051460.76,124040413.42,12988952.66,11.7,2022-12-29,2023-07-04,2023-07-20,16,Delayed,263
PRJ-12574,Commercial Complex Project 2574,Commercial Complex,Riyadh,Al Arrab,Ministry of Housing,47812083.22,42632022.91,-5180060.31,-10.83,2018-05-27,2021-01-30,2021-03-15,44,Completed,481
PRJ-12575,Bridge Project 2575,Bridge,Jeddah,Al Arrab,Ministry of Transport,2416836.6,2751963.18,335126.58,13.87,2022-12-22,2024-06-20,2024-06-20,0,Completed,491
PRJ-12576,Residential Building Project 2576,Residential Building,Mecca,AECOM Arabia,Ministry of Transport,71833383.21,74595574.17,2762190.96,3.85,2019-01-14,2019-11-13,2019-11-17,4,Delayed,479
PRJ-12577,Industrial Plant Project 2577,Industrial Plant,Abha,AECOM Arabia,Ministry of Transport,139909340.99,161994155.36,22084814.37,15.79,2018-08-20,2021-04-09,2021-04-09,0,Cancelled,152
PRJ-12578,Dam Project 2578,Dam,Abha,Al Rashid Trading,Ministry of Housing,106612865.01,131750065.97,25137200.96,23.58,2019-04-01,2021-01-02,2021-06-12,161,Delayed,143
PRJ-12579,Residential Building Project 2579,Residential Building,Dammam,Al Fouzan,Royal Commission,78288382.12,127032009.24,48743627.12,62.26,2021-12-02,2022-06-21,2022-10-09,110,In Progress,75
PRJ-12580,Dam Project 2580,Dam,Dammam,SSEM,NEOM Co.,32682722.34,32937455.82,254733.48,0.78,2022-10-30,2024-08-03,2024-09-21,49,Completed,430
PRJ-12581,School Project 2581,School,Medina,Al Fouzan,Ministry of Housing,32423852.94,35757929.98,3334077.04,10.28,2023-06-20,2024-07-19,2024-07-19,0,Completed,74
PRJ-12582,School Project 2582,School,Abha,SSEM,Ministry of Health,61047664.24,72003480.87,10955816.63,17.95,2019-11-10,2021-11-30,2021-11-30,0,In Progress,293
PRJ-12583,Industrial Plant Project 2583,Industrial Plant,Tabuk,Al Rashid Trading,Ministry of Education,13806955.37,14545043.34,738087.97,5.35,2021-06-30,2022-06-26,2022-06-26,0,Completed,241
PRJ-12584,Residential Building Project 2584,Residential Building,Qassim,Al Bawani,Ministry of Health,137818968.8,134404279.3,-3414689.5,-2.48,2022-07-30,2023-09-01,2023-11-10,70,Delayed,395
PRJ-12585,School Project 2585,School,Riyadh,Nesma & Partners,Ministry of Housing,55312336.16,60054617.84,4742281.68,8.57,2018-01-21,2019-10-31,2019-10-31,0,Cancelled,441
PRJ-12586,Highway Project 2586,Highway,Neom,Saudi Binladin Group,NEOM Co.,24329535.27,38484445.82,14154910.55,58.18,2022-04-30,2023-02-04,2023-05-18,103,Delayed,461
PRJ-12587,Bridge Project 2587,Bridge,Neom,Saudi Binladin Group,Private Developer,25459051.77,23379729.19,-2079322.58,-8.17,2021-01-15,2022-01-05,2022-05-05,120,In Progress,470
PRJ-12588,Highway Project 2588,Highway,Tabuk,Al Rashid Trading,Ministry of Transport,136461827.77,161438155.38,24976327.61,18.3,2018-12-21,2019-10-18,2019-10-24,6,Delayed,44
PRJ-12589,Residential Building Project 2589,Residential Building,Dammam,Al Fouzan,Royal Commission,67603279.16,72991484.5,5388205.34,7.97,2022-10-14,2023-12-30,2023-12-30,0,In Progress,182
PRJ-12590,Industrial Plant Project 2590,Industrial Plant,Tabuk,Saudi Binladin Group,Ministry of Transport,11224433.89,17905130.62,6680696.73,59.52,2020-04-09,2022-11-30,2022-12-07,7,Cancelled,155
PRJ-12591,Bridge Project 2591,Bridge,Neom,Al Rashid Trading,Ministry of Transport,136307311.04,117976839.68,-18330471.36,-13.45,2022-11-28,2023-09-11,2023-10-26,45,On Hold,480
PRJ-12592,Highway Project 2592,Highway,Neom,Al Arrab,NEOM Co.,49387511.89,52852152.99,3464641.1,7.02,2022-07-21,2022-10-26,2022-11-24,29,Cancelled,340
PRJ-12593,Bridge Project 2593,Bridge,Jeddah,Nesma & Partners,Private Developer,136483210.91,123861977.01,-12621233.9,-9.25,2019-07-08,2021-11-14,2021-12-14,30,Completed,237
PRJ-12594,Hospital Project 2594,Hospital,Neom,Al Arrab,Royal Commission,136396335.53,124416636.48,-11979699.05,-8.78,2022-11-27,2025-09-11,2025-12-14,94,Completed,70
PRJ-12595,Highway Project 2595,Highway,Medina,SSEM,Ministry of Health,80087855.11,93243988.07,13156132.96,16.43,2018-06-04,2019-03-23,2019-04-02,10,Delayed,152
PRJ-12596,Highway Project 2596,Highway,Jeddah,Saudi Binladin Group,Ministry of Health,27357857.08,29366515.56,2008658.48,7.34,2021-05-04,2022-02-04,2022-02-04,0,Completed,299
PRJ-12597,Bridge Project 2597,Bridge,Jazan,Al Fouzan,Aramco,143717913.31,131693274.81,-12024638.5,-8.37,2018-09-29,2020-08-19,2020-09-08,20,In Progress,61
PRJ-12598,Dam Project 2598,Dam,Tabuk,Al Rashid Trading,Ministry of Health,93190199.35,143022740.68,49832541.33,53.47,2023-04-18,2023-11-25,2023-12-07,12,On Hold,173
PRJ-12599,Highway Project 2599,Highway,Qassim,Al Arrab,Private Developer,65484383.17,62724339.71,-2760043.46,-4.21,2018-07-30,2019-11-24,2019-11-24,0,Completed,465
PRJ-12600,Metro Rail Project 2600,Metro Rail,Abha,El Seif Engineering,Ministry of Education,29070290.59,30886313.93,1816023.34,6.25,2022-04-19,2024-10-23,2025-07-04,254,In Progress,347
PRJ-12601,Airport Terminal Project 2601,Airport Terminal,Mecca,Al Fouzan,NEOM Co.,115201392.43,127568157.65,12366765.22,10.73,2018-05-06,2019-05-07,2019-05-13,6,Completed,191
PRJ-12602,Bridge Project 2602,Bridge,Tabuk,Al Fouzan,Ministry of Housing,70090302.38,111821026.86,41730724.48,59.54,2018-07-12,2019-08-31,2019-11-25,86,In Progress,61
PRJ-12603,Metro Rail Project 2603,Metro Rail,Jeddah,SADEEM Construction,Ministry of Transport,31427345.38,30469424.52,-957920.86,-3.05,2022-09-20,2024-10-31,2024-11-13,13,On Hold,479
PRJ-12604,Metro Rail Project 2604,Metro Rail,Jazan,Nesma & Partners,Private Developer,76742769.36,79672406.56,2929637.2,3.82,2021-05-24,2022-12-12,2022-12-12,0,Delayed,450
PRJ-12605,Highway Project 2605,Highway,Dammam,El Seif Engineering,Ministry of Transport,135163644.29,156364590.77,21200946.48,15.69,2022-08-04,2024-10-27,2025-01-14,79,Delayed,368
PRJ-12606,Airport Terminal Project 2606,Airport Terminal,Jeddah,AECOM Arabia,NEOM Co.,74014822.48,86513770.3,12498947.82,16.89,2023-03-15,2025-07-05,2025-07-05,0,Cancelled,257
PRJ-12607,Dam Project 2607,Dam,Riyadh,Al Arrab,Ministry of Education,121102817.26,109125372.42,-11977444.84,-9.89,2020-02-22,2022-03-02,2022-03-02,0,In Progress,460
PRJ-12608,Bridge Project 2608,Bridge,Dammam,AECOM Arabia,Ministry of Health,48348904.85,49981793.72,1632888.87,3.38,2018-07-15,2019-10-10,2019-10-26,16,Completed,94
PRJ-12609,Hospital Project 2609,Hospital,Jazan,Al Bawani,Private Developer,30335956.58,41399351.93,11063395.35,36.47,2020-06-06,2023-05-15,2023-05-16,1,Delayed,335
PRJ-12610,Airport Terminal Project 2610,Airport Terminal,Tabuk,Al Bawani,Ministry of Transport,39745288.43,41127766.62,1382478.19,3.48,2022-02-22,2024-09-18,2024-09-19,1,Delayed,368
PRJ-12611,School Project 2611,School,Jazan,Nesma & Partners,Ministry of Health,120386135.95,148851798.49,28465662.54,23.65,2018-12-19,2021-06-03,2021-07-30,57,On Hold,256
PRJ-12612,Highway Project 2612,Highway,Neom,Nesma & Partners,Royal Commission,62702565.23,63357915.37,655350.14,1.05,2023-03-08,2024-04-13,2024-08-05,114,Delayed,387
PRJ-12613,Hospital Project 2613,Hospital,Jeddah,AECOM Arabia,Ministry of Health,32696212.79,32310588.9,-385623.89,-1.18,2021-02-11,2021-10-31,2021-11-10,10,Delayed,14
PRJ-12614,Commercial Complex Project 2614,Commercial Complex,Qassim,Nesma & Partners,Royal Commission,57215156.93,67127698.21,9912541.28,17.33,2022-06-18,2024-10-01,2024-10-01,0,In Progress,397
PRJ-12615,Industrial Plant Project 2615,Industrial Plant,Jazan,Nesma & Partners,Ministry of Health,92494502.17,94675889.23,2181387.06,2.36,2021-04-21,2022-01-29,2022-01-29,0,Completed,56
PRJ-12616,Highway Project 2616,Highway,Dammam,Al Rashid Trading,Private Developer,140194413.79,142748888.12,2554474.33,1.82,2019-08-12,2020-02-07,2020-02-08,1,Completed,413
PRJ-12617,Residential Building Project 2617,Residential Building,Neom,Al Arrab,Ministry of Health,85100346.46,114242287.69,29141941.23,34.24,2022-08-30,2023-05-21,2023-11-01,164,On Hold,10
PRJ-12618,Industrial Plant Project 2618,Industrial Plant,Tabuk,Saudi Binladin Group,Royal Commission,6413847.23,8782629.63,2368782.4,36.93,2019-02-02,2020-07-16,2020-07-31,15,Delayed,341
PRJ-12619,Residential Building Project 2619,Residential Building,Riyadh,Al Rashid Trading,Aramco,104861546.69,114450293.18,9588746.49,9.14,2022-02-19,2022-07-10,2022-07-10,0,In Progress,199
PRJ-12620,Bridge Project 2620,Bridge,Qassim,AECOM Arabia,NEOM Co.,48424202.04,57706635.25,9282433.21,19.17,2018-11-25,2019-07-10,2019-07-12,2,Completed,496
PRJ-12621,Metro Rail Project 2621,Metro Rail,Medina,Al Arrab,Ministry of Housing,19748788.39,24293709.24,4544920.85,23.01,2018-04-06,2020-06-15,2021-03-25,283,In Progress,246
PRJ-12622,Dam Project 2622,Dam,Riyadh,Al Fouzan,Ministry of Health,47930246.57,59834148.64,11903902.07,24.84,2020-03-30,2021-04-11,2021-05-24,43,On Hold,435
PRJ-12623,Residential Building Project 2623,Residential Building,Jazan,Al Arrab,NEOM Co.,46850086.59,72323496.29,25473409.7,54.37,2019-07-31,2020-12-02,2021-01-21,50,Delayed,15
PRJ-12624,Residential Building Project 2624,Residential Building,Neom,Al Fouzan,Ministry of Transport,101114720.86,131758376.69,30643655.83,30.31,2018-12-22,2020-07-08,2020-07-09,1,On Hold,432
PRJ-12625,School Project 2625,School,Dammam,Al Rashid Trading,Aramco,114612589.34,107844819.51,-6767769.83,-5.9,2022-11-12,2023-09-08,2023-09-08,0,Completed,16
PRJ-12626,Metro Rail Project 2626,Metro Rail,Mecca,SADEEM Construction,Aramco,34686277.33,30041693.83,-4644583.5,-13.39,2020-06-10,2023-05-24,2023-07-27,64,Completed,209
PRJ-12627,Hospital Project 2627,Hospital,Mecca,SADEEM Construction,Aramco,113032707.1,136477694.29,23444987.19,20.74,2022-03-14,2025-01-04,2025-01-23,19,On Hold,347
PRJ-12628,School Project 2628,School,Qassim,Al Fouzan,Ministry of Education,1560931.61,1788545.83,227614.22,14.58,2020-05-10,2023-04-08,2023-04-08,0,On Hold,449
PRJ-12629,Bridge Project 2629,Bridge,Mecca,AECOM Arabia,Private Developer,54293822.65,57672510.37,3378687.72,6.22,2021-07-01,2022-04-01,2022-04-01,0,On Hold,424
PRJ-12630,Commercial Complex Project 2630,Commercial Complex,Jazan,Al Fouzan,Royal Commission,101756452.61,164314696.36,62558243.75,61.48,2020-11-13,2021-05-24,2021-09-19,118,On Hold,327
PRJ-12631,Metro Rail Project 2631,Metro Rail,Neom,Al Rashid Trading,NEOM Co.,79935323.01,128932710.51,48997387.5,61.3,2021-11-29,2022-12-30,2023-01-14,15,Delayed,296
PRJ-12632,Bridge Project 2632,Bridge,Jazan,SADEEM Construction,Private Developer,96495480.14,91783740.58,-4711739.56,-4.88,2019-07-02,2021-11-28,2021-12-08,10,In Progress,147
PRJ-12633,Hospital Project 2633,Hospital,Abha,Al Fouzan,Ministry of Transport,126461897.97,174312016.89,47850118.92,37.84,2022-08-15,2024-04-09,2024-04-22,13,Cancelled,399
PRJ-12634,Residential Building Project 2634,Residential Building,Dammam,Al Fouzan,Private Developer,70887054.7,94375429.73,23488375.03,33.13,2021-01-02,2023-06-02,2023-06-08,6,In Progress,224
PRJ-12635,Airport Terminal Project 2635,Airport Terminal,Neom,Saudi Binladin Group,Private Developer,9572118.81,12322111.51,2749992.7,28.73,2020-08-15,2022-10-18,2022-11-02,15,Delayed,42
PRJ-12636,Residential Building Project 2636,Residential Building,Riyadh,AECOM Arabia,Royal Commission,65689022.63,73873983.41,8184960.78,12.46,2020-10-22,2021-09-09,2021-09-09,0,Delayed,256
PRJ-12637,Industrial Plant Project 2637,Industrial Plant,Dammam,El Seif Engineering,Ministry of Health,124274780.7,109492340.06,-14782440.64,-11.89,2019-07-25,2021-11-04,2021-12-18,44,Cancelled,18
PRJ-12638,Residential Building Project 2638,Residential Building,Neom,Al Rashid Trading,Ministry of Education,29522251.18,47172354.37,17650103.19,59.79,2018-06-09,2020-03-06,2020-03-29,23,Delayed,260
PRJ-12639,School Project 2639,School,Jeddah,SADEEM Construction,Ministry of Transport,125326037.87,144470887.59,19144849.72,15.28,2020-10-31,2022-05-10,2022-05-10,0,Delayed,118
PRJ-12640,Dam Project 2640,Dam,Riyadh,Al Arrab,Ministry of Health,45829624.97,47151093.29,1321468.32,2.88,2021-01-15,2021-07-08,2021-07-08,0,Delayed,459
PRJ-12641,School Project 2641,School,Mecca,Al Arrab,Ministry of Education,70870539.12,67129387.89,-3741151.23,-5.28,2021-10-23,2022-06-04,2022-06-04,0,On Hold,293
PRJ-12642,Commercial Complex Project 2642,Commercial Complex,Tabuk,SADEEM Construction,Aramco,5144685.47,6091672.2,946986.73,18.41,2020-02-03,2021-10-16,2021-10-16,0,Cancelled,27
PRJ-12643,Residential Building Project 2643,Residential Building,Dammam,SSEM,Ministry of Education,36486531.56,33447321.81,-3039209.75,-8.33,2021-11-25,2024-09-26,2024-10-04,8,Completed,407
PRJ-12644,Airport Terminal Project 2644,Airport Terminal,Mecca,Al Fouzan,Ministry of Housing,139311908.92,192756064.89,53444155.97,38.36,2020-07-19,2022-10-01,2022-10-27,26,On Hold,20
PRJ-12645,Industrial Plant Project 2645,Industrial Plant,Medina,Al Fouzan,Ministry of Health,136780744.65,184271819.21,47491074.56,34.72,2022-12-12,2025-04-20,2025-05-02,12,Completed,126
PRJ-12646,Bridge Project 2646,Bridge,Jazan,SADEEM Construction,Ministry of Health,6300518.48,9545264.35,3244745.87,51.5,2020-11-08,2022-10-05,2023-04-12,189,On Hold,350
PRJ-12647,Bridge Project 2647,Bridge,Riyadh,Al Arrab,Ministry of Education,115131869.27,115729726.9,597857.63,0.52,2022-06-09,2024-08-24,2024-08-24,0,In Progress,103
PRJ-12648,Highway Project 2648,Highway,Abha,Al Arrab,Ministry of Education,56833188.85,48319168.17,-8514020.68,-14.98,2021-03-22,2024-01-09,2024-01-31,22,Cancelled,18
PRJ-12649,Airport Terminal Project 2649,Airport Terminal,Jazan,Al Bawani,Ministry of Health,36566028.24,38408457.21,1842428.97,5.04,2019-03-23,2020-05-22,2020-05-29,7,Cancelled,423
PRJ-12650,Residential Building Project 2650,Residential Building,Abha,SSEM,Ministry of Transport,120982923.46,121372132.5,389209.04,0.32,2020-04-29,2022-03-06,2022-03-15,9,In Progress,366
PRJ-12651,Airport Terminal Project 2651,Airport Terminal,Neom,Al Bawani,Ministry of Education,75887387.39,88006110.72,12118723.33,15.97,2018-02-19,2019-07-03,2019-07-03,0,Delayed,444
PRJ-12652,Residential Building Project 2652,Residential Building,Mecca,AECOM Arabia,NEOM Co.,36581780.72,41524849.53,4943068.81,13.51,2022-08-24,2023-04-13,2023-04-15,2,Delayed,341
PRJ-12653,Airport Terminal Project 2653,Airport Terminal,Abha,El Seif Engineering,Ministry of Health,112273947.77,168796548.5,56522600.73,50.34,2022-01-21,2024-03-20,2024-04-13,24,In Progress,105
PRJ-12654,Residential Building Project 2654,Residential Building,Jeddah,Al Arrab,NEOM Co.,143959026.07,163796398.91,19837372.84,13.78,2023-03-22,2025-01-31,2025-01-31,0,Completed,252
PRJ-12655,Bridge Project 2655,Bridge,Neom,AECOM Arabia,NEOM Co.,90768560.29,80062886.87,-10705673.42,-11.79,2022-09-11,2025-02-02,2025-02-22,20,Cancelled,427
PRJ-12656,Airport Terminal Project 2656,Airport Terminal,Dammam,SSEM,Aramco,147656135.83,143489659.32,-4166476.51,-2.82,2018-11-12,2020-09-07,2020-09-21,14,In Progress,405
PRJ-12657,Bridge Project 2657,Bridge,Jazan,El Seif Engineering,Ministry of Education,100172973.88,98699077.5,-1473896.38,-1.47,2023-02-16,2025-06-10,2025-06-10,0,Delayed,322
PRJ-12658,Industrial Plant Project 2658,Industrial Plant,Dammam,Al Arrab,Private Developer,88073851.5,106268487.42,18194635.92,20.66,2018-03-03,2018-11-09,2018-12-05,26,Cancelled,361
PRJ-12659,Bridge Project 2659,Bridge,Jeddah,Al Rashid Trading,Royal Commission,125499733.02,122925748.36,-2573984.66,-2.05,2021-11-08,2022-12-12,2022-12-12,0,Completed,67
PRJ-12660,Industrial Plant Project 2660,Industrial Plant,Tabuk,AECOM Arabia,Ministry of Health,67570572.45,71713164.68,4142592.23,6.13,2018-02-24,2019-08-28,2019-08-28,0,Completed,325
PRJ-12661,Hospital Project 2661,Hospital,Qassim,SSEM,Ministry of Transport,99711895.75,116248697.49,16536801.74,16.58,2020-01-24,2020-04-25,2020-06-09,45,In Progress,500
PRJ-12662,Industrial Plant Project 2662,Industrial Plant,Medina,Al Bawani,Private Developer,97084018.14,154957595.51,57873577.37,59.61,2022-05-30,2024-07-02,2024-10-11,101,Completed,248
PRJ-12663,Airport Terminal Project 2663,Airport Terminal,Jeddah,Al Arrab,Ministry of Education,57767291.56,64633305.41,6866013.85,11.89,2022-10-28,2024-06-23,2024-06-23,0,On Hold,498
PRJ-12664,Industrial Plant Project 2664,Industrial Plant,Medina,El Seif Engineering,Royal Commission,3540991.74,4389647.19,848655.45,23.97,2021-08-14,2024-05-04,2024-05-10,6,Completed,62
PRJ-12665,School Project 2665,School,Mecca,AECOM Arabia,NEOM Co.,131798743.93,139466339.49,7667595.56,5.82,2022-10-07,2025-07-15,2025-07-15,0,Completed,112
PRJ-12666,Dam Project 2666,Dam,Riyadh,El Seif Engineering,Ministry of Education,139515637.1,173328546.09,33812908.99,24.24,2023-04-03,2023-08-26,2023-09-14,19,Delayed,31
PRJ-12667,Dam Project 2667,Dam,Riyadh,Al Rashid Trading,Ministry of Housing,18402144.88,19277577.79,875432.91,4.76,2021-07-12,2023-03-19,2023-05-06,48,Completed,242
PRJ-12668,Highway Project 2668,Highway,Abha,Nesma & Partners,NEOM Co.,134992067.16,216614762.67,81622695.51,60.46,2023-04-22,2025-03-27,2025-06-07,72,Delayed,436
PRJ-12669,Industrial Plant Project 2669,Industrial Plant,Qassim,Al Fouzan,Ministry of Housing,78274458.12,115283616.32,37009158.2,47.28,2022-10-09,2024-11-13,2024-12-16,33,Cancelled,347
PRJ-12670,Metro Rail Project 2670,Metro Rail,Tabuk,AECOM Arabia,NEOM Co.,20086685.49,17624827.59,-2461857.9,-12.26,2021-08-17,2023-09-02,2023-09-29,27,Completed,224
PRJ-12671,Airport Terminal Project 2671,Airport Terminal,Riyadh,Al Arrab,Aramco,74886129.47,70876187.25,-4009942.22,-5.35,2021-05-13,2023-08-17,2023-08-17,0,Completed,97
PRJ-12672,Dam Project 2672,Dam,Abha,Al Arrab,NEOM Co.,27846977.43,33303585.23,5456607.8,19.59,2021-02-15,2021-05-31,2021-06-13,13,Completed,132
PRJ-12673,Metro Rail Project 2673,Metro Rail,Jeddah,SSEM,Ministry of Housing,93664277.47,86389234.93,-7275042.54,-7.77,2022-04-01,2024-04-10,2024-04-10,0,On Hold,109
PRJ-12674,Industrial Plant Project 2674,Industrial Plant,Mecca,SADEEM Construction,Ministry of Transport,75801918.3,99238366.01,23436447.71,30.92,2022-07-03,2023-08-30,2023-09-05,6,In Progress,338
PRJ-12675,Industrial Plant Project 2675,Industrial Plant,Tabuk,Al Bawani,Ministry of Education,95791989.53,138001427.75,42209438.22,44.06,2018-01-13,2020-10-20,2021-07-22,275,Delayed,424
PRJ-12676,Highway Project 2676,Highway,Mecca,Nesma & Partners,Royal Commission,50673582.01,60616431.27,9942849.26,19.62,2020-04-15,2021-02-19,2021-04-03,43,In Progress,499
PRJ-12677,Bridge Project 2677,Bridge,Jazan,Al Fouzan,Ministry of Transport,72885582.5,63023194.33,-9862388.17,-13.53,2019-01-10,2019-04-19,2019-05-20,31,On Hold,217
PRJ-12678,Residential Building Project 2678,Residential Building,Medina,AECOM Arabia,Ministry of Health,98272136.1,107890786.11,9618650.01,9.79,2022-04-08,2024-05-01,2024-05-29,28,Delayed,134
PRJ-12679,School Project 2679,School,Tabuk,Nesma & Partners,Private Developer,13326245.59,21169793.86,7843548.27,58.86,2019-12-22,2020-05-03,2020-05-05,2,On Hold,140
PRJ-12680,Airport Terminal Project 2680,Airport Terminal,Jeddah,Al Bawani,Ministry of Education,103547258.52,97140870.83,-6406387.69,-6.19,2020-01-23,2022-07-09,2022-07-09,0,Completed,134
PRJ-12681,School Project 2681,School,Mecca,Al Bawani,NEOM Co.,53830113.81,58015130.53,4185016.72,7.77,2019-12-23,2020-07-21,2020-07-21,0,On Hold,137
PRJ-12682,Airport Terminal Project 2682,Airport Terminal,Tabuk,SADEEM Construction,Ministry of Health,125417969.91,114518932.43,-10899037.48,-8.69,2018-11-08,2020-04-01,2020-04-01,0,In Progress,229
PRJ-12683,Residential Building Project 2683,Residential Building,Abha,Al Arrab,Ministry of Education,35876653.15,30758218.59,-5118434.56,-14.27,2022-05-08,2024-04-15,2024-06-20,66,Delayed,309
PRJ-12684,Commercial Complex Project 2684,Commercial Complex,Dammam,Al Fouzan,Private Developer,30609165.87,41038366.08,10429200.21,34.07,2022-07-31,2024-05-31,2024-09-03,95,In Progress,79
PRJ-12685,Residential Building Project 2685,Residential Building,Mecca,Nesma & Partners,Ministry of Health,39619869.31,36454135.9,-3165733.41,-7.99,2018-12-06,2019-09-10,2019-09-10,0,In Progress,15
PRJ-12686,School Project 2686,School,Abha,Al Arrab,Aramco,4714605.4,4589307.8,-125297.6,-2.66,2020-07-18,2023-07-02,2023-07-02,0,On Hold,100
PRJ-12687,Bridge Project 2687,Bridge,Tabuk,Al Arrab,NEOM Co.,132282130.03,135559300.26,3277170.23,2.48,2023-02-17,2025-01-09,2025-01-09,0,Cancelled,136
PRJ-12688,Bridge Project 2688,Bridge,Tabuk,Al Bawani,Ministry of Education,108189838.69,127278028.26,19088189.57,17.64,2023-06-15,2026-02-14,2026-04-30,75,On Hold,240
PRJ-12689,Metro Rail Project 2689,Metro Rail,Dammam,Al Fouzan,Ministry of Health,29095966.97,45868830.3,16772863.33,57.65,2019-09-09,2019-12-20,2020-01-10,21,In Progress,35
PRJ-12690,Airport Terminal Project 2690,Airport Terminal,Mecca,AECOM Arabia,Ministry of Transport,120753974.91,169545613.49,48791638.58,40.41,2019-11-02,2020-05-07,2020-05-09,2,In Progress,401
PRJ-12691,Metro Rail Project 2691,Metro Rail,Jeddah,Nesma & Partners,NEOM Co.,85998679.61,81525469.77,-4473209.84,-5.2,2018-01-21,2019-06-07,2019-08-17,71,Delayed,162
PRJ-12692,Residential Building Project 2692,Residential Building,Jazan,Al Arrab,NEOM Co.,80338398.92,93500946.44,13162547.52,16.38,2021-06-17,2024-01-23,2024-01-23,0,Delayed,389
PRJ-12693,Bridge Project 2693,Bridge,Riyadh,SADEEM Construction,Aramco,61798556.12,56012267.22,-5786288.9,-9.36,2019-09-08,2020-07-16,2020-08-04,19,Cancelled,263
PRJ-12694,Hospital Project 2694,Hospital,Dammam,Al Bawani,Ministry of Education,42082474.25,67588576.0,25506101.75,60.61,2018-03-09,2018-10-20,2018-10-31,11,Delayed,436
PRJ-12695,School Project 2695,School,Mecca,Nesma & Partners,NEOM Co.,42758770.4,59308276.21,16549505.81,38.7,2023-02-04,2024-03-03,2024-03-21,18,In Progress,38
PRJ-12696,Airport Terminal Project 2696,Airport Terminal,Dammam,Al Rashid Trading,Royal Commission,24746414.17,35655406.41,10908992.24,44.08,2019-04-21,2021-11-17,2021-12-06,19,On Hold,229
PRJ-12697,Metro Rail Project 2697,Metro Rail,Jeddah,AECOM Arabia,Private Developer,130094854.35,180212961.9,50118107.55,38.52,2023-01-29,2024-11-21,2024-12-20,29,Cancelled,491
PRJ-12698,Airport Terminal Project 2698,Airport Terminal,Riyadh,Al Fouzan,Ministry of Health,19379379.15,22940009.63,3560630.48,18.37,2018-09-27,2020-06-24,2020-06-24,0,Delayed,135
PRJ-12699,Residential Building Project 2699,Residential Building,Jazan,AECOM Arabia,Ministry of Health,20319824.58,23010207.58,2690383.0,13.24,2018-07-25,2019-12-15,2019-12-15,0,Delayed,255
PRJ-12700,Highway Project 2700,Highway,Mecca,Saudi Binladin Group,Private Developer,40090040.11,47309372.07,7219331.96,18.01,2022-06-17,2023-05-26,2023-05-26,0,Completed,373
PRJ-12701,Highway Project 2701,Highway,Tabuk,Al Rashid Trading,Aramco,108133951.14,110864045.6,2730094.46,2.52,2019-02-02,2021-03-05,2021-04-16,42,On Hold,59
PRJ-12702,Residential Building Project 2702,Residential Building,Riyadh,SSEM,Ministry of Education,66734476.51,97831334.1,31096857.59,46.6,2019-02-07,2020-09-26,2021-03-22,177,Completed,125
PRJ-12703,School Project 2703,School,Jeddah,AECOM Arabia,NEOM Co.,16041926.7,25060321.49,9018394.79,56.22,2018-04-03,2021-03-17,2021-06-23,98,Cancelled,391
PRJ-12704,Metro Rail Project 2704,Metro Rail,Neom,El Seif Engineering,Ministry of Transport,40917114.28,51746202.49,10829088.21,26.47,2020-09-18,2022-05-29,2022-07-19,51,In Progress,162
PRJ-12705,Highway Project 2705,Highway,Mecca,SADEEM Construction,Private Developer,69540068.99,91429535.12,21889466.13,31.48,2020-07-07,2023-02-18,2023-03-01,11,Delayed,262
PRJ-12706,School Project 2706,School,Riyadh,SSEM,Ministry of Health,109618423.1,112170325.9,2551902.8,2.33,2018-09-21,2021-05-24,2021-05-24,0,Completed,482
PRJ-12707,Residential Building Project 2707,Residential Building,Jazan,Al Arrab,Royal Commission,94568269.35,133289279.1,38721009.75,40.95,2022-05-12,2022-10-27,2023-04-25,180,Completed,480
PRJ-12708,Airport Terminal Project 2708,Airport Terminal,Tabuk,El Seif Engineering,Ministry of Education,106812711.64,97796632.43,-9016079.21,-8.44,2019-05-05,2021-07-14,2021-07-14,0,Cancelled,313
PRJ-12709,Hospital Project 2709,Hospital,Jeddah,SADEEM Construction,Royal Commission,129032296.95,156981034.64,27948737.69,21.66,2019-01-30,2020-05-26,2021-02-18,268,Completed,295
PRJ-12710,Hospital Project 2710,Hospital,Qassim,Saudi Binladin Group,Royal Commission,39731204.21,38639762.29,-1091441.92,-2.75,2021-01-20,2022-04-09,2022-04-09,0,Completed,174
PRJ-12711,Dam Project 2711,Dam,Mecca,SADEEM Construction,Ministry of Health,72710609.87,83811925.12,11101315.25,15.27,2020-01-20,2022-03-05,2022-05-09,65,On Hold,34
PRJ-12712,Dam Project 2712,Dam,Jazan,Saudi Binladin Group,Ministry of Housing,112583999.14,138573493.15,25989494.01,23.08,2018-01-24,2019-02-09,2019-02-12,3,Completed,377
PRJ-12713,Industrial Plant Project 2713,Industrial Plant,Tabuk,SADEEM Construction,Aramco,148757077.99,168263793.09,19506715.1,13.11,2019-07-20,2021-04-22,2021-04-22,0,In Progress,319
PRJ-12714,Airport Terminal Project 2714,Airport Terminal,Dammam,Nesma & Partners,Aramco,31974009.02,33153843.91,1179834.89,3.69,2021-01-10,2023-07-12,2023-08-01,20,On Hold,211
PRJ-12715,Highway Project 2715,Highway,Riyadh,Al Rashid Trading,Royal Commission,61729358.63,90555725.4,28826366.77,46.7,2022-08-08,2025-05-31,2025-07-15,45,Delayed,331
PRJ-12716,Residential Building Project 2716,Residential Building,Jazan,Al Bawani,Ministry of Housing,34601006.5,45813619.96,11212613.46,32.41,2020-03-13,2020-11-13,2021-01-28,76,Delayed,56
PRJ-12717,School Project 2717,School,Mecca,Al Arrab,Ministry of Transport,57298681.5,60196887.44,2898205.94,5.06,2019-02-22,2021-10-26,2021-10-26,0,On Hold,77
PRJ-12718,Bridge Project 2718,Bridge,Riyadh,Al Rashid Trading,Ministry of Education,90958152.39,97140319.65,6182167.26,6.8,2019-06-24,2020-07-25,2020-07-25,0,Cancelled,470
PRJ-12719,Residential Building Project 2719,Residential Building,Abha,SSEM,Ministry of Housing,73217552.81,76986780.8,3769227.99,5.15,2022-01-14,2023-09-13,2023-09-13,0,Completed,315
PRJ-12720,Highway Project 2720,Highway,Riyadh,El Seif Engineering,Aramco,26873580.61,30738535.51,3864954.9,14.38,2022-09-15,2024-06-19,2024-06-19,0,Delayed,453
PRJ-12721,Bridge Project 2721,Bridge,Jeddah,El Seif Engineering,Ministry of Transport,81493167.83,76548485.0,-4944682.83,-6.07,2022-10-20,2024-12-15,2024-12-15,0,On Hold,61
PRJ-12722,Commercial Complex Project 2722,Commercial Complex,Tabuk,Al Bawani,Private Developer,115040486.69,184967331.07,69926844.38,60.78,2019-11-25,2021-09-11,2021-11-30,80,On Hold,133
PRJ-12723,Highway Project 2723,Highway,Jeddah,El Seif Engineering,Ministry of Health,55668151.0,52364528.03,-3303622.97,-5.93,2019-08-28,2019-12-29,2019-12-29,0,In Progress,85
PRJ-12724,Residential Building Project 2724,Residential Building,Tabuk,Al Rashid Trading,Ministry of Education,78000744.18,124582003.51,46581259.33,59.72,2018-01-15,2020-03-09,2020-03-12,3,Delayed,374
PRJ-12725,Industrial Plant Project 2725,Industrial Plant,Mecca,SSEM,Ministry of Housing,27945154.29,27269713.15,-675441.14,-2.42,2020-12-25,2023-08-26,2023-08-26,0,In Progress,480
PRJ-12726,Bridge Project 2726,Bridge,Jeddah,SSEM,Aramco,61292160.77,62208438.16,916277.39,1.49,2020-03-10,2021-03-31,2021-03-31,0,Cancelled,183
PRJ-12727,Bridge Project 2727,Bridge,Neom,SADEEM Construction,Ministry of Health,119302102.41,117705197.0,-1596905.41,-1.34,2022-06-12,2025-02-23,2025-03-13,18,On Hold,77
PRJ-12728,School Project 2728,School,Dammam,Al Rashid Trading,Royal Commission,40447879.38,39152056.09,-1295823.29,-3.2,2022-04-04,2024-06-21,2024-07-12,21,Delayed,128
PRJ-12729,Residential Building Project 2729,Residential Building,Dammam,Al Arrab,Aramco,91942523.51,130720372.6,38777849.09,42.18,2020-12-30,2023-04-26,2023-05-21,25,On Hold,426
PRJ-12730,Airport Terminal Project 2730,Airport Terminal,Jazan,Saudi Binladin Group,Ministry of Transport,140686840.0,226064125.29,85377285.29,60.69,2020-03-06,2022-12-19,2023-12-23,369,Completed,211
PRJ-12731,Bridge Project 2731,Bridge,Riyadh,Al Arrab,Ministry of Health,37084981.76,34840212.68,-2244769.08,-6.05,2020-06-07,2021-05-07,2021-05-07,0,In Progress,384
PRJ-12732,Airport Terminal Project 2732,Airport Terminal,Jeddah,Al Arrab,Private Developer,45690366.72,74367595.49,28677228.77,62.76,2018-01-17,2020-08-21,2020-10-27,67,Completed,450
PRJ-12733,Bridge Project 2733,Bridge,Neom,Saudi Binladin Group,Aramco,128969080.19,120328837.46,-8640242.73,-6.7,2018-05-01,2019-01-14,2019-01-14,0,Completed,83
PRJ-12734,Hospital Project 2734,Hospital,Dammam,Saudi Binladin Group,Private Developer,142140485.71,145979331.83,3838846.12,2.7,2018-11-20,2020-01-31,2020-01-31,0,On Hold,397
PRJ-12735,Hospital Project 2735,Hospital,Neom,SSEM,Royal Commission,1891888.47,1677831.38,-214057.09,-11.31,2022-10-23,2023-09-14,2023-10-01,17,In Progress,210
PRJ-12736,Residential Building Project 2736,Residential Building,Riyadh,AECOM Arabia,Ministry of Health,81809749.21,81937880.31,128131.1,0.16,2018-09-30,2019-02-11,2019-02-11,0,On Hold,488
PRJ-12737,Industrial Plant Project 2737,Industrial Plant,Tabuk,SADEEM Construction,Private Developer,71278522.57,110128231.0,38849708.43,54.5,2021-07-14,2024-07-13,2024-08-10,28,Delayed,156
PRJ-12738,Airport Terminal Project 2738,Airport Terminal,Neom,SADEEM Construction,Private Developer,99454285.68,149732632.31,50278346.63,50.55,2019-11-06,2022-09-08,2022-09-25,17,Cancelled,18
PRJ-12739,Airport Terminal Project 2739,Airport Terminal,Jeddah,Al Bawani,Ministry of Health,135884529.57,173327020.07,37442490.5,27.55,2021-07-12,2022-10-01,2022-10-04,3,Delayed,400
PRJ-12740,Hospital Project 2740,Hospital,Abha,Al Arrab,NEOM Co.,43034537.98,59595835.8,16561297.82,38.48,2018-12-10,2021-08-13,2021-08-14,1,In Progress,73
PRJ-12741,Dam Project 2741,Dam,Neom,SSEM,Ministry of Housing,129484231.23,194217402.86,64733171.63,49.99,2021-12-03,2023-01-19,2023-10-18,272,On Hold,62
PRJ-12742,School Project 2742,School,Dammam,SADEEM Construction,Ministry of Health,128082662.16,136052999.19,7970337.03,6.22,2020-07-05,2020-11-03,2021-01-15,73,In Progress,397
PRJ-12743,School Project 2743,School,Abha,Saudi Binladin Group,NEOM Co.,135640983.25,150090844.84,14449861.59,10.65,2019-12-25,2020-10-11,2021-04-18,189,Delayed,23
PRJ-12744,Commercial Complex Project 2744,Commercial Complex,Tabuk,Al Rashid Trading,Ministry of Housing,83074533.01,73529673.8,-9544859.21,-11.49,2020-06-22,2020-11-28,2020-11-29,1,Completed,226
PRJ-12745,Dam Project 2745,Dam,Jeddah,Al Fouzan,Ministry of Health,108195795.3,114150231.91,5954436.61,5.5,2019-12-12,2020-05-05,2020-05-22,17,Delayed,76
PRJ-12746,Highway Project 2746,Highway,Mecca,SADEEM Construction,Aramco,28966817.66,24631100.17,-4335717.49,-14.97,2019-05-18,2020-03-17,2020-04-19,33,Cancelled,145
PRJ-12747,Residential Building Project 2747,Residential Building,Abha,SADEEM Construction,Royal Commission,120980729.79,111758959.37,-9221770.42,-7.62,2018-07-18,2019-05-22,2019-05-22,0,On Hold,308
PRJ-12748,Residential Building Project 2748,Residential Building,Tabuk,SSEM,Aramco,29127697.43,29589980.74,462283.31,1.59,2023-03-27,2025-01-31,2025-01-31,0,Cancelled,336
PRJ-12749,Metro Rail Project 2749,Metro Rail,Qassim,Al Arrab,Ministry of Health,72986381.59,73460686.13,474304.54,0.65,2022-03-03,2025-02-12,2025-02-12,0,On Hold,307
PRJ-12750,Bridge Project 2750,Bridge,Abha,Al Fouzan,Ministry of Health,48446468.67,66045314.31,17598845.64,36.33,2018-09-10,2021-06-02,2021-09-09,99,Delayed,375
PRJ-12751,Metro Rail Project 2751,Metro Rail,Jazan,SADEEM Construction,Ministry of Education,4003226.83,4119531.67,116304.84,2.91,2021-01-25,2022-06-04,2022-06-04,0,On Hold,35
PRJ-12752,Highway Project 2752,Highway,Medina,SSEM,Ministry of Education,131313800.61,121549972.92,-9763827.69,-7.44,2022-02-06,2024-08-04,2024-08-14,10,Completed,422
PRJ-12753,Commercial Complex Project 2753,Commercial Complex,Neom,Nesma & Partners,NEOM Co.,113878523.35,148753821.84,34875298.49,30.63,2021-05-20,2021-09-13,2021-10-10,27,In Progress,107
PRJ-12754,Highway Project 2754,Highway,Neom,SSEM,Ministry of Transport,8509695.66,11471406.03,2961710.37,34.8,2021-10-29,2024-04-11,2024-04-15,4,On Hold,158
PRJ-12755,Industrial Plant Project 2755,Industrial Plant,Riyadh,Nesma & Partners,NEOM Co.,31569664.3,33186694.83,1617030.53,5.12,2019-05-07,2020-06-29,2020-06-29,0,On Hold,202
PRJ-12756,Metro Rail Project 2756,Metro Rail,Neom,Nesma & Partners,Private Developer,81959812.06,131852038.25,49892226.19,60.87,2020-06-18,2021-03-04,2021-03-14,10,In Progress,124
PRJ-12757,Airport Terminal Project 2757,Airport Terminal,Tabuk,Nesma & Partners,Ministry of Housing,126448383.97,180555496.5,54107112.53,42.79,2019-05-04,2019-12-19,2020-03-12,84,Delayed,362
PRJ-12758,Residential Building Project 2758,Residential Building,Jeddah,Al Arrab,Ministry of Transport,12160083.03,11331239.68,-828843.35,-6.82,2022-04-08,2023-02-25,2023-02-25,0,Delayed,80
PRJ-12759,Bridge Project 2759,Bridge,Mecca,SSEM,Aramco,74170811.21,121092183.94,46921372.73,63.26,2021-04-25,2023-04-04,2023-04-09,5,Completed,419
PRJ-12760,Dam Project 2760,Dam,Tabuk,Al Fouzan,Aramco,24198774.99,27617985.56,3419210.57,14.13,2022-09-22,2023-11-22,2023-12-12,20,On Hold,39
PRJ-12761,Dam Project 2761,Dam,Tabuk,Al Arrab,Aramco,96088270.01,90199108.6,-5889161.41,-6.13,2021-02-02,2021-11-25,2021-11-25,0,Completed,376
PRJ-12762,School Project 2762,School,Mecca,Al Rashid Trading,Ministry of Transport,64832305.99,101151442.88,36319136.89,56.02,2018-11-13,2020-12-31,2021-01-09,9,In Progress,477
PRJ-12763,Highway Project 2763,Highway,Jazan,SSEM,Ministry of Education,6567563.96,9959023.19,3391459.23,51.64,2019-03-24,2020-10-12,2021-10-06,359,Cancelled,368
PRJ-12764,Residential Building Project 2764,Residential Building,Abha,Al Arrab,Private Developer,44986822.11,39362157.9,-5624664.21,-12.5,2020-09-06,2022-12-22,2023-02-06,46,Completed,116
PRJ-12765,Airport Terminal Project 2765,Airport Terminal,Tabuk,Saudi Binladin Group,Ministry of Transport,145046399.77,158481296.56,13434896.79,9.26,2022-06-22,2023-10-12,2023-11-03,22,In Progress,329
PRJ-12766,Airport Terminal Project 2766,Airport Terminal,Mecca,Nesma & Partners,Private Developer,54706190.28,50325406.42,-4380783.86,-8.01,2022-01-30,2022-07-25,2022-07-25,0,Delayed,382
PRJ-12767,Residential Building Project 2767,Residential Building,Dammam,SSEM,Private Developer,148407752.35,203901224.81,55493472.46,37.39,2021-10-15,2022-01-31,2022-02-01,1,Delayed,269
PRJ-12768,Highway Project 2768,Highway,Abha,SSEM,Ministry of Health,66689021.19,69810053.53,3121032.34,4.68,2020-01-31,2020-09-18,2021-10-09,386,On Hold,435
PRJ-12769,Highway Project 2769,Highway,Riyadh,Saudi Binladin Group,Ministry of Transport,80046980.18,113049802.21,33002822.03,41.23,2020-04-09,2022-07-01,2022-07-20,19,Delayed,334
PRJ-12770,School Project 2770,School,Mecca,Al Arrab,Aramco,10667529.68,10898501.5,230971.82,2.17,2021-03-20,2022-04-03,2022-04-09,6,On Hold,340
PRJ-12771,Metro Rail Project 2771,Metro Rail,Medina,El Seif Engineering,Ministry of Transport,110853537.85,106058192.15,-4795345.7,-4.33,2021-04-17,2024-04-15,2024-04-15,0,On Hold,393
PRJ-12772,Metro Rail Project 2772,Metro Rail,Qassim,SADEEM Construction,Aramco,86237018.7,83181912.44,-3055106.26,-3.54,2021-05-11,2022-04-29,2022-04-29,0,Completed,311
PRJ-12773,Metro Rail Project 2773,Metro Rail,Tabuk,Al Fouzan,Ministry of Housing,129312930.04,163554267.17,34241337.13,26.48,2019-08-01,2022-04-04,2022-06-28,85,In Progress,83
PRJ-12774,School Project 2774,School,Abha,SADEEM Construction,Ministry of Transport,53170178.19,51586628.45,-1583549.74,-2.98,2018-09-27,2019-05-05,2019-05-05,0,Delayed,467
PRJ-12775,School Project 2775,School,Jeddah,Nesma & Partners,Aramco,7942259.73,10907809.16,2965549.43,37.34,2022-01-11,2022-09-18,2022-09-27,9,Cancelled,422
PRJ-12776,Commercial Complex Project 2776,Commercial Complex,Jeddah,Al Fouzan,Private Developer,80275731.23,93683529.16,13407797.93,16.7,2023-03-26,2025-01-19,2025-04-15,86,Completed,368
PRJ-12777,Commercial Complex Project 2777,Commercial Complex,Dammam,SSEM,Ministry of Health,104232569.68,109110322.92,4877753.24,4.68,2021-12-02,2024-03-30,2024-03-30,0,In Progress,475
PRJ-12778,Bridge Project 2778,Bridge,Neom,Al Bawani,Private Developer,77130144.28,93632957.88,16502813.6,21.4,2020-10-16,2023-09-02,2023-09-11,9,In Progress,184
PRJ-12779,School Project 2779,School,Jazan,Al Bawani,Ministry of Education,70882357.05,113589827.71,42707470.66,60.25,2022-10-02,2023-03-06,2023-04-11,36,In Progress,475
PRJ-12780,Highway Project 2780,Highway,Medina,SSEM,Ministry of Education,49733530.98,45389811.38,-4343719.6,-8.73,2019-11-07,2020-04-04,2020-04-04,0,Delayed,44
PRJ-12781,School Project 2781,School,Qassim,Saudi Binladin Group,Ministry of Health,74696121.26,79427254.04,4731132.78,6.33,2018-06-07,2020-08-19,2020-08-19,0,Delayed,304
PRJ-12782,Hospital Project 2782,Hospital,Abha,SADEEM Construction,Ministry of Education,25681862.39,42065434.09,16383571.7,63.79,2021-03-23,2023-07-26,2023-09-06,42,Delayed,210
PRJ-12783,Residential Building Project 2783,Residential Building,Tabuk,Al Bawani,Ministry of Health,141893320.19,219975879.35,78082559.16,55.03,2020-06-27,2022-08-29,2022-09-04,6,On Hold,108
PRJ-12784,Airport Terminal Project 2784,Airport Terminal,Medina,Saudi Binladin Group,Ministry of Education,105821798.64,135715271.07,29893472.43,28.25,2019-02-17,2019-10-22,2019-11-09,18,Cancelled,40
PRJ-12785,Metro Rail Project 2785,Metro Rail,Dammam,Al Arrab,Aramco,127515226.16,146459639.9,18944413.74,14.86,2020-03-31,2021-07-27,2021-08-15,19,Delayed,192
PRJ-12786,Hospital Project 2786,Hospital,Jazan,Al Bawani,Ministry of Health,74240500.21,74334200.85,93700.64,0.13,2019-07-23,2022-06-20,2022-07-15,25,Cancelled,494
PRJ-12787,School Project 2787,School,Tabuk,Al Fouzan,Royal Commission,135185705.67,183394974.19,48209268.52,35.66,2020-10-07,2023-07-03,2023-08-05,33,In Progress,140
PRJ-12788,Dam Project 2788,Dam,Abha,SADEEM Construction,Ministry of Housing,15374685.81,14556268.68,-818417.13,-5.32,2018-04-18,2018-07-24,2018-08-20,27,Cancelled,412
PRJ-12789,School Project 2789,School,Qassim,Nesma & Partners,Private Developer,12265302.44,14377736.19,2112433.75,17.22,2018-04-28,2020-06-25,2020-07-17,22,Delayed,140
PRJ-12790,Hospital Project 2790,Hospital,Jeddah,Nesma & Partners,NEOM Co.,88527135.39,82043996.74,-6483138.65,-7.32,2019-06-10,2022-03-09,2022-03-09,0,Cancelled,311
PRJ-12791,Metro Rail Project 2791,Metro Rail,Jazan,SADEEM Construction,Ministry of Housing,64931967.9,61843544.72,-3088423.18,-4.76,2022-06-30,2023-02-22,2023-02-22,0,Cancelled,218
PRJ-12792,Airport Terminal Project 2792,Airport Terminal,Abha,Saudi Binladin Group,Ministry of Transport,148071462.85,158191416.42,10119953.57,6.83,2019-10-14,2022-05-17,2022-05-17,0,Completed,241
PRJ-12793,Residential Building Project 2793,Residential Building,Medina,Al Arrab,Ministry of Transport,103271810.71,95608126.52,-7663684.19,-7.42,2022-12-12,2023-04-27,2023-05-08,11,Delayed,88
PRJ-12794,Bridge Project 2794,Bridge,Qassim,Al Arrab,Ministry of Housing,146392693.99,144325294.0,-2067399.99,-1.41,2018-04-03,2018-12-26,2018-12-26,0,Completed,286
PRJ-12795,Metro Rail Project 2795,Metro Rail,Qassim,Al Rashid Trading,Ministry of Housing,63859323.68,69923352.47,6064028.79,9.5,2022-05-11,2024-04-23,2024-04-23,0,In Progress,147
PRJ-12796,Metro Rail Project 2796,Metro Rail,Riyadh,AECOM Arabia,Ministry of Health,4192246.0,4792063.08,599817.08,14.31,2018-05-16,2020-05-28,2020-05-28,0,On Hold,454
PRJ-12797,Metro Rail Project 2797,Metro Rail,Jazan,Nesma & Partners,Private Developer,80718439.41,72588993.84,-8129445.57,-10.07,2018-11-10,2020-01-18,2020-01-27,9,Delayed,209
PRJ-12798,Metro Rail Project 2798,Metro Rail,Mecca,Al Bawani,Ministry of Housing,24793513.11,28971471.91,4177958.8,16.85,2019-10-13,2020-11-11,2020-11-11,0,Delayed,395
PRJ-12799,School Project 2799,School,Jazan,SADEEM Construction,Ministry of Housing,103060621.48,93010212.74,-10050408.74,-9.75,2019-10-22,2021-08-28,2021-09-05,8,In Progress,303
PRJ-12800,Industrial Plant Project 2800,Industrial Plant,Riyadh,Al Fouzan,Ministry of Housing,103746989.2,135693403.35,31946414.15,30.79,2021-09-09,2022-04-30,2022-12-29,243,Cancelled,138
PRJ-12801,Industrial Plant Project 2801,Industrial Plant,Dammam,Saudi Binladin Group,Ministry of Transport,60975668.91,62405634.98,1429966.07,2.35,2018-07-04,2021-06-20,2021-07-03,13,In Progress,180
PRJ-12802,Airport Terminal Project 2802,Airport Terminal,Mecca,AECOM Arabia,Ministry of Housing,100606882.85,119842959.93,19236077.08,19.12,2019-01-27,2020-08-18,2020-08-18,0,In Progress,59
PRJ-12803,Metro Rail Project 2803,Metro Rail,Jazan,SSEM,Ministry of Education,26769429.25,31838168.33,5068739.08,18.93,2020-12-26,2022-01-12,2022-02-08,27,Delayed,499
PRJ-12804,Commercial Complex Project 2804,Commercial Complex,Mecca,El Seif Engineering,Ministry of Health,67279963.9,65681673.46,-1598290.44,-2.38,2019-07-02,2021-10-24,2021-10-24,0,In Progress,113
PRJ-12805,Residential Building Project 2805,Residential Building,Qassim,Al Bawani,NEOM Co.,123857663.91,159122997.85,35265333.94,28.47,2021-05-26,2023-12-31,2024-01-19,19,On Hold,366
PRJ-12806,Airport Terminal Project 2806,Airport Terminal,Mecca,El Seif Engineering,Ministry of Health,46061756.46,42318239.69,-3743516.77,-8.13,2019-05-17,2020-01-24,2020-01-30,6,On Hold,25
PRJ-12807,Hospital Project 2807,Hospital,Qassim,Al Arrab,Private Developer,107260811.57,150386123.86,43125312.29,40.21,2020-07-29,2021-04-14,2021-04-20,6,Cancelled,117
PRJ-12808,Commercial Complex Project 2808,Commercial Complex,Jazan,Al Rashid Trading,Ministry of Housing,58861278.68,72125196.76,13263918.08,22.53,2020-04-05,2021-08-01,2021-08-17,16,Completed,200
PRJ-12809,Commercial Complex Project 2809,Commercial Complex,Qassim,El Seif Engineering,Ministry of Education,55472421.97,60892379.81,5419957.84,9.77,2020-10-22,2022-07-27,2022-07-30,3,On Hold,431
PRJ-12810,Hospital Project 2810,Hospital,Tabuk,AECOM Arabia,Private Developer,99728286.92,107604771.75,7876484.83,7.9,2021-06-29,2022-11-25,2022-12-27,32,On Hold,485
PRJ-12811,Highway Project 2811,Highway,Medina,Nesma & Partners,Ministry of Education,69285342.67,70553102.68,1267760.01,1.83,2018-10-23,2021-02-01,2021-02-07,6,On Hold,329
PRJ-12812,Airport Terminal Project 2812,Airport Terminal,Neom,Saudi Binladin Group,NEOM Co.,3945539.72,4018789.98,73250.26,1.86,2018-12-17,2021-09-07,2021-11-14,68,Cancelled,38
PRJ-12813,Residential Building Project 2813,Residential Building,Abha,Al Fouzan,Private Developer,34516314.6,33959926.44,-556388.16,-1.61,2022-06-26,2025-03-05,2025-03-05,0,On Hold,38
PRJ-12814,Airport Terminal Project 2814,Airport Terminal,Mecca,SSEM,Ministry of Education,19547506.72,26612177.12,7064670.4,36.14,2019-10-24,2021-09-07,2022-05-27,262,On Hold,225
PRJ-12815,Dam Project 2815,Dam,Tabuk,Al Fouzan,Ministry of Transport,11733871.5,16026184.84,4292313.34,36.58,2020-12-10,2022-11-07,2022-11-11,4,Cancelled,286
PRJ-12816,Metro Rail Project 2816,Metro Rail,Riyadh,SSEM,Ministry of Transport,51279262.76,66454837.31,15175574.55,29.59,2020-11-19,2022-06-05,2022-07-11,36,Delayed,262
PRJ-12817,Metro Rail Project 2817,Metro Rail,Riyadh,Al Bawani,Private Developer,38775165.37,42468437.26,3693271.89,9.52,2020-11-10,2022-02-21,2022-02-21,0,On Hold,95
PRJ-12818,School Project 2818,School,Qassim,Al Rashid Trading,Private Developer,17882915.2,21454463.91,3571548.71,19.97,2020-11-14,2022-08-29,2022-09-21,23,Completed,450
PRJ-12819,Highway Project 2819,Highway,Riyadh,SSEM,Ministry of Health,40547100.63,62729076.22,22181975.59,54.71,2018-11-06,2019-04-26,2019-05-23,27,Completed,102
PRJ-12820,Commercial Complex Project 2820,Commercial Complex,Neom,Saudi Binladin Group,Royal Commission,149836252.61,175872504.01,26036251.4,17.38,2018-06-30,2020-10-22,2020-11-19,28,Completed,89
PRJ-12821,Metro Rail Project 2821,Metro Rail,Qassim,Al Bawani,Ministry of Health,34168461.48,33386988.68,-781472.8,-2.29,2021-09-04,2024-04-18,2024-04-18,0,In Progress,427
PRJ-12822,Residential Building Project 2822,Residential Building,Jazan,Saudi Binladin Group,Ministry of Health,72178519.23,72913535.49,735016.26,1.02,2022-01-04,2023-05-06,2023-05-06,0,Completed,457
PRJ-12823,Commercial Complex Project 2823,Commercial Complex,Riyadh,SSEM,NEOM Co.,137115271.13,138553423.89,1438152.76,1.05,2020-09-12,2021-07-23,2021-07-23,0,In Progress,208
PRJ-12824,Airport Terminal Project 2824,Airport Terminal,Neom,Al Rashid Trading,Ministry of Transport,56329966.38,57178315.6,848349.22,1.51,2023-01-29,2024-02-04,2024-02-04,0,On Hold,348
PRJ-12825,Industrial Plant Project 2825,Industrial Plant,Neom,SSEM,Ministry of Housing,125574721.45,168437779.07,42863057.62,34.13,2022-01-01,2022-12-05,2023-01-05,31,Delayed,245
PRJ-12826,Airport Terminal Project 2826,Airport Terminal,Neom,Al Arrab,Ministry of Transport,50454381.85,44434724.5,-6019657.35,-11.93,2019-01-27,2022-01-18,2022-03-10,51,Completed,419
PRJ-12827,Dam Project 2827,Dam,Jazan,Al Rashid Trading,Aramco,130684177.26,137718249.17,7034071.91,5.38,2018-12-16,2021-05-08,2021-05-08,0,In Progress,61
PRJ-12828,Hospital Project 2828,Hospital,Tabuk,Al Fouzan,Ministry of Housing,60038410.11,62989309.03,2950898.92,4.92,2022-09-25,2024-11-20,2024-11-20,0,Completed,193
PRJ-12829,Highway Project 2829,Highway,Jeddah,Al Bawani,Ministry of Education,100278621.81,90634789.44,-9643832.37,-9.62,2021-05-20,2023-05-12,2023-05-12,0,Cancelled,150
PRJ-12830,Industrial Plant Project 2830,Industrial Plant,Mecca,Saudi Binladin Group,Private Developer,130797002.54,147064646.36,16267643.82,12.44,2020-11-08,2022-02-17,2022-03-06,17,Completed,169
PRJ-12831,Commercial Complex Project 2831,Commercial Complex,Mecca,SSEM,Ministry of Housing,21167712.06,21841683.81,673971.75,3.18,2023-02-27,2025-03-25,2025-03-25,0,In Progress,341
PRJ-12832,Hospital Project 2832,Hospital,Riyadh,Al Rashid Trading,Ministry of Health,74700254.31,104052081.44,29351827.13,39.29,2020-06-28,2022-03-28,2022-04-12,15,On Hold,429
PRJ-12833,Airport Terminal Project 2833,Airport Terminal,Neom,El Seif Engineering,Ministry of Housing,63424031.05,84317303.11,20893272.06,32.94,2021-08-01,2023-06-18,2023-09-23,97,Cancelled,238
PRJ-12834,Airport Terminal Project 2834,Airport Terminal,Riyadh,Nesma & Partners,Ministry of Transport,121217951.38,141562327.98,20344376.6,16.78,2023-06-17,2025-06-30,2025-07-03,3,Delayed,192
PRJ-12835,School Project 2835,School,Qassim,SADEEM Construction,Private Developer,50858731.37,78266034.62,27407303.25,53.89,2023-06-23,2024-11-15,2024-12-10,25,Completed,478
PRJ-12836,Bridge Project 2836,Bridge,Abha,Al Arrab,Private Developer,12211563.56,18686796.02,6475232.46,53.03,2018-02-14,2020-08-25,2020-08-27,2,In Progress,323
PRJ-12837,Hospital Project 2837,Hospital,Jazan,Al Rashid Trading,Ministry of Education,32321087.86,41510054.13,9188966.27,28.43,2021-09-17,2023-05-18,2023-06-20,33,Cancelled,493
PRJ-12838,Dam Project 2838,Dam,Tabuk,SSEM,NEOM Co.,125017592.44,117207327.5,-7810264.94,-6.25,2023-02-07,2025-01-12,2025-01-12,0,On Hold,129
PRJ-12839,Commercial Complex Project 2839,Commercial Complex,Qassim,Al Arrab,Ministry of Transport,19902553.38,31985451.71,12082898.33,60.71,2018-03-19,2020-06-13,2020-07-07,24,Delayed,296
PRJ-12840,Hospital Project 2840,Hospital,Mecca,Nesma & Partners,Ministry of Transport,62542164.88,83515771.09,20973606.21,33.54,2018-12-25,2019-11-12,2019-11-23,11,Delayed,45
PRJ-12841,Airport Terminal Project 2841,Airport Terminal,Tabuk,SADEEM Construction,Ministry of Transport,139602065.78,212131239.41,72529173.63,51.95,2020-06-05,2022-04-23,2022-10-19,179,In Progress,163
PRJ-12842,Industrial Plant Project 2842,Industrial Plant,Abha,SSEM,Private Developer,149324799.8,135403334.57,-13921465.23,-9.32,2018-12-28,2020-04-29,2020-04-29,0,Cancelled,192
PRJ-12843,Airport Terminal Project 2843,Airport Terminal,Mecca,El Seif Engineering,Ministry of Education,17372292.63,18811419.07,1439126.44,8.28,2022-02-26,2023-02-25,2023-02-25,0,Completed,227
PRJ-12844,Commercial Complex Project 2844,Commercial Complex,Jazan,Saudi Binladin Group,Royal Commission,123176177.68,128271837.01,5095659.33,4.14,2023-04-27,2023-08-08,2023-08-18,10,Cancelled,350
PRJ-12845,Commercial Complex Project 2845,Commercial Complex,Abha,AECOM Arabia,Aramco,118152882.01,108336097.37,-9816784.64,-8.31,2022-09-05,2024-09-25,2024-09-25,0,Completed,126
PRJ-12846,Industrial Plant Project 2846,Industrial Plant,Mecca,SSEM,Ministry of Health,55722705.81,72343615.4,16620909.59,29.83,2022-12-27,2025-03-11,2025-04-01,21,Cancelled,114
PRJ-12847,Dam Project 2847,Dam,Jazan,SADEEM Construction,Ministry of Housing,109427965.94,146649612.33,37221646.39,34.01,2018-09-21,2021-01-11,2021-01-24,13,In Progress,284
PRJ-12848,School Project 2848,School,Mecca,Al Rashid Trading,Ministry of Transport,88013625.71,119908587.32,31894961.61,36.24,2023-03-29,2025-08-24,2025-09-16,23,Delayed,487
PRJ-12849,Residential Building Project 2849,Residential Building,Neom,AECOM Arabia,Ministry of Health,39287651.07,37143226.48,-2144424.59,-5.46,2022-08-05,2024-10-27,2024-10-29,2,In Progress,222
PRJ-12850,School Project 2850,School,Jazan,SSEM,Aramco,34075066.21,51874320.17,17799253.96,52.24,2022-03-09,2024-02-11,2024-03-02,20,On Hold,497
PRJ-12851,Commercial Complex Project 2851,Commercial Complex,Riyadh,Nesma & Partners,Royal Commission,105343354.64,119745074.43,14401719.79,13.67,2020-03-18,2022-07-20,2022-07-20,0,Completed,78
PRJ-12852,Highway Project 2852,Highway,Dammam,Al Rashid Trading,Private Developer,52970855.78,61708160.54,8737304.76,16.49,2021-04-20,2023-04-08,2023-08-14,128,On Hold,226
PRJ-12853,Airport Terminal Project 2853,Airport Terminal,Medina,Al Arrab,Ministry of Education,29185041.07,26802520.17,-2382520.9,-8.16,2021-06-18,2022-09-17,2022-09-17,0,On Hold,324
PRJ-12854,Commercial Complex Project 2854,Commercial Complex,Tabuk,Nesma & Partners,Private Developer,88841955.88,87372844.33,-1469111.55,-1.65,2022-07-26,2023-08-02,2023-12-15,135,Completed,325
PRJ-12855,Highway Project 2855,Highway,Medina,Al Rashid Trading,Royal Commission,7479380.57,7868822.98,389442.41,5.21,2020-07-26,2020-12-27,2021-02-10,45,Delayed,232
PRJ-12856,Industrial Plant Project 2856,Industrial Plant,Dammam,Al Arrab,Ministry of Housing,124531748.9,200065090.13,75533341.23,60.65,2021-01-30,2021-08-20,2021-09-25,36,In Progress,204
PRJ-12857,Bridge Project 2857,Bridge,Jeddah,AECOM Arabia,Royal Commission,61634621.75,75310347.35,13675725.6,22.19,2023-01-27,2025-05-18,2025-06-19,32,Delayed,192
PRJ-12858,Metro Rail Project 2858,Metro Rail,Dammam,Nesma & Partners,Ministry of Education,94773010.25,94858855.37,85845.12,0.09,2020-06-17,2022-08-17,2022-09-03,17,Completed,162
PRJ-12859,Metro Rail Project 2859,Metro Rail,Riyadh,Saudi Binladin Group,Ministry of Transport,76430663.69,80907609.72,4476946.03,5.86,2022-10-24,2025-08-28,2025-08-28,0,Cancelled,175
PRJ-12860,Residential Building Project 2860,Residential Building,Dammam,Al Fouzan,Royal Commission,121685275.31,136367359.65,14682084.34,12.07,2022-02-01,2022-07-06,2022-07-06,0,Delayed,409
PRJ-12861,Industrial Plant Project 2861,Industrial Plant,Mecca,Al Bawani,Ministry of Health,99736847.78,142273918.44,42537070.66,42.65,2018-10-16,2020-05-20,2020-05-23,3,In Progress,303
PRJ-12862,Residential Building Project 2862,Residential Building,Mecca,SSEM,Ministry of Transport,75295620.87,119411080.22,44115459.35,58.59,2019-04-24,2022-03-28,2022-06-03,67,Delayed,203
PRJ-12863,Commercial Complex Project 2863,Commercial Complex,Tabuk,SSEM,Private Developer,8745910.29,7697782.14,-1048128.15,-11.98,2022-08-26,2024-07-10,2024-08-30,51,Completed,143
PRJ-12864,Metro Rail Project 2864,Metro Rail,Jazan,Al Bawani,Ministry of Education,55391859.04,53645943.03,-1745916.01,-3.15,2022-08-15,2024-07-08,2025-05-10,306,Completed,158
PRJ-12865,Residential Building Project 2865,Residential Building,Neom,Al Fouzan,Private Developer,112073914.98,106535190.11,-5538724.87,-4.94,2020-06-21,2021-05-26,2021-05-26,0,Completed,273
PRJ-12866,Bridge Project 2866,Bridge,Riyadh,Al Bawani,Royal Commission,87329126.06,138269470.0,50940343.94,58.33,2018-04-16,2019-12-11,2020-01-17,37,Cancelled,255
PRJ-12867,Bridge Project 2867,Bridge,Jeddah,SADEEM Construction,Ministry of Transport,105971749.46,123507203.97,17535454.51,16.55,2018-06-22,2020-05-08,2020-06-10,33,Delayed,127
PRJ-12868,School Project 2868,School,Jazan,Al Bawani,Ministry of Health,692021.62,884157.02,192135.4,27.76,2021-07-16,2022-04-06,2022-04-09,3,On Hold,418
PRJ-12869,Airport Terminal Project 2869,Airport Terminal,Jeddah,Al Bawani,Ministry of Education,101431917.93,145508469.06,44076551.13,43.45,2018-04-03,2018-10-09,2018-10-25,16,Cancelled,173
PRJ-12870,School Project 2870,School,Mecca,Nesma & Partners,Royal Commission,78518413.15,72413830.99,-6104582.16,-7.77,2020-07-19,2022-12-05,2022-12-05,0,Cancelled,343
PRJ-12871,Residential Building Project 2871,Residential Building,Dammam,Al Arrab,Ministry of Transport,29206429.52,44452144.22,15245714.7,52.2,2023-03-09,2024-02-12,2024-06-18,127,In Progress,371
PRJ-12872,Bridge Project 2872,Bridge,Riyadh,Al Arrab,Ministry of Housing,108874455.62,102782472.48,-6091983.14,-5.6,2019-01-14,2019-06-07,2019-08-13,67,Cancelled,231
PRJ-12873,Hospital Project 2873,Hospital,Tabuk,Saudi Binladin Group,Royal Commission,148538268.92,127657338.53,-20880930.39,-14.06,2022-08-29,2025-06-21,2025-06-28,7,Completed,59
PRJ-12874,Industrial Plant Project 2874,Industrial Plant,Dammam,Saudi Binladin Group,Ministry of Health,149614729.39,207128959.67,57514230.28,38.44,2020-09-10,2022-01-31,2022-02-09,9,Delayed,173
PRJ-12875,Metro Rail Project 2875,Metro Rail,Neom,Nesma & Partners,Ministry of Housing,26914005.97,42341867.49,15427861.52,57.32,2022-10-28,2023-05-03,2023-05-29,26,In Progress,444
PRJ-12876,Airport Terminal Project 2876,Airport Terminal,Dammam,Nesma & Partners,NEOM Co.,48367084.53,48382700.86,15616.33,0.03,2018-10-07,2021-05-27,2021-11-17,174,In Progress,454
PRJ-12877,Metro Rail Project 2877,Metro Rail,Dammam,Nesma & Partners,NEOM Co.,93906912.11,95688007.59,1781095.48,1.9,2020-02-02,2020-06-19,2020-07-01,12,Completed,349
PRJ-12878,Metro Rail Project 2878,Metro Rail,Riyadh,El Seif Engineering,Aramco,47320716.58,74366062.31,27045345.73,57.15,2019-03-02,2021-07-15,2021-07-20,5,In Progress,304
PRJ-12879,Commercial Complex Project 2879,Commercial Complex,Medina,Al Rashid Trading,NEOM Co.,59879439.5,72377851.72,12498412.22,20.87,2019-01-07,2020-04-13,2020-04-21,8,Completed,417
PRJ-12880,Bridge Project 2880,Bridge,Dammam,Al Rashid Trading,Private Developer,48420156.94,54391610.38,5971453.44,12.33,2022-09-01,2023-11-08,2023-11-08,0,Delayed,74
PRJ-12881,Bridge Project 2881,Bridge,Mecca,Nesma & Partners,Ministry of Health,145697376.83,150273745.57,4576368.74,3.14,2022-05-02,2023-06-01,2023-06-01,0,On Hold,416
PRJ-12882,Residential Building Project 2882,Residential Building,Dammam,SADEEM Construction,Ministry of Health,129224493.3,126095778.63,-3128714.67,-2.42,2019-01-31,2020-07-13,2020-08-07,25,Cancelled,496
PRJ-12883,Hospital Project 2883,Hospital,Medina,Al Arrab,Ministry of Education,103748099.94,142185237.43,38437137.49,37.05,2021-10-04,2023-10-15,2023-11-05,21,In Progress,151
PRJ-12884,Metro Rail Project 2884,Metro Rail,Qassim,Al Fouzan,NEOM Co.,133508268.18,137797938.39,4289670.21,3.21,2020-08-24,2022-08-20,2022-08-20,0,Completed,181
PRJ-12885,Highway Project 2885,Highway,Abha,Al Arrab,Royal Commission,135226054.67,167799839.6,32573784.93,24.09,2019-11-12,2022-05-23,2023-01-03,225,On Hold,90
PRJ-12886,Hospital Project 2886,Hospital,Medina,Al Bawani,Ministry of Housing,90681709.28,148434880.39,57753171.11,63.69,2023-02-20,2025-02-13,2025-02-24,11,Delayed,252
PRJ-12887,Hospital Project 2887,Hospital,Medina,Al Rashid Trading,Ministry of Health,100268998.88,91561042.99,-8707955.89,-8.68,2021-04-06,2023-11-21,2023-11-21,0,On Hold,408
PRJ-12888,Industrial Plant Project 2888,Industrial Plant,Abha,Al Arrab,Royal Commission,49329974.91,44153614.02,-5176360.89,-10.49,2019-04-23,2021-06-03,2021-07-02,29,On Hold,75
PRJ-12889,Metro Rail Project 2889,Metro Rail,Qassim,Al Fouzan,Ministry of Transport,4070686.6,4543505.58,472818.98,11.62,2019-08-17,2020-04-20,2020-05-07,17,On Hold,262
PRJ-12890,Metro Rail Project 2890,Metro Rail,Dammam,SADEEM Construction,Aramco,66025641.9,64822271.59,-1203370.31,-1.82,2020-08-30,2021-11-09,2021-11-18,9,On Hold,496
PRJ-12891,Bridge Project 2891,Bridge,Qassim,Al Rashid Trading,Royal Commission,103526931.87,109155829.35,5628897.48,5.44,2019-03-12,2020-03-13,2020-03-13,0,Cancelled,178
PRJ-12892,Airport Terminal Project 2892,Airport Terminal,Abha,Al Rashid Trading,Ministry of Housing,30423054.58,40263279.81,9840225.23,32.34,2022-05-27,2023-10-21,2023-11-01,11,In Progress,161
PRJ-12893,Metro Rail Project 2893,Metro Rail,Jazan,AECOM Arabia,Ministry of Transport,11298287.57,10668248.76,-630038.81,-5.58,2021-05-31,2023-05-21,2023-05-21,0,Completed,222
PRJ-12894,Commercial Complex Project 2894,Commercial Complex,Tabuk,Al Rashid Trading,Aramco,11450217.81,13095559.15,1645341.34,14.37,2020-03-17,2020-09-26,2020-09-26,0,In Progress,365
PRJ-12895,Dam Project 2895,Dam,Jeddah,Saudi Binladin Group,Ministry of Transport,112985180.37,127220621.58,14235441.21,12.6,2020-10-15,2021-02-05,2021-02-05,0,On Hold,40
PRJ-12896,Dam Project 2896,Dam,Dammam,Saudi Binladin Group,Aramco,107590638.85,132507934.94,24917296.09,23.16,2021-01-03,2022-01-08,2022-02-10,33,Cancelled,472
PRJ-12897,Residential Building Project 2897,Residential Building,Qassim,Nesma & Partners,Ministry of Health,96520585.44,130029785.55,33509200.11,34.72,2019-07-18,2021-11-03,2021-11-04,1,Completed,156
PRJ-12898,School Project 2898,School,Medina,AECOM Arabia,Private Developer,116792716.98,132677771.82,15885054.84,13.6,2022-05-03,2024-10-10,2024-10-30,20,Delayed,439
PRJ-12899,Highway Project 2899,Highway,Neom,Nesma & Partners,Ministry of Health,41975296.85,58943431.1,16968134.25,40.42,2021-12-09,2024-07-18,2024-08-17,30,In Progress,479
PRJ-12900,Bridge Project 2900,Bridge,Neom,El Seif Engineering,Ministry of Education,130709656.18,131062601.63,352945.45,0.27,2022-03-13,2022-10-31,2022-10-31,0,Cancelled,332
PRJ-12901,Industrial Plant Project 2901,Industrial Plant,Riyadh,Al Rashid Trading,Ministry of Health,115580959.95,179875087.21,64294127.26,55.63,2021-03-18,2023-10-04,2023-10-28,24,Completed,351
PRJ-12902,Commercial Complex Project 2902,Commercial Complex,Dammam,Al Arrab,Ministry of Health,79407910.19,104207132.77,24799222.58,31.23,2019-08-22,2021-11-24,2021-12-15,21,On Hold,241
PRJ-12903,Residential Building Project 2903,Residential Building,Abha,Al Bawani,Ministry of Transport,112522645.59,102266283.34,-10256362.25,-9.11,2019-11-05,2020-09-13,2020-12-22,100,Completed,499
PRJ-12904,School Project 2904,School,Jeddah,Nesma & Partners,Royal Commission,8488473.06,10813470.08,2324997.02,27.39,2022-05-03,2024-10-13,2025-01-04,83,In Progress,300
PRJ-12905,Metro Rail Project 2905,Metro Rail,Mecca,AECOM Arabia,Ministry of Housing,92428000.68,85489057.45,-6938943.23,-7.51,2022-03-25,2024-08-10,2024-08-29,19,Delayed,149
PRJ-12906,Bridge Project 2906,Bridge,Jazan,Al Arrab,Ministry of Education,115329362.07,126788793.94,11459431.87,9.94,2022-06-27,2024-07-28,2024-09-07,41,Cancelled,416
PRJ-12907,Commercial Complex Project 2907,Commercial Complex,Mecca,Saudi Binladin Group,Private Developer,46282767.16,42019467.38,-4263299.78,-9.21,2022-01-31,2022-07-30,2023-03-12,225,On Hold,317
PRJ-12908,Bridge Project 2908,Bridge,Riyadh,El Seif Engineering,Private Developer,132225219.68,175117467.56,42892247.88,32.44,2021-01-19,2023-11-05,2023-11-13,8,Delayed,306
PRJ-12909,Metro Rail Project 2909,Metro Rail,Jeddah,Saudi Binladin Group,Ministry of Housing,140431129.76,154956869.49,14525739.73,10.34,2019-10-01,2022-05-16,2022-05-16,0,Completed,87
PRJ-12910,Airport Terminal Project 2910,Airport Terminal,Qassim,Al Arrab,Ministry of Health,62457256.96,70275888.04,7818631.08,12.52,2018-09-01,2021-07-05,2021-08-09,35,Completed,392
PRJ-12911,Commercial Complex Project 2911,Commercial Complex,Neom,AECOM Arabia,Ministry of Housing,41950133.24,60854213.44,18904080.2,45.06,2019-08-21,2020-07-28,2021-01-15,171,In Progress,142
PRJ-12912,Airport Terminal Project 2912,Airport Terminal,Tabuk,SADEEM Construction,Private Developer,96885636.62,97523811.94,638175.32,0.66,2018-11-16,2021-08-11,2021-08-11,0,In Progress,48
PRJ-12913,School Project 2913,School,Riyadh,SSEM,Aramco,7849543.96,7137724.26,-711819.7,-9.07,2022-09-11,2024-04-20,2024-04-20,0,In Progress,481
PRJ-12914,Airport Terminal Project 2914,Airport Terminal,Abha,Saudi Binladin Group,Aramco,83350097.69,106680069.45,23329971.76,27.99,2022-06-01,2023-07-27,2023-09-08,43,Completed,414
PRJ-12915,Dam Project 2915,Dam,Jeddah,Al Rashid Trading,NEOM Co.,126197368.25,144294280.49,18096912.24,14.34,2021-12-15,2024-05-24,2024-05-25,1,Completed,79
PRJ-12916,Industrial Plant Project 2916,Industrial Plant,Jazan,Saudi Binladin Group,NEOM Co.,35942023.48,32631803.18,-3310220.3,-9.21,2023-03-26,2026-03-13,2026-03-30,17,Completed,158
PRJ-12917,Commercial Complex Project 2917,Commercial Complex,Jeddah,Nesma & Partners,Ministry of Education,143142680.41,227288564.07,84145883.66,58.78,2021-07-18,2024-03-05,2024-03-12,7,On Hold,488
PRJ-12918,Commercial Complex Project 2918,Commercial Complex,Neom,Al Rashid Trading,Ministry of Health,64171026.68,82988968.92,18817942.24,29.32,2022-10-06,2024-05-05,2024-09-09,127,Delayed,450
PRJ-12919,School Project 2919,School,Medina,AECOM Arabia,Aramco,139659513.19,119308215.94,-20351297.25,-14.57,2021-02-08,2022-01-08,2022-10-30,295,On Hold,164
PRJ-12920,Metro Rail Project 2920,Metro Rail,Jeddah,Al Arrab,Aramco,112361701.52,131566023.75,19204322.23,17.09,2021-03-28,2023-09-05,2023-09-05,0,In Progress,70
PRJ-12921,Hospital Project 2921,Hospital,Mecca,Saudi Binladin Group,Aramco,21388224.76,25444674.53,4056449.77,18.97,2019-05-02,2021-07-27,2021-07-30,3,Delayed,36
PRJ-12922,School Project 2922,School,Neom,Al Arrab,NEOM Co.,140084996.47,178183236.49,38098240.02,27.2,2018-05-17,2019-09-16,2019-10-09,23,Delayed,182
PRJ-12923,Highway Project 2923,Highway,Tabuk,Nesma & Partners,Ministry of Education,21598354.69,18372243.2,-3226111.49,-14.94,2019-10-01,2022-01-25,2022-09-04,222,Delayed,154
PRJ-12924,Dam Project 2924,Dam,Jeddah,SSEM,Private Developer,121615943.57,112649488.15,-8966455.42,-7.37,2020-12-12,2022-08-27,2022-08-27,0,On Hold,319
PRJ-12925,Industrial Plant Project 2925,Industrial Plant,Qassim,AECOM Arabia,Ministry of Transport,95260547.9,96872502.17,1611954.27,1.69,2018-04-30,2021-04-28,2021-07-10,73,Delayed,231
PRJ-12926,Dam Project 2926,Dam,Tabuk,Al Arrab,Ministry of Transport,99958289.02,92322432.64,-7635856.38,-7.64,2020-01-16,2021-04-24,2021-04-24,0,In Progress,446
PRJ-12927,Highway Project 2927,Highway,Jazan,El Seif Engineering,Ministry of Education,90761394.0,130584121.76,39822727.76,43.88,2020-03-09,2020-11-13,2020-11-18,5,Delayed,217
PRJ-12928,Hospital Project 2928,Hospital,Riyadh,SADEEM Construction,Ministry of Health,45534078.57,60539580.7,15005502.13,32.95,2018-01-17,2020-09-27,2020-10-15,18,Completed,160
PRJ-12929,Industrial Plant Project 2929,Industrial Plant,Jeddah,Al Rashid Trading,Ministry of Housing,26105374.89,28510000.3,2404625.41,9.21,2020-02-14,2022-08-30,2022-10-09,40,On Hold,450
PRJ-12930,Highway Project 2930,Highway,Mecca,Saudi Binladin Group,Ministry of Education,99524593.06,139383608.11,39859015.05,40.05,2022-07-13,2024-12-15,2025-07-31,228,On Hold,219
PRJ-12931,Airport Terminal Project 2931,Airport Terminal,Neom,Saudi Binladin Group,Private Developer,19664116.89,20206983.16,542866.27,2.76,2022-07-06,2025-06-25,2025-06-25,0,Cancelled,82
PRJ-12932,Residential Building Project 2932,Residential Building,Jazan,Al Arrab,NEOM Co.,37457308.02,42121213.89,4663905.87,12.45,2020-10-24,2021-08-06,2021-08-06,0,In Progress,81
PRJ-12933,Bridge Project 2933,Bridge,Dammam,Al Bawani,NEOM Co.,39674233.17,62028924.6,22354691.43,56.35,2018-12-25,2019-09-26,2019-11-29,64,Cancelled,152
PRJ-12934,Dam Project 2934,Dam,Tabuk,Nesma & Partners,Ministry of Transport,29867976.63,27483738.91,-2384237.72,-7.98,2021-05-26,2022-08-25,2022-09-22,28,Completed,149
PRJ-12935,Commercial Complex Project 2935,Commercial Complex,Riyadh,Al Bawani,Private Developer,59034796.39,65764557.67,6729761.28,11.4,2021-05-24,2022-11-28,2022-11-28,0,Completed,370
PRJ-12936,Commercial Complex Project 2936,Commercial Complex,Medina,Al Fouzan,Ministry of Housing,99083775.4,107744708.11,8660932.71,8.74,2022-10-13,2025-05-05,2025-05-05,0,Delayed,409
PRJ-12937,Dam Project 2937,Dam,Dammam,Nesma & Partners,NEOM Co.,42739859.12,39848803.23,-2891055.89,-6.76,2022-08-18,2025-06-18,2025-07-02,14,Delayed,70
PRJ-12938,Hospital Project 2938,Hospital,Jazan,Al Bawani,Ministry of Housing,107993911.65,153028723.37,45034811.72,41.7,2022-04-04,2024-03-07,2024-03-28,21,In Progress,484
PRJ-12939,Airport Terminal Project 2939,Airport Terminal,Riyadh,El Seif Engineering,Ministry of Housing,37717056.96,42143993.55,4426936.59,11.74,2019-09-07,2022-06-09,2022-06-20,11,Delayed,134
PRJ-12940,Industrial Plant Project 2940,Industrial Plant,Jeddah,AECOM Arabia,Royal Commission,4348490.26,6490746.41,2142256.15,49.26,2022-04-04,2024-12-11,2024-12-23,12,Completed,486
PRJ-12941,Industrial Plant Project 2941,Industrial Plant,Mecca,SSEM,Ministry of Health,134646125.11,163514436.94,28868311.83,21.44,2020-07-19,2023-01-14,2023-02-04,21,In Progress,291
PRJ-12942,Residential Building Project 2942,Residential Building,Dammam,El Seif Engineering,Ministry of Transport,5108280.5,4395206.28,-713074.22,-13.96,2020-02-29,2020-06-21,2020-08-23,63,Cancelled,338
PRJ-12943,Residential Building Project 2943,Residential Building,Medina,SSEM,Aramco,141740136.99,159251790.01,17511653.02,12.35,2018-10-26,2020-12-07,2020-12-27,20,Cancelled,381
PRJ-12944,Dam Project 2944,Dam,Mecca,Al Rashid Trading,Ministry of Health,138670656.01,148991561.89,10320905.88,7.44,2021-03-25,2023-02-23,2023-02-23,0,Cancelled,175
PRJ-12945,Hospital Project 2945,Hospital,Jazan,Al Fouzan,Private Developer,82565412.41,98509614.67,15944202.26,19.31,2022-04-23,2024-07-05,2024-07-12,7,In Progress,304
PRJ-12946,Residential Building Project 2946,Residential Building,Abha,AECOM Arabia,Ministry of Health,98013468.89,83367658.0,-14645810.89,-14.94,2021-07-29,2023-05-30,2023-07-07,38,In Progress,276
PRJ-12947,Metro Rail Project 2947,Metro Rail,Qassim,Al Arrab,Ministry of Housing,140559587.8,133441314.58,-7118273.22,-5.06,2018-05-17,2019-09-05,2019-09-05,0,On Hold,245
PRJ-12948,Bridge Project 2948,Bridge,Medina,SSEM,Private Developer,35420274.92,34677937.99,-742336.93,-2.1,2020-06-28,2021-10-11,2021-10-11,0,Delayed,83
PRJ-12949,Dam Project 2949,Dam,Abha,El Seif Engineering,Ministry of Transport,6154110.41,10087078.91,3932968.5,63.91,2021-09-21,2023-02-21,2023-02-24,3,Cancelled,39
PRJ-12950,Highway Project 2950,Highway,Tabuk,Al Rashid Trading,Ministry of Housing,47624902.24,44557525.59,-3067376.65,-6.44,2019-07-29,2021-04-03,2021-04-06,3,Cancelled,324
PRJ-12951,Highway Project 2951,Highway,Neom,Al Arrab,Private Developer,108059265.17,114063236.73,6003971.56,5.56,2019-09-10,2020-09-09,2020-11-05,57,In Progress,175
PRJ-12952,Residential Building Project 2952,Residential Building,Qassim,SADEEM Construction,NEOM Co.,3625972.09,3246015.73,-379956.36,-10.48,2022-03-04,2023-02-03,2023-02-10,7,In Progress,164
PRJ-12953,Airport Terminal Project 2953,Airport Terminal,Riyadh,Saudi Binladin Group,Private Developer,15957543.03,16427531.54,469988.51,2.95,2020-07-19,2021-01-06,2021-01-06,0,Delayed,185
PRJ-12954,Bridge Project 2954,Bridge,Abha,AECOM Arabia,Aramco,34872796.44,36713905.82,1841109.38,5.28,2020-12-30,2022-02-28,2022-03-21,21,Cancelled,485
PRJ-12955,Residential Building Project 2955,Residential Building,Abha,Nesma & Partners,Ministry of Education,141110326.51,183929533.17,42819206.66,30.34,2022-07-15,2024-05-11,2024-07-20,70,In Progress,198
PRJ-12956,Dam Project 2956,Dam,Riyadh,Al Rashid Trading,Ministry of Transport,53486386.8,63086221.2,9599834.4,17.95,2021-09-07,2022-07-20,2022-08-03,14,Cancelled,159
PRJ-12957,Hospital Project 2957,Hospital,Dammam,Al Rashid Trading,Aramco,109273108.66,167776177.99,58503069.33,53.54,2021-08-03,2022-09-26,2022-10-14,18,Cancelled,208
PRJ-12958,Bridge Project 2958,Bridge,Riyadh,SADEEM Construction,Ministry of Housing,141642170.5,183930231.59,42288061.09,29.86,2022-08-24,2025-06-12,2025-06-24,12,In Progress,473
PRJ-12959,Metro Rail Project 2959,Metro Rail,Neom,El Seif Engineering,Ministry of Education,14710952.26,17370289.55,2659337.29,18.08,2018-07-23,2019-03-31,2019-04-06,6,Cancelled,81
PRJ-12960,Highway Project 2960,Highway,Riyadh,SADEEM Construction,Aramco,31327306.03,30595155.71,-732150.32,-2.34,2020-08-08,2021-12-28,2022-02-28,62,Completed,193
PRJ-12961,Bridge Project 2961,Bridge,Neom,Nesma & Partners,Ministry of Health,68621292.82,96309375.56,27688082.74,40.35,2021-05-22,2022-09-15,2022-10-12,27,Completed,212
PRJ-12962,Bridge Project 2962,Bridge,Dammam,Al Fouzan,Ministry of Housing,57768870.77,75368464.63,17599593.86,30.47,2019-03-18,2022-03-06,2022-05-05,60,In Progress,266
PRJ-12963,Residential Building Project 2963,Residential Building,Mecca,Al Bawani,Royal Commission,66206413.18,80887789.56,14681376.38,22.18,2019-01-14,2019-04-21,2019-04-23,2,Cancelled,34
PRJ-12964,Commercial Complex Project 2964,Commercial Complex,Neom,Al Rashid Trading,Ministry of Transport,123200008.2,186737943.87,63537935.67,51.57,2020-02-05,2020-12-07,2021-01-04,28,On Hold,53
PRJ-12965,Metro Rail Project 2965,Metro Rail,Riyadh,Saudi Binladin Group,Ministry of Housing,74354744.75,64012882.84,-10341861.91,-13.91,2018-02-14,2020-03-06,2020-03-09,3,Delayed,230
PRJ-12966,Commercial Complex Project 2966,Commercial Complex,Abha,Nesma & Partners,NEOM Co.,45831322.23,67931548.94,22100226.71,48.22,2019-11-29,2022-07-07,2022-08-11,35,Delayed,368
PRJ-12967,Dam Project 2967,Dam,Jeddah,Al Bawani,Royal Commission,44715048.78,53072073.35,8357024.57,18.69,2023-06-10,2024-09-04,2025-03-18,195,Cancelled,328
PRJ-12968,Highway Project 2968,Highway,Medina,Saudi Binladin Group,Private Developer,61873156.26,59342351.37,-2530804.89,-4.09,2022-05-16,2024-11-03,2024-11-10,7,In Progress,79
PRJ-12969,Bridge Project 2969,Bridge,Jeddah,Al Arrab,Ministry of Education,29904939.46,27410859.02,-2494080.44,-8.34,2023-02-20,2024-09-08,2024-09-08,0,Delayed,179
PRJ-12970,School Project 2970,School,Mecca,SSEM,Private Developer,30120545.9,32776500.94,2655955.04,8.82,2019-05-17,2021-12-19,2021-12-19,0,Completed,324
PRJ-12971,Industrial Plant Project 2971,Industrial Plant,Tabuk,Al Rashid Trading,Aramco,47798123.4,56972658.36,9174534.96,19.19,2018-06-14,2021-04-11,2021-04-11,0,On Hold,225
PRJ-12972,School Project 2972,School,Tabuk,Saudi Binladin Group,Royal Commission,29460699.09,33475394.78,4014695.69,13.63,2021-09-11,2022-06-09,2022-06-21,12,On Hold,44
PRJ-12973,Highway Project 2973,Highway,Riyadh,AECOM Arabia,NEOM Co.,1763498.66,2031131.42,267632.76,15.18,2018-06-27,2020-04-14,2020-04-14,0,On Hold,290
PRJ-12974,Residential Building Project 2974,Residential Building,Abha,El Seif Engineering,Ministry of Housing,5283171.79,8261081.66,2977909.87,56.37,2018-09-28,2019-06-04,2019-08-27,84,On Hold,254
PRJ-12975,Airport Terminal Project 2975,Airport Terminal,Jazan,Saudi Binladin Group,Ministry of Health,80560526.45,110611402.41,30050875.96,37.3,2022-08-19,2024-08-22,2024-09-14,23,Delayed,135
PRJ-12976,Highway Project 2976,Highway,Dammam,Al Rashid Trading,Ministry of Education,58363976.78,51699669.22,-6664307.56,-11.42,2021-01-09,2021-08-13,2021-09-13,31,In Progress,203
PRJ-12977,Airport Terminal Project 2977,Airport Terminal,Mecca,Al Bawani,Royal Commission,8580120.29,8899035.86,318915.57,3.72,2019-03-28,2020-08-23,2020-08-23,0,Delayed,443
PRJ-12978,Highway Project 2978,Highway,Neom,SADEEM Construction,Ministry of Transport,82668534.02,77189966.86,-5478567.16,-6.63,2018-03-24,2018-07-14,2018-09-17,65,On Hold,435
PRJ-12979,Hospital Project 2979,Hospital,Medina,AECOM Arabia,NEOM Co.,123485865.12,125713287.08,2227421.96,1.8,2019-05-14,2022-01-22,2022-04-28,96,Delayed,233
PRJ-12980,Hospital Project 2980,Hospital,Neom,Al Bawani,Ministry of Health,59415505.45,69523521.87,10108016.42,17.01,2021-06-08,2022-09-30,2022-10-11,11,Cancelled,375
PRJ-12981,Industrial Plant Project 2981,Industrial Plant,Jeddah,SSEM,Ministry of Transport,22999076.96,34298847.11,11299770.15,49.13,2021-10-30,2024-04-27,2024-05-18,21,Completed,461
PRJ-12982,Hospital Project 2982,Hospital,Medina,Al Bawani,NEOM Co.,66509334.55,101693708.2,35184373.65,52.9,2018-07-13,2018-11-22,2018-12-12,20,Completed,427
PRJ-12983,School Project 2983,School,Tabuk,Nesma & Partners,Ministry of Health,106055688.14,112011406.36,5955718.22,5.62,2019-08-23,2020-12-27,2021-01-16,20,In Progress,456
PRJ-12984,Hospital Project 2984,Hospital,Jeddah,Nesma & Partners,Ministry of Education,132796548.65,136371177.84,3574629.19,2.69,2019-07-27,2020-04-29,2020-05-24,25,In Progress,260
PRJ-12985,Hospital Project 2985,Hospital,Abha,Al Fouzan,Ministry of Health,40733403.02,46474365.86,5740962.84,14.09,2020-08-19,2022-08-07,2022-08-07,0,On Hold,271
PRJ-12986,Industrial Plant Project 2986,Industrial Plant,Neom,Al Arrab,NEOM Co.,7099761.53,8502870.76,1403109.23,19.76,2019-07-25,2020-04-08,2020-04-08,0,Delayed,435
PRJ-12987,Commercial Complex Project 2987,Commercial Complex,Riyadh,SADEEM Construction,Ministry of Health,19987576.12,23301921.06,3314344.94,16.58,2018-10-10,2020-10-09,2020-11-25,47,Cancelled,76
PRJ-12988,Metro Rail Project 2988,Metro Rail,Abha,Al Fouzan,Ministry of Health,74086319.4,87446227.71,13359908.31,18.03,2023-03-18,2024-12-13,2025-02-14,63,Completed,453
PRJ-12989,School Project 2989,School,Dammam,SSEM,Ministry of Health,80855316.17,68878863.34,-11976452.83,-14.81,2020-10-05,2023-01-01,2023-01-02,1,Delayed,369
PRJ-12990,Residential Building Project 2990,Residential Building,Neom,SSEM,Ministry of Transport,37097581.01,40962218.84,3864637.83,10.42,2021-11-03,2022-10-22,2022-10-22,0,Completed,77
PRJ-12991,Metro Rail Project 2991,Metro Rail,Jeddah,SADEEM Construction,Ministry of Health,18629101.56,17401976.33,-1227125.23,-6.59,2022-05-22,2025-01-25,2025-01-25,0,In Progress,85
PRJ-12992,Bridge Project 2992,Bridge,Mecca,SSEM,Ministry of Education,61938610.9,67782587.69,5843976.79,9.44,2022-10-22,2024-08-05,2024-08-05,0,Completed,156
PRJ-12993,Hospital Project 2993,Hospital,Jazan,AECOM Arabia,Ministry of Education,106954762.84,97721413.56,-9233349.28,-8.63,2022-12-02,2025-07-27,2025-08-01,5,Cancelled,159
PRJ-12994,Residential Building Project 2994,Residential Building,Jazan,Saudi Binladin Group,Ministry of Transport,141089356.57,216244439.71,75155083.14,53.27,2021-08-23,2022-07-14,2022-07-23,9,Delayed,241
PRJ-12995,Airport Terminal Project 2995,Airport Terminal,Dammam,Al Rashid Trading,Ministry of Transport,129591971.84,146666592.44,17074620.6,13.18,2021-08-14,2023-02-10,2023-02-10,0,Completed,484
PRJ-12996,Metro Rail Project 2996,Metro Rail,Mecca,Al Fouzan,Aramco,25740624.19,37720322.2,11979698.01,46.54,2023-03-05,2025-06-06,2025-07-27,51,On Hold,16
PRJ-12997,School Project 2997,School,Medina,Al Arrab,Ministry of Transport,89710087.02,89814205.49,104118.47,0.12,2018-10-15,2020-11-30,2020-11-30,0,Cancelled,228
PRJ-12998,Bridge Project 2998,Bridge,Riyadh,El Seif Engineering,Aramco,39745036.34,37223880.06,-2521156.28,-6.34,2022-12-14,2023-08-02,2023-08-02,0,Completed,466
PRJ-12999,Airport Terminal Project 2999,Airport Terminal,Mecca,Al Bawani,Private Developer,76708681.5,82506190.38,5797508.88,7.56,2020-03-05,2020-10-10,2020-10-10,0,Cancelled,114
PRJ-13000,Bridge Project 3000,Bridge,Medina,Al Arrab,Ministry of Education,54221179.08,61856148.21,7634969.13,14.08,2021-03-26,2023-05-16,2023-06-04,19,Cancelled,95
PRJ-13001,Airport Terminal Project 3001,Airport Terminal,Neom,Al Arrab,Ministry of Education,96330405.57,94513248.99,-1817156.58,-1.89,2022-02-24,2024-06-04,2024-08-12,69,On Hold,14
PRJ-13002,Hospital Project 3002,Hospital,Mecca,AECOM Arabia,Private Developer,57520617.08,54199410.08,-3321207.0,-5.77,2020-06-09,2023-03-08,2023-03-08,0,Completed,297
PRJ-13003,Hospital Project 3003,Hospital,Abha,SADEEM Construction,Ministry of Housing,93929093.68,149866704.32,55937610.64,59.55,2022-11-11,2023-06-05,2023-07-14,39,Delayed,400
PRJ-13004,Commercial Complex Project 3004,Commercial Complex,Neom,Al Rashid Trading,Royal Commission,42191352.98,49999426.6,7808073.62,18.51,2022-08-17,2023-01-05,2023-01-05,0,Completed,49
PRJ-13005,Commercial Complex Project 3005,Commercial Complex,Tabuk,SADEEM Construction,Ministry of Health,9957769.44,8919235.58,-1038533.86,-10.43,2020-08-31,2021-03-21,2021-04-17,27,Completed,286
PRJ-13006,Residential Building Project 3006,Residential Building,Medina,Al Bawani,Ministry of Housing,134119241.07,185819349.16,51700108.09,38.55,2019-06-07,2020-06-23,2020-09-28,97,Delayed,133
PRJ-13007,Commercial Complex Project 3007,Commercial Complex,Tabuk,Al Arrab,Ministry of Health,124820301.92,109950864.96,-14869436.96,-11.91,2020-11-08,2023-08-10,2023-08-14,4,Delayed,107
PRJ-13008,Airport Terminal Project 3008,Airport Terminal,Jeddah,SADEEM Construction,Ministry of Transport,131892731.31,125717925.97,-6174805.34,-4.68,2019-09-28,2021-04-28,2021-05-09,11,Completed,110
PRJ-13009,Residential Building Project 3009,Residential Building,Neom,Saudi Binladin Group,Aramco,70534954.94,61702319.79,-8832635.15,-12.52,2020-04-05,2023-02-03,2023-03-02,27,Delayed,239
PRJ-13010,Commercial Complex Project 3010,Commercial Complex,Jazan,SSEM,Private Developer,41596900.91,37846522.76,-3750378.15,-9.02,2018-07-06,2018-11-09,2018-11-09,0,In Progress,464
PRJ-13011,Dam Project 3011,Dam,Jeddah,Al Arrab,Ministry of Transport,63340140.68,103632193.16,40292052.48,63.61,2021-12-08,2023-07-16,2023-09-21,67,Delayed,274
PRJ-13012,School Project 3012,School,Abha,Al Bawani,Ministry of Health,95738609.25,150757626.49,55019017.24,57.47,2018-06-24,2019-01-15,2019-01-20,5,On Hold,234
PRJ-13013,Hospital Project 3013,Hospital,Neom,Al Bawani,Ministry of Transport,77679049.57,123306273.45,45627223.88,58.74,2019-02-12,2021-03-22,2022-01-03,287,Completed,378
PRJ-13014,Hospital Project 3014,Hospital,Riyadh,Al Fouzan,Ministry of Transport,113741623.08,161211071.06,47469447.98,41.73,2019-01-24,2020-05-11,2020-06-19,39,Completed,311
PRJ-13015,Hospital Project 3015,Hospital,Abha,Al Fouzan,Ministry of Education,30450803.25,42650442.5,12199639.25,40.06,2018-11-04,2021-01-24,2021-01-31,7,In Progress,136
PRJ-13016,Metro Rail Project 3016,Metro Rail,Neom,Al Bawani,NEOM Co.,33348551.14,49209170.77,15860619.63,47.56,2018-11-23,2019-12-07,2019-12-24,17,Completed,249
PRJ-13017,Dam Project 3017,Dam,Tabuk,Al Bawani,Ministry of Housing,117700901.46,174638942.13,56938040.67,48.38,2021-10-27,2022-04-03,2022-04-21,18,On Hold,229
PRJ-13018,Airport Terminal Project 3018,Airport Terminal,Jazan,AECOM Arabia,Ministry of Transport,125873958.53,138012327.41,12138368.88,9.64,2022-07-27,2022-10-29,2022-10-29,0,In Progress,413
PRJ-13019,Airport Terminal Project 3019,Airport Terminal,Tabuk,Al Rashid Trading,NEOM Co.,34649664.92,38179527.61,3529862.69,10.19,2022-08-19,2025-05-27,2025-06-05,9,On Hold,230
PRJ-13020,Metro Rail Project 3020,Metro Rail,Qassim,Al Rashid Trading,Private Developer,17962214.11,18278625.33,316411.22,1.76,2018-05-23,2019-07-11,2019-07-20,9,Completed,94
PRJ-13021,Hospital Project 3021,Hospital,Dammam,Al Bawani,Royal Commission,68571648.1,64017410.9,-4554237.2,-6.64,2019-09-07,2022-07-29,2022-10-08,71,Completed,421
PRJ-13022,Airport Terminal Project 3022,Airport Terminal,Jazan,Al Rashid Trading,Ministry of Housing,108180054.63,100240001.99,-7940052.64,-7.34,2023-02-20,2024-11-19,2024-12-23,34,Completed,337
PRJ-13023,Dam Project 3023,Dam,Medina,Al Bawani,NEOM Co.,138424574.53,148189273.89,9764699.36,7.05,2020-09-17,2023-08-15,2023-08-15,0,Completed,71
PRJ-13024,Airport Terminal Project 3024,Airport Terminal,Mecca,Nesma & Partners,Royal Commission,54876965.41,61844231.37,6967265.96,12.7,2021-11-20,2022-06-29,2022-06-29,0,On Hold,111
PRJ-13025,Residential Building Project 3025,Residential Building,Neom,Saudi Binladin Group,Ministry of Housing,38976136.03,34367947.17,-4608188.86,-11.82,2023-02-02,2024-07-29,2025-05-31,306,In Progress,376
PRJ-13026,Industrial Plant Project 3026,Industrial Plant,Dammam,Al Rashid Trading,Private Developer,125991501.62,171267093.46,45275591.84,35.94,2019-08-18,2021-10-07,2021-10-24,17,Completed,188
PRJ-13027,Dam Project 3027,Dam,Jazan,SSEM,Aramco,33575054.06,37037384.61,3462330.55,10.31,2021-06-21,2023-11-03,2023-11-03,0,On Hold,488
PRJ-13028,Commercial Complex Project 3028,Commercial Complex,Neom,AECOM Arabia,Ministry of Education,115949921.25,155857743.62,39907822.37,34.42,2020-02-10,2020-08-28,2020-09-16,19,Delayed,405
PRJ-13029,School Project 3029,School,Abha,SSEM,Ministry of Health,68720725.61,85783761.84,17063036.23,24.83,2018-03-25,2019-04-22,2019-06-28,67,On Hold,278
PRJ-13030,Bridge Project 3030,Bridge,Medina,SADEEM Construction,Private Developer,126350402.0,148891801.06,22541399.06,17.84,2018-02-05,2018-05-22,2018-07-09,48,In Progress,489
PRJ-13031,Industrial Plant Project 3031,Industrial Plant,Dammam,Al Arrab,Royal Commission,34897631.53,52729410.44,17831778.91,51.1,2022-05-18,2023-03-04,2023-03-19,15,In Progress,75
PRJ-13032,Commercial Complex Project 3032,Commercial Complex,Neom,El Seif Engineering,Private Developer,34531064.1,36510761.21,1979697.11,5.73,2021-07-01,2022-06-05,2022-06-05,0,Delayed,364
PRJ-13033,Industrial Plant Project 3033,Industrial Plant,Jazan,Al Rashid Trading,Ministry of Health,121011463.82,165031526.85,44020063.03,36.38,2022-04-11,2022-08-30,2022-09-12,13,Cancelled,68
PRJ-13034,Commercial Complex Project 3034,Commercial Complex,Tabuk,Saudi Binladin Group,Aramco,37221920.32,55293437.34,18071517.02,48.55,2018-05-22,2018-10-03,2018-10-06,3,In Progress,224
PRJ-13035,Residential Building Project 3035,Residential Building,Riyadh,Al Bawani,Ministry of Housing,15295809.2,23465110.27,8169301.07,53.41,2020-04-01,2020-11-14,2020-11-23,9,In Progress,352
PRJ-13036,Industrial Plant Project 3036,Industrial Plant,Jazan,Al Fouzan,Ministry of Education,52297158.42,62333694.62,10036536.2,19.19,2021-02-13,2023-10-15,2023-10-15,0,Delayed,157
PRJ-13037,Airport Terminal Project 3037,Airport Terminal,Qassim,Al Rashid Trading,Royal Commission,146970283.05,129742805.33,-17227477.72,-11.72,2023-01-06,2024-08-21,2024-08-30,9,Delayed,302
PRJ-13038,School Project 3038,School,Jazan,AECOM Arabia,Aramco,105906960.99,98557258.85,-7349702.14,-6.94,2019-06-01,2021-12-14,2021-12-31,17,Cancelled,483
PRJ-13039,School Project 3039,School,Abha,SADEEM Construction,Ministry of Transport,106274661.44,123391152.9,17116491.46,16.11,2018-11-16,2021-05-25,2021-05-25,0,On Hold,364
PRJ-13040,Highway Project 3040,Highway,Abha,Al Arrab,Royal Commission,21228553.1,21027685.1,-200868.0,-0.95,2022-05-14,2023-01-08,2023-01-12,4,Cancelled,180
PRJ-13041,Industrial Plant Project 3041,Industrial Plant,Neom,Nesma & Partners,Ministry of Education,144059820.59,214807199.2,70747378.61,49.11,2018-09-21,2020-11-04,2021-02-15,103,In Progress,20
PRJ-13042,Airport Terminal Project 3042,Airport Terminal,Abha,Saudi Binladin Group,Aramco,59946430.37,60000011.58,53581.21,0.09,2021-09-27,2022-11-02,2022-11-02,0,Delayed,54
PRJ-13043,Metro Rail Project 3043,Metro Rail,Riyadh,Al Bawani,Royal Commission,35555359.01,37126707.07,1571348.06,4.42,2019-03-03,2020-03-13,2020-03-13,0,Completed,215
PRJ-13044,Bridge Project 3044,Bridge,Riyadh,Al Rashid Trading,Ministry of Transport,82998395.66,87620974.97,4622579.31,5.57,2023-01-15,2024-03-07,2024-04-05,29,In Progress,205
PRJ-13045,Metro Rail Project 3045,Metro Rail,Medina,Saudi Binladin Group,Aramco,142323785.09,230923549.26,88599764.17,62.25,2018-04-30,2021-02-11,2021-04-30,78,Cancelled,430
PRJ-13046,Metro Rail Project 3046,Metro Rail,Neom,Al Rashid Trading,Aramco,2720990.31,3038514.29,317523.98,11.67,2020-06-27,2022-04-14,2022-05-03,19,Delayed,447
PRJ-13047,Airport Terminal Project 3047,Airport Terminal,Riyadh,Nesma & Partners,Ministry of Transport,67643950.38,88378962.99,20735012.61,30.65,2021-12-02,2023-02-08,2023-08-26,199,Cancelled,397
PRJ-13048,Highway Project 3048,Highway,Neom,Saudi Binladin Group,Ministry of Transport,65620579.12,94242880.14,28622301.02,43.62,2023-03-07,2023-07-25,2023-08-10,16,On Hold,223
PRJ-13049,School Project 3049,School,Jeddah,Al Rashid Trading,Ministry of Health,103038503.13,108187047.08,5148543.95,5.0,2018-12-15,2020-04-21,2020-06-13,53,Cancelled,413
PRJ-13050,Commercial Complex Project 3050,Commercial Complex,Dammam,Nesma & Partners,Ministry of Health,91624512.21,104982472.63,13357960.42,14.58,2018-05-17,2020-01-29,2020-02-24,26,Cancelled,165
PRJ-13051,Dam Project 3051,Dam,Mecca,SSEM,Ministry of Housing,73165602.51,72736460.13,-429142.38,-0.59,2019-12-13,2022-08-21,2022-08-21,0,Completed,28
PRJ-13052,Hospital Project 3052,Hospital,Qassim,Al Rashid Trading,Ministry of Transport,21705737.44,20282078.03,-1423659.41,-6.56,2022-11-01,2023-02-07,2023-02-14,7,In Progress,319
PRJ-13053,Dam Project 3053,Dam,Neom,Al Bawani,Private Developer,102618901.49,165266211.55,62647310.06,61.05,2018-10-13,2021-10-09,2021-11-10,32,Completed,392
PRJ-13054,Industrial Plant Project 3054,Industrial Plant,Dammam,Al Arrab,Ministry of Transport,109586922.84,100339293.55,-9247629.29,-8.44,2020-04-15,2021-11-11,2021-11-11,0,Completed,397
PRJ-13055,Commercial Complex Project 3055,Commercial Complex,Abha,SSEM,Ministry of Health,132694653.5,153766902.7,21072249.2,15.88,2021-11-14,2023-06-17,2023-06-17,0,On Hold,213
PRJ-13056,Highway Project 3056,Highway,Qassim,Al Bawani,Ministry of Transport,66776387.96,108903118.09,42126730.13,63.09,2023-03-14,2024-08-03,2024-08-29,26,Delayed,22
PRJ-13057,Commercial Complex Project 3057,Commercial Complex,Abha,Nesma & Partners,Ministry of Education,80079502.4,73387338.96,-6692163.44,-8.36,2020-04-02,2023-02-02,2023-04-13,70,On Hold,231
PRJ-13058,School Project 3058,School,Jazan,Al Bawani,Ministry of Housing,29062254.37,29998828.62,936574.25,3.22,2021-12-03,2023-10-07,2023-10-07,0,On Hold,53
PRJ-13059,School Project 3059,School,Tabuk,Nesma & Partners,NEOM Co.,87921142.85,144244279.1,56323136.25,64.06,2023-02-21,2024-12-05,2025-01-24,50,Cancelled,321
PRJ-13060,Residential Building Project 3060,Residential Building,Jazan,SADEEM Construction,Ministry of Transport,58633298.72,87418566.37,28785267.65,49.09,2019-10-14,2022-04-18,2022-04-19,1,Delayed,184
PRJ-13061,Metro Rail Project 3061,Metro Rail,Jazan,SSEM,Ministry of Education,90854917.5,113192758.76,22337841.26,24.59,2020-06-07,2021-02-07,2021-02-13,6,On Hold,204
PRJ-13062,Industrial Plant Project 3062,Industrial Plant,Riyadh,Al Bawani,Ministry of Transport,111475381.71,139310197.0,27834815.29,24.97,2021-02-14,2023-12-05,2024-01-18,44,Completed,172
PRJ-13063,Residential Building Project 3063,Residential Building,Jeddah,SADEEM Construction,Aramco,46129572.25,63690643.2,17561070.95,38.07,2020-06-21,2022-11-19,2023-03-08,109,On Hold,178
PRJ-13064,Dam Project 3064,Dam,Qassim,AECOM Arabia,Ministry of Transport,61531509.14,60555555.86,-975953.28,-1.59,2018-05-24,2020-03-29,2020-03-29,0,Delayed,454
PRJ-13065,School Project 3065,School,Tabuk,El Seif Engineering,Ministry of Education,109799895.96,108412902.71,-1386993.25,-1.26,2021-08-20,2022-02-08,2022-02-16,8,Cancelled,229
PRJ-13066,Residential Building Project 3066,Residential Building,Riyadh,Al Fouzan,Ministry of Housing,79710166.4,107857748.44,28147582.04,35.31,2022-01-11,2022-04-15,2022-04-25,10,Cancelled,370
PRJ-13067,Highway Project 3067,Highway,Qassim,SSEM,Ministry of Education,18131831.89,19521405.12,1389573.23,7.66,2021-08-02,2022-10-23,2023-03-22,150,Completed,406
PRJ-13068,Highway Project 3068,Highway,Neom,Al Rashid Trading,Ministry of Housing,536318.7,503110.28,-33208.42,-6.19,2018-07-28,2019-03-01,2019-03-01,0,Completed,42
PRJ-13069,Airport Terminal Project 3069,Airport Terminal,Abha,Saudi Binladin Group,Ministry of Education,140075498.99,145242495.53,5166996.54,3.69,2018-12-17,2019-12-23,2020-02-21,60,On Hold,348
PRJ-13070,Metro Rail Project 3070,Metro Rail,Tabuk,Nesma & Partners,NEOM Co.,116866599.73,126516447.59,9649847.86,8.26,2019-04-11,2019-12-22,2019-12-22,0,In Progress,430
PRJ-13071,Commercial Complex Project 3071,Commercial Complex,Qassim,Saudi Binladin Group,Ministry of Health,145650254.36,203206645.45,57556391.09,39.52,2022-12-21,2023-09-09,2023-09-23,14,On Hold,337
PRJ-13072,Bridge Project 3072,Bridge,Riyadh,Nesma & Partners,Private Developer,9998590.5,10187305.94,188715.44,1.89,2018-12-20,2021-06-01,2021-06-01,0,On Hold,81
PRJ-13073,Industrial Plant Project 3073,Industrial Plant,Neom,SSEM,Royal Commission,144590740.35,153511159.42,8920419.07,6.17,2020-08-19,2021-07-19,2021-07-19,0,Delayed,22
PRJ-13074,Hospital Project 3074,Hospital,Jazan,El Seif Engineering,Private Developer,43537985.75,40755093.82,-2782891.93,-6.39,2020-03-11,2021-04-17,2021-04-17,0,Delayed,471
PRJ-13075,School Project 3075,School,Jazan,SADEEM Construction,Ministry of Housing,105677486.86,121439386.63,15761899.77,14.92,2020-02-19,2022-05-26,2022-06-26,31,In Progress,195
PRJ-13076,Industrial Plant Project 3076,Industrial Plant,Mecca,Al Fouzan,Ministry of Transport,142665732.1,129349433.06,-13316299.04,-9.33,2019-11-08,2020-10-23,2020-10-23,0,On Hold,468
PRJ-13077,Airport Terminal Project 3077,Airport Terminal,Qassim,Al Arrab,Royal Commission,45906715.82,50807182.02,4900466.2,10.67,2022-11-25,2025-09-29,2025-12-14,76,Delayed,269
PRJ-13078,Bridge Project 3078,Bridge,Mecca,Al Bawani,Ministry of Transport,38211798.66,40514675.62,2302876.96,6.03,2023-04-09,2025-05-15,2025-05-15,0,On Hold,332
PRJ-13079,Highway Project 3079,Highway,Abha,SSEM,Ministry of Transport,123658361.61,115119013.29,-8539348.32,-6.91,2020-03-13,2021-08-29,2021-08-29,0,In Progress,88
PRJ-13080,Residential Building Project 3080,Residential Building,Jazan,SSEM,Royal Commission,141481596.09,140774217.03,-707379.06,-0.5,2020-08-22,2022-05-11,2022-06-27,47,Cancelled,158
PRJ-13081,Bridge Project 3081,Bridge,Dammam,Al Arrab,Ministry of Transport,106945190.2,125322196.36,18377006.16,17.18,2022-08-26,2024-09-26,2024-10-10,14,On Hold,315
PRJ-13082,Hospital Project 3082,Hospital,Qassim,Saudi Binladin Group,Royal Commission,117601868.82,139809269.75,22207400.93,18.88,2022-04-12,2022-08-04,2022-08-04,0,Completed,194
PRJ-13083,Residential Building Project 3083,Residential Building,Neom,Nesma & Partners,Private Developer,19435052.99,23997495.55,4562442.56,23.48,2020-08-07,2021-12-20,2022-01-05,16,Completed,244
PRJ-13084,Bridge Project 3084,Bridge,Mecca,Nesma & Partners,Ministry of Transport,56758616.63,57266988.64,508372.01,0.9,2018-04-04,2020-02-03,2020-02-03,0,On Hold,474
PRJ-13085,Highway Project 3085,Highway,Neom,Al Fouzan,Private Developer,8314165.8,9192653.75,878487.95,10.57,2022-06-03,2024-06-12,2024-06-12,0,Completed,133
PRJ-13086,Airport Terminal Project 3086,Airport Terminal,Riyadh,El Seif Engineering,Ministry of Health,65714055.36,98756843.65,33042788.29,50.28,2019-11-18,2020-07-06,2020-07-12,6,Delayed,29
PRJ-13087,Highway Project 3087,Highway,Riyadh,SADEEM Construction,Royal Commission,120482831.85,131176951.73,10694119.88,8.88,2021-09-09,2021-12-31,2022-01-19,19,Delayed,117
PRJ-13088,Hospital Project 3088,Hospital,Medina,El Seif Engineering,NEOM Co.,95894862.51,99616191.56,3721329.05,3.88,2020-08-08,2023-05-25,2023-06-04,10,In Progress,432
PRJ-13089,Bridge Project 3089,Bridge,Jazan,AECOM Arabia,Royal Commission,109711940.78,100067994.8,-9643945.98,-8.79,2018-06-11,2019-03-20,2019-03-20,0,Completed,67
PRJ-13090,Highway Project 3090,Highway,Medina,Al Fouzan,Ministry of Housing,14667886.42,13874103.76,-793782.66,-5.41,2022-11-15,2023-11-21,2023-11-21,0,On Hold,428
PRJ-13091,Industrial Plant Project 3091,Industrial Plant,Dammam,Al Bawani,Ministry of Health,10814006.3,11690459.62,876453.32,8.1,2021-10-15,2024-05-22,2024-11-02,164,Delayed,66
PRJ-13092,Residential Building Project 3092,Residential Building,Qassim,Al Fouzan,Ministry of Education,22815567.89,36479821.93,13664254.04,59.89,2020-12-18,2021-11-01,2021-11-09,8,Delayed,188
PRJ-13093,Industrial Plant Project 3093,Industrial Plant,Tabuk,El Seif Engineering,Private Developer,78263953.34,121208414.99,42944461.65,54.87,2022-03-30,2024-04-05,2024-11-18,227,Completed,309
PRJ-13094,Bridge Project 3094,Bridge,Tabuk,El Seif Engineering,Aramco,59551045.45,59580974.08,29928.63,0.05,2021-09-25,2023-04-26,2023-04-26,0,Delayed,170
PRJ-13095,Bridge Project 3095,Bridge,Jazan,Saudi Binladin Group,Ministry of Health,31488737.12,34743018.9,3254281.78,10.33,2020-08-28,2021-04-13,2021-04-27,14,On Hold,243
PRJ-13096,Bridge Project 3096,Bridge,Medina,SSEM,Private Developer,101756941.92,100421362.87,-1335579.05,-1.31,2018-07-15,2019-11-11,2019-11-11,0,Completed,351
PRJ-13097,Hospital Project 3097,Hospital,Jazan,Al Fouzan,Ministry of Health,86791362.09,79827887.11,-6963474.98,-8.02,2022-01-18,2024-04-23,2024-04-23,0,On Hold,141
PRJ-13098,Commercial Complex Project 3098,Commercial Complex,Dammam,Al Arrab,Ministry of Housing,29097728.93,46543545.92,17445816.99,59.96,2019-06-12,2021-02-17,2021-03-04,15,On Hold,210
PRJ-13099,Highway Project 3099,Highway,Riyadh,AECOM Arabia,Ministry of Housing,56899171.86,59975697.45,3076525.59,5.41,2021-03-15,2022-08-21,2022-09-22,32,On Hold,133
PRJ-13100,Residential Building Project 3100,Residential Building,Medina,AECOM Arabia,Royal Commission,19491519.61,21330170.23,1838650.62,9.43,2018-06-01,2021-04-28,2021-04-29,1,Completed,169
PRJ-13101,Hospital Project 3101,Hospital,Riyadh,Al Fouzan,NEOM Co.,24070323.51,35109153.12,11038829.61,45.86,2022-08-09,2025-06-03,2025-06-08,5,On Hold,235
PRJ-13102,Bridge Project 3102,Bridge,Jeddah,Nesma & Partners,Ministry of Transport,2867791.61,3308195.8,440404.19,15.36,2022-05-20,2023-06-01,2023-06-25,24,Cancelled,281
PRJ-13103,Residential Building Project 3103,Residential Building,Mecca,Al Bawani,Royal Commission,76229224.99,83905062.43,7675837.44,10.07,2023-04-01,2025-11-16,2025-12-10,24,In Progress,39
PRJ-13104,Highway Project 3104,Highway,Tabuk,AECOM Arabia,Ministry of Transport,44618774.6,69026207.65,24407433.05,54.7,2019-09-02,2021-01-14,2021-02-22,39,In Progress,293
PRJ-13105,Highway Project 3105,Highway,Medina,El Seif Engineering,Ministry of Transport,29290954.05,45935147.51,16644193.46,56.82,2018-09-29,2019-09-15,2019-09-18,3,On Hold,203
PRJ-13106,Dam Project 3106,Dam,Dammam,AECOM Arabia,Aramco,52809371.82,60077764.13,7268392.31,13.76,2022-01-11,2022-08-01,2022-08-25,24,Delayed,331
PRJ-13107,Industrial Plant Project 3107,Industrial Plant,Medina,El Seif Engineering,Ministry of Transport,19307449.28,24522636.18,5215186.9,27.01,2019-09-05,2021-09-26,2021-10-22,26,Delayed,125
PRJ-13108,Commercial Complex Project 3108,Commercial Complex,Riyadh,Nesma & Partners,Ministry of Education,30847537.1,31944497.53,1096960.43,3.56,2018-09-01,2020-04-08,2020-04-08,0,Completed,218
PRJ-13109,Highway Project 3109,Highway,Neom,El Seif Engineering,Ministry of Education,119643651.85,110973538.42,-8670113.43,-7.25,2018-09-17,2020-08-26,2020-09-21,26,Delayed,424
PRJ-13110,Commercial Complex Project 3110,Commercial Complex,Jazan,Al Rashid Trading,NEOM Co.,82429213.84,91564142.12,9134928.28,11.08,2018-08-17,2020-04-19,2020-04-19,0,Cancelled,52
PRJ-13111,Residential Building Project 3111,Residential Building,Qassim,SSEM,Ministry of Transport,119009159.16,115691961.13,-3317198.03,-2.79,2021-06-20,2024-01-05,2024-02-03,29,Cancelled,136
PRJ-13112,School Project 3112,School,Neom,El Seif Engineering,Royal Commission,106670903.36,117679613.01,11008709.65,10.32,2019-03-23,2020-09-16,2020-09-16,0,On Hold,68
PRJ-13113,Residential Building Project 3113,Residential Building,Tabuk,Nesma & Partners,Ministry of Education,4151819.0,4634925.48,483106.48,11.64,2018-01-03,2019-08-15,2019-08-30,15,Cancelled,389
PRJ-13114,Metro Rail Project 3114,Metro Rail,Jeddah,Al Fouzan,Ministry of Transport,100577103.61,133033087.36,32455983.75,32.27,2019-06-05,2019-10-30,2020-07-30,274,In Progress,13
PRJ-13115,Highway Project 3115,Highway,Abha,Al Bawani,Ministry of Transport,137024291.29,217480322.2,80456030.91,58.72,2020-10-09,2022-08-03,2023-01-11,161,Delayed,336
PRJ-13116,Hospital Project 3116,Hospital,Riyadh,Nesma & Partners,Royal Commission,146786642.06,159531008.1,12744366.04,8.68,2020-03-29,2021-11-24,2021-11-24,0,In Progress,342
PRJ-13117,Residential Building Project 3117,Residential Building,Mecca,Saudi Binladin Group,Ministry of Transport,62219489.96,72047453.31,9827963.35,15.8,2020-04-15,2021-04-19,2021-04-19,0,Delayed,162
PRJ-13118,Commercial Complex Project 3118,Commercial Complex,Qassim,Nesma & Partners,Ministry of Transport,38146297.95,51152902.91,13006604.96,34.1,2020-05-18,2022-11-01,2023-02-27,118,Completed,464
PRJ-13119,Bridge Project 3119,Bridge,Qassim,Nesma & Partners,Ministry of Education,119133841.63,118748599.46,-385242.17,-0.32,2018-05-27,2019-02-17,2019-02-19,2,Completed,134
PRJ-13120,Bridge Project 3120,Bridge,Mecca,Al Arrab,Ministry of Housing,113881349.12,130401364.34,16520015.22,14.51,2021-01-22,2021-08-02,2021-08-02,0,Completed,130
PRJ-13121,Airport Terminal Project 3121,Airport Terminal,Qassim,Nesma & Partners,Royal Commission,2585378.29,2952696.26,367317.97,14.21,2019-04-29,2021-10-20,2021-11-21,32,In Progress,360
PRJ-13122,Commercial Complex Project 3122,Commercial Complex,Abha,Al Bawani,Aramco,91918480.48,103314549.81,11396069.33,12.4,2022-05-16,2024-08-24,2024-09-28,35,Completed,131
PRJ-13123,Airport Terminal Project 3123,Airport Terminal,Neom,El Seif Engineering,Ministry of Education,16640385.99,21984426.28,5344040.29,32.11,2022-02-20,2023-01-27,2023-10-07,253,Cancelled,313
PRJ-13124,Industrial Plant Project 3124,Industrial Plant,Jazan,Al Arrab,Ministry of Education,78337975.38,98532597.34,20194621.96,25.78,2018-04-05,2019-01-08,2019-02-17,40,Completed,141
PRJ-13125,Commercial Complex Project 3125,Commercial Complex,Riyadh,SSEM,Ministry of Housing,63655645.61,55454094.5,-8201551.11,-12.88,2018-08-22,2020-03-01,2020-03-16,15,Delayed,456
PRJ-13126,Residential Building Project 3126,Residential Building,Qassim,AECOM Arabia,Royal Commission,50665801.65,78473446.25,27807644.6,54.88,2019-01-05,2019-07-20,2020-04-11,266,Completed,401
PRJ-13127,Commercial Complex Project 3127,Commercial Complex,Neom,El Seif Engineering,Private Developer,49742021.02,75997719.89,26255698.87,52.78,2021-08-09,2024-02-02,2024-02-28,26,Delayed,225
PRJ-13128,Metro Rail Project 3128,Metro Rail,Jazan,Nesma & Partners,Ministry of Health,66470513.34,61309286.6,-5161226.74,-7.76,2019-11-25,2021-02-09,2021-02-09,0,In Progress,242
PRJ-13129,School Project 3129,School,Jazan,El Seif Engineering,Ministry of Transport,76803711.84,91460303.39,14656591.55,19.08,2020-07-02,2021-12-23,2021-12-23,0,Cancelled,266
PRJ-13130,School Project 3130,School,Dammam,Al Arrab,Ministry of Transport,104134826.56,104289852.14,155025.58,0.15,2019-12-27,2021-11-14,2021-11-16,2,On Hold,401
PRJ-13131,School Project 3131,School,Jazan,Al Bawani,Ministry of Transport,115812809.91,155670444.98,39857635.07,34.42,2018-02-21,2021-01-08,2021-03-04,55,On Hold,60
PRJ-13132,Bridge Project 3132,Bridge,Qassim,Al Bawani,Ministry of Education,96841263.86,84510461.89,-12330801.97,-12.73,2019-08-10,2021-12-12,2022-08-15,246,In Progress,121
PRJ-13133,Industrial Plant Project 3133,Industrial Plant,Abha,El Seif Engineering,Private Developer,124365273.81,131482464.04,7117190.23,5.72,2022-06-01,2023-06-30,2023-08-15,46,On Hold,227
PRJ-13134,Bridge Project 3134,Bridge,Medina,Saudi Binladin Group,Private Developer,106447169.63,93914519.38,-12532650.25,-11.77,2021-10-24,2024-09-22,2024-09-29,7,On Hold,408
PRJ-13135,Commercial Complex Project 3135,Commercial Complex,Mecca,Nesma & Partners,Aramco,30569913.12,34244367.69,3674454.57,12.02,2019-01-16,2020-05-03,2020-05-08,5,Cancelled,213
PRJ-13136,Airport Terminal Project 3136,Airport Terminal,Abha,Al Rashid Trading,Ministry of Health,63058199.83,77650062.78,14591862.95,23.14,2020-09-08,2021-09-01,2021-09-22,21,Delayed,203
PRJ-13137,Airport Terminal Project 3137,Airport Terminal,Neom,Al Arrab,Ministry of Education,40965853.59,44305819.57,3339965.98,8.15,2018-02-14,2020-12-19,2020-12-19,0,In Progress,11
PRJ-13138,Residential Building Project 3138,Residential Building,Mecca,Al Bawani,Ministry of Transport,59663852.06,92094307.95,32430455.89,54.36,2021-10-30,2023-06-10,2023-06-20,10,On Hold,383
PRJ-13139,Bridge Project 3139,Bridge,Jeddah,Al Fouzan,NEOM Co.,112138124.52,139722559.66,27584435.14,24.6,2023-05-04,2025-09-04,2025-11-01,58,Cancelled,68
PRJ-13140,Highway Project 3140,Highway,Jazan,Saudi Binladin Group,Ministry of Health,20074222.19,20372505.54,298283.35,1.49,2021-05-10,2022-07-11,2023-06-03,327,Delayed,35
PRJ-13141,School Project 3141,School,Dammam,AECOM Arabia,Aramco,66463835.53,100376789.74,33912954.21,51.02,2021-01-17,2021-07-09,2021-07-11,2,In Progress,153
PRJ-13142,Dam Project 3142,Dam,Jeddah,Al Bawani,Ministry of Transport,19328125.84,29792073.23,10463947.39,54.14,2018-06-29,2018-10-17,2018-12-26,70,Cancelled,405
PRJ-13143,School Project 3143,School,Riyadh,SSEM,Royal Commission,69955123.28,94128539.99,24173416.71,34.56,2020-07-06,2022-08-28,2022-10-07,40,Cancelled,345
PRJ-13144,Industrial Plant Project 3144,Industrial Plant,Neom,SSEM,Private Developer,120559808.53,178265373.57,57705565.04,47.86,2021-06-12,2023-04-28,2023-05-14,16,Delayed,92
PRJ-13145,Highway Project 3145,Highway,Jeddah,SSEM,Aramco,69637294.15,86287409.67,16650115.52,23.91,2019-07-26,2020-02-14,2020-05-08,84,Delayed,223
PRJ-13146,Hospital Project 3146,Hospital,Qassim,El Seif Engineering,Aramco,69661581.15,79102227.19,9440646.04,13.55,2022-12-31,2025-11-18,2025-11-18,0,On Hold,118
PRJ-13147,Hospital Project 3147,Hospital,Abha,Al Rashid Trading,Aramco,123325864.92,131508133.31,8182268.39,6.63,2019-02-14,2020-07-05,2020-07-05,0,On Hold,499
PRJ-13148,Hospital Project 3148,Hospital,Tabuk,SSEM,NEOM Co.,27379773.12,28483930.08,1104156.96,4.03,2022-11-11,2025-03-12,2025-03-12,0,Cancelled,166
PRJ-13149,Metro Rail Project 3149,Metro Rail,Abha,Al Rashid Trading,Ministry of Education,145226839.18,217684878.12,72458038.94,49.89,2021-02-22,2023-12-14,2024-01-24,41,In Progress,279
PRJ-13150,Metro Rail Project 3150,Metro Rail,Neom,AECOM Arabia,Ministry of Housing,5407412.07,5625643.53,218231.46,4.04,2020-12-22,2022-04-27,2022-04-27,0,Completed,68
PRJ-13151,Bridge Project 3151,Bridge,Riyadh,SSEM,Aramco,97169859.48,86424711.75,-10745147.73,-11.06,2020-10-08,2022-03-18,2022-05-10,53,In Progress,68
PRJ-13152,School Project 3152,School,Medina,Al Rashid Trading,Ministry of Health,127939613.4,136194313.21,8254699.81,6.45,2018-09-04,2021-07-03,2021-07-03,0,On Hold,324
PRJ-13153,Airport Terminal Project 3153,Airport Terminal,Tabuk,SADEEM Construction,Ministry of Housing,29998438.6,32264629.89,2266191.29,7.55,2022-10-03,2025-02-11,2025-02-22,11,Completed,134
PRJ-13154,Dam Project 3154,Dam,Dammam,AECOM Arabia,Royal Commission,79863425.63,78012904.35,-1850521.28,-2.32,2019-08-29,2022-01-02,2022-01-03,1,Cancelled,125
PRJ-13155,Hospital Project 3155,Hospital,Abha,Al Rashid Trading,Aramco,121997609.98,114651059.97,-7346550.01,-6.02,2020-09-13,2021-05-17,2021-05-17,0,In Progress,319
PRJ-13156,Highway Project 3156,Highway,Dammam,Al Fouzan,Royal Commission,35392742.28,42920654.14,7527911.86,21.27,2020-06-15,2020-12-30,2021-07-31,213,In Progress,175
PRJ-13157,Airport Terminal Project 3157,Airport Terminal,Jeddah,SADEEM Construction,Ministry of Education,77809572.77,87853477.05,10043904.28,12.91,2020-05-12,2023-01-15,2023-01-15,0,Completed,429
PRJ-13158,Highway Project 3158,Highway,Medina,Al Arrab,Ministry of Housing,67376197.79,90599226.59,23223028.8,34.47,2021-11-26,2022-06-28,2022-08-13,46,Cancelled,143
PRJ-13159,Hospital Project 3159,Hospital,Mecca,El Seif Engineering,Ministry of Transport,17408411.04,20883599.57,3475188.53,19.96,2022-05-02,2024-08-09,2024-08-14,5,Completed,170
PRJ-13160,School Project 3160,School,Medina,Saudi Binladin Group,Ministry of Transport,59834964.27,67198451.29,7363487.02,12.31,2023-01-07,2023-04-15,2023-04-15,0,On Hold,276
PRJ-13161,Hospital Project 3161,Hospital,Neom,Saudi Binladin Group,Ministry of Health,87320202.4,86150830.05,-1169372.35,-1.34,2021-09-16,2023-11-27,2023-12-11,14,Cancelled,285
PRJ-13162,Dam Project 3162,Dam,Dammam,SADEEM Construction,Ministry of Housing,34412146.8,40907475.43,6495328.63,18.88,2022-03-15,2024-01-09,2024-02-03,25,Completed,245
PRJ-13163,Dam Project 3163,Dam,Medina,Al Fouzan,Aramco,77481662.57,106949876.03,29468213.46,38.03,2020-03-31,2021-08-31,2021-12-26,117,In Progress,328
PRJ-13164,Dam Project 3164,Dam,Medina,Al Arrab,Ministry of Education,127954541.76,125060447.0,-2894094.76,-2.26,2020-09-06,2021-01-03,2021-01-03,0,In Progress,371
PRJ-13165,Industrial Plant Project 3165,Industrial Plant,Riyadh,Nesma & Partners,Private Developer,73981376.76,82607116.45,8625739.69,11.66,2021-08-25,2022-04-07,2022-07-27,111,Delayed,58
PRJ-13166,Metro Rail Project 3166,Metro Rail,Qassim,Al Rashid Trading,Ministry of Housing,89459428.57,82934142.45,-6525286.12,-7.29,2021-10-11,2023-03-06,2023-03-06,0,In Progress,232
PRJ-13167,Hospital Project 3167,Hospital,Mecca,Saudi Binladin Group,Aramco,91099242.87,147342853.95,56243611.08,61.74,2021-01-19,2023-10-18,2023-10-20,2,Delayed,147
PRJ-13168,Highway Project 3168,Highway,Mecca,Al Bawani,Private Developer,107491566.48,159144255.72,51652689.24,48.05,2021-10-02,2022-06-08,2023-01-31,237,Delayed,135
PRJ-13169,Hospital Project 3169,Hospital,Riyadh,AECOM Arabia,Private Developer,105763601.94,127966578.68,22202976.74,20.99,2020-04-22,2021-10-13,2021-11-08,26,Completed,70
PRJ-13170,Airport Terminal Project 3170,Airport Terminal,Abha,El Seif Engineering,Royal Commission,128826820.27,160934191.91,32107371.64,24.92,2019-07-16,2020-12-13,2021-03-17,94,Delayed,62
PRJ-13171,Industrial Plant Project 3171,Industrial Plant,Jazan,Al Fouzan,Ministry of Transport,139764489.85,178997409.35,39232919.5,28.07,2021-01-09,2023-01-04,2023-05-19,135,On Hold,29
PRJ-13172,Hospital Project 3172,Hospital,Mecca,Nesma & Partners,Private Developer,68445168.58,65898072.56,-2547096.02,-3.72,2019-10-28,2022-06-02,2022-06-02,0,Cancelled,38
PRJ-13173,Airport Terminal Project 3173,Airport Terminal,Dammam,Al Arrab,Aramco,1056089.29,1101717.61,45628.32,4.32,2023-01-21,2025-03-04,2025-10-14,224,In Progress,172
PRJ-13174,School Project 3174,School,Tabuk,AECOM Arabia,Private Developer,76703614.15,92718422.33,16014808.18,20.88,2022-03-15,2022-12-15,2022-12-29,14,Completed,334
PRJ-13175,Highway Project 3175,Highway,Medina,SSEM,Ministry of Health,147106908.82,178256260.04,31149351.22,21.17,2020-02-21,2022-05-19,2022-05-31,12,On Hold,317
PRJ-13176,Highway Project 3176,Highway,Dammam,AECOM Arabia,Royal Commission,20460574.93,30083748.27,9623173.34,47.03,2019-04-20,2020-03-14,2020-03-15,1,Delayed,57
PRJ-13177,Commercial Complex Project 3177,Commercial Complex,Qassim,Al Rashid Trading,Ministry of Housing,85817134.67,96819873.24,11002738.57,12.82,2021-06-26,2024-01-27,2024-01-27,0,Delayed,74
PRJ-13178,Industrial Plant Project 3178,Industrial Plant,Dammam,SADEEM Construction,Ministry of Housing,22904488.43,24543273.23,1638784.8,7.15,2020-05-19,2021-09-08,2021-09-08,0,In Progress,148
PRJ-13179,School Project 3179,School,Medina,Al Rashid Trading,Private Developer,38419549.91,33010876.84,-5408673.07,-14.08,2020-11-25,2023-01-14,2023-01-21,7,In Progress,141
PRJ-13180,Bridge Project 3180,Bridge,Jazan,Al Fouzan,Aramco,19985938.17,19841648.36,-144289.81,-0.72,2023-05-15,2026-03-31,2026-03-31,0,Cancelled,140
PRJ-13181,Residential Building Project 3181,Residential Building,Qassim,Al Arrab,Royal Commission,17973374.71,19715104.7,1741729.99,9.69,2019-08-13,2022-02-19,2022-06-26,127,Cancelled,100
PRJ-13182,School Project 3182,School,Neom,Nesma & Partners,Royal Commission,19983430.03,26381376.6,6397946.57,32.02,2018-02-12,2019-04-29,2019-05-05,6,Completed,305
PRJ-13183,Hospital Project 3183,Hospital,Dammam,Al Bawani,Royal Commission,10074506.82,11673635.7,1599128.88,15.87,2019-07-12,2021-06-24,2021-06-24,0,Completed,137
PRJ-13184,Metro Rail Project 3184,Metro Rail,Abha,AECOM Arabia,Ministry of Health,144244202.05,174546478.03,30302275.98,21.01,2019-11-01,2020-11-15,2020-11-23,8,On Hold,217
PRJ-13185,Hospital Project 3185,Hospital,Riyadh,SADEEM Construction,Ministry of Education,3809100.43,4499084.11,689983.68,18.11,2022-07-02,2023-02-04,2023-03-06,30,Completed,400
PRJ-13186,Metro Rail Project 3186,Metro Rail,Neom,Al Fouzan,Private Developer,40873740.68,56128575.32,15254834.64,37.32,2021-02-01,2021-09-18,2021-09-24,6,Delayed,155
PRJ-13187,Metro Rail Project 3187,Metro Rail,Abha,Al Arrab,Ministry of Health,62724446.14,87894967.59,25170521.45,40.13,2020-07-10,2021-12-22,2021-12-27,5,Delayed,243
PRJ-13188,Residential Building Project 3188,Residential Building,Abha,El Seif Engineering,Ministry of Education,84978306.31,130606357.89,45628051.58,53.69,2022-10-14,2024-12-29,2025-10-06,281,On Hold,309
PRJ-13189,Residential Building Project 3189,Residential Building,Jeddah,SADEEM Construction,Ministry of Education,18062646.88,25085646.56,7022999.68,38.88,2018-06-18,2021-04-02,2021-05-18,46,In Progress,418
PRJ-13190,Airport Terminal Project 3190,Airport Terminal,Mecca,SSEM,Aramco,17694135.06,21290252.69,3596117.63,20.32,2020-03-14,2021-05-22,2021-06-26,35,On Hold,382
PRJ-13191,Hospital Project 3191,Hospital,Riyadh,Al Fouzan,Aramco,141775225.44,193419220.75,51643995.31,36.43,2022-01-30,2023-11-06,2023-11-10,4,Completed,206
PRJ-13192,Dam Project 3192,Dam,Mecca,SADEEM Construction,NEOM Co.,57606016.8,68380899.72,10774882.92,18.7,2019-08-05,2020-05-30,2020-05-30,0,Delayed,322
PRJ-13193,School Project 3193,School,Neom,Al Bawani,Royal Commission,49831246.85,59232199.24,9400952.39,18.87,2022-12-14,2023-04-02,2023-04-02,0,Delayed,398
PRJ-13194,Residential Building Project 3194,Residential Building,Tabuk,Al Arrab,Ministry of Health,135272134.74,201938763.73,66666628.99,49.28,2021-12-19,2024-08-12,2024-08-21,9,On Hold,185
PRJ-13195,Industrial Plant Project 3195,Industrial Plant,Riyadh,Nesma & Partners,Private Developer,149342828.17,145728567.55,-3614260.62,-2.42,2018-12-31,2021-10-08,2021-10-08,0,On Hold,435
PRJ-13196,Airport Terminal Project 3196,Airport Terminal,Neom,Nesma & Partners,Royal Commission,65798186.81,71453205.96,5655019.15,8.59,2020-07-01,2022-12-28,2023-01-19,22,In Progress,179
PRJ-13197,Residential Building Project 3197,Residential Building,Medina,Al Bawani,Royal Commission,2782093.53,2687610.22,-94483.31,-3.4,2021-12-16,2024-08-24,2024-08-24,0,In Progress,396
PRJ-13198,School Project 3198,School,Mecca,Al Bawani,Aramco,42649564.21,44060407.97,1410843.76,3.31,2020-04-22,2022-04-26,2022-04-26,0,Delayed,303
PRJ-13199,Bridge Project 3199,Bridge,Abha,Al Bawani,Ministry of Housing,26079820.52,36875012.1,10795191.58,41.39,2020-02-29,2022-04-16,2022-06-16,61,In Progress,19
PRJ-13200,Commercial Complex Project 3200,Commercial Complex,Riyadh,El Seif Engineering,NEOM Co.,13237471.4,18174057.82,4936586.42,37.29,2021-01-29,2022-07-22,2022-08-22,31,Completed,422
PRJ-13201,Metro Rail Project 3201,Metro Rail,Medina,Saudi Binladin Group,Private Developer,143455065.46,139779708.66,-3675356.8,-2.56,2023-03-01,2025-03-18,2025-03-18,0,On Hold,245
PRJ-13202,Hospital Project 3202,Hospital,Qassim,Al Arrab,Ministry of Education,139204826.17,198571388.04,59366561.87,42.65,2022-12-31,2023-05-19,2023-08-07,80,In Progress,36
PRJ-13203,Bridge Project 3203,Bridge,Abha,Al Rashid Trading,Private Developer,114981616.5,145003393.36,30021776.86,26.11,2021-10-24,2022-11-29,2022-12-01,2,Delayed,216
PRJ-13204,Airport Terminal Project 3204,Airport Terminal,Neom,Al Arrab,Ministry of Transport,35121657.2,52620764.38,17499107.18,49.82,2018-08-03,2019-06-27,2019-07-02,5,In Progress,110
PRJ-13205,Bridge Project 3205,Bridge,Tabuk,SSEM,Ministry of Health,20688201.43,21528049.13,839847.7,4.06,2020-09-03,2021-03-02,2021-03-02,0,Completed,239
PRJ-13206,Bridge Project 3206,Bridge,Jeddah,SSEM,Private Developer,140817446.82,229869659.35,89052212.53,63.24,2022-11-10,2023-11-21,2023-11-27,6,On Hold,98
PRJ-13207,School Project 3207,School,Dammam,Al Arrab,Ministry of Transport,149146053.87,147075040.42,-2071013.45,-1.39,2020-03-14,2023-02-02,2023-02-26,24,Completed,270
PRJ-13208,Metro Rail Project 3208,Metro Rail,Qassim,AECOM Arabia,Ministry of Education,47757680.75,52412114.68,4654433.93,9.75,2020-10-12,2023-04-23,2023-05-09,16,Delayed,323
PRJ-13209,Industrial Plant Project 3209,Industrial Plant,Mecca,Al Rashid Trading,Private Developer,42455019.19,50592326.56,8137307.37,19.17,2020-10-25,2023-06-01,2023-06-01,0,Delayed,444
PRJ-13210,Bridge Project 3210,Bridge,Jazan,SSEM,Private Developer,23428041.7,26239368.58,2811326.88,12.0,2022-08-19,2025-05-04,2025-05-04,0,In Progress,253
PRJ-13211,School Project 3211,School,Jazan,Al Arrab,Ministry of Education,561338.27,888460.62,327122.35,58.28,2018-02-21,2019-03-06,2019-04-02,27,On Hold,225
PRJ-13212,Dam Project 3212,Dam,Tabuk,El Seif Engineering,Private Developer,43546147.07,59716740.36,16170593.29,37.13,2020-06-30,2022-06-01,2022-06-07,6,Completed,172
PRJ-13213,Dam Project 3213,Dam,Medina,Al Rashid Trading,Ministry of Housing,107033910.39,118321011.29,11287100.9,10.55,2021-04-19,2023-04-15,2024-01-17,277,Completed,302
PRJ-13214,Industrial Plant Project 3214,Industrial Plant,Riyadh,Al Arrab,Royal Commission,38204259.12,45339884.07,7135624.95,18.68,2020-01-02,2021-05-13,2021-05-13,0,Delayed,379
PRJ-13215,Industrial Plant Project 3215,Industrial Plant,Tabuk,Al Rashid Trading,Royal Commission,138533276.49,211534092.08,73000815.59,52.7,2021-09-07,2023-10-07,2023-10-25,18,In Progress,477
PRJ-13216,Bridge Project 3216,Bridge,Dammam,Al Arrab,Ministry of Health,68122359.91,69983238.35,1860878.44,2.73,2021-07-16,2021-11-15,2021-11-15,0,Completed,451
PRJ-13217,Residential Building Project 3217,Residential Building,Mecca,SSEM,Ministry of Housing,23936060.67,28510836.56,4574775.89,19.11,2021-03-14,2023-11-04,2024-07-09,248,In Progress,427
PRJ-13218,Industrial Plant Project 3218,Industrial Plant,Neom,Al Fouzan,Ministry of Health,80843832.32,83530588.28,2686755.96,3.32,2018-06-11,2018-11-27,2018-11-27,0,Cancelled,300
PRJ-13219,Metro Rail Project 3219,Metro Rail,Abha,Al Fouzan,Aramco,117312754.65,159325454.25,42012699.6,35.81,2021-01-26,2021-07-23,2021-08-26,34,Cancelled,120
PRJ-13220,Dam Project 3220,Dam,Mecca,Al Arrab,Ministry of Health,136478536.55,123568977.59,-12909558.96,-9.46,2019-10-01,2020-03-17,2020-03-17,0,On Hold,482
PRJ-13221,Commercial Complex Project 3221,Commercial Complex,Qassim,Al Arrab,Ministry of Education,83778614.14,107493684.54,23715070.4,28.31,2018-01-01,2020-02-14,2020-03-31,46,Cancelled,220
PRJ-13222,School Project 3222,School,Abha,Al Bawani,NEOM Co.,48922385.11,76321389.27,27399004.16,56.01,2021-06-11,2023-09-04,2023-09-08,4,In Progress,198
PRJ-13223,School Project 3223,School,Tabuk,AECOM Arabia,Royal Commission,70878977.66,93466810.61,22587832.95,31.87,2020-12-14,2021-03-31,2022-01-31,306,In Progress,369
PRJ-13224,Bridge Project 3224,Bridge,Medina,Saudi Binladin Group,NEOM Co.,101291721.43,139511563.06,38219841.63,37.73,2021-12-13,2023-10-22,2023-12-09,48,Delayed,447
PRJ-13225,Residential Building Project 3225,Residential Building,Tabuk,SADEEM Construction,Ministry of Education,60009198.68,89559913.63,29550714.95,49.24,2019-05-11,2021-07-05,2021-07-26,21,In Progress,44
PRJ-13226,Industrial Plant Project 3226,Industrial Plant,Riyadh,Al Fouzan,Aramco,56360719.31,52221142.43,-4139576.88,-7.34,2022-11-29,2023-10-06,2023-10-20,14,Completed,167
PRJ-13227,Dam Project 3227,Dam,Mecca,SSEM,Ministry of Transport,137230373.07,187809006.91,50578633.84,36.86,2021-02-04,2021-12-09,2021-12-11,2,On Hold,385
PRJ-13228,Airport Terminal Project 3228,Airport Terminal,Tabuk,Nesma & Partners,Private Developer,62272574.58,63623006.24,1350431.66,2.17,2019-09-05,2021-03-14,2021-03-14,0,Completed,106
PRJ-13229,Hospital Project 3229,Hospital,Neom,SADEEM Construction,Private Developer,102092999.57,93938639.74,-8154359.83,-7.99,2018-02-04,2018-08-18,2018-08-18,0,In Progress,479
PRJ-13230,Bridge Project 3230,Bridge,Qassim,SSEM,Ministry of Transport,89259014.55,101006352.02,11747337.47,13.16,2020-01-02,2022-08-07,2022-08-07,0,On Hold,221
PRJ-13231,Industrial Plant Project 3231,Industrial Plant,Jazan,SSEM,Private Developer,124317807.3,194922271.03,70604463.73,56.79,2019-02-22,2019-08-28,2019-09-02,5,Delayed,49
PRJ-13232,Airport Terminal Project 3232,Airport Terminal,Medina,Saudi Binladin Group,NEOM Co.,98593840.73,122081316.41,23487475.68,23.82,2020-11-18,2022-02-14,2022-04-19,64,On Hold,405
PRJ-13233,Hospital Project 3233,Hospital,Qassim,El Seif Engineering,Royal Commission,81533985.09,128002456.36,46468471.27,56.99,2023-05-02,2024-03-02,2024-05-16,75,Cancelled,196
PRJ-13234,Highway Project 3234,Highway,Jeddah,SSEM,Royal Commission,67500050.57,78606262.36,11106211.79,16.45,2022-12-01,2024-02-15,2024-02-24,9,Cancelled,277
PRJ-13235,Industrial Plant Project 3235,Industrial Plant,Jeddah,Nesma & Partners,Ministry of Health,58470767.12,57655688.28,-815078.84,-1.39,2020-01-10,2021-03-13,2021-03-13,0,Completed,202
PRJ-13236,Dam Project 3236,Dam,Tabuk,AECOM Arabia,NEOM Co.,40652650.85,36826811.04,-3825839.81,-9.41,2021-01-06,2021-11-12,2022-01-10,59,Cancelled,122
PRJ-13237,Industrial Plant Project 3237,Industrial Plant,Qassim,AECOM Arabia,Aramco,101802871.72,100607302.99,-1195568.73,-1.17,2022-12-31,2024-10-11,2024-12-24,74,In Progress,282
PRJ-13238,Commercial Complex Project 3238,Commercial Complex,Mecca,Al Arrab,Ministry of Transport,52003631.06,47763406.33,-4240224.73,-8.15,2018-09-18,2019-09-08,2019-09-08,0,In Progress,169
PRJ-13239,Highway Project 3239,Highway,Jeddah,AECOM Arabia,Royal Commission,40861058.71,46194502.39,5333443.68,13.05,2020-08-06,2022-06-15,2022-06-15,0,Completed,440
PRJ-13240,Metro Rail Project 3240,Metro Rail,Jeddah,Nesma & Partners,Aramco,132809791.02,162139275.69,29329484.67,22.08,2019-10-06,2021-06-14,2021-06-21,7,Delayed,56
PRJ-13241,Commercial Complex Project 3241,Commercial Complex,Mecca,Al Arrab,Aramco,70813445.17,103404571.52,32591126.35,46.02,2019-05-26,2020-03-12,2020-05-13,62,Delayed,195
PRJ-13242,Bridge Project 3242,Bridge,Riyadh,El Seif Engineering,Royal Commission,77205044.15,117960355.01,40755310.86,52.79,2018-03-21,2019-02-02,2019-03-07,33,Delayed,15
PRJ-13243,Dam Project 3243,Dam,Jazan,Al Bawani,Aramco,1926073.63,3035096.3,1109022.67,57.58,2021-12-29,2024-02-14,2024-12-12,302,On Hold,194
PRJ-13244,Metro Rail Project 3244,Metro Rail,Qassim,SADEEM Construction,Royal Commission,111176798.11,141607624.52,30430826.41,27.37,2020-07-24,2021-09-14,2021-10-07,23,On Hold,131
PRJ-13245,Industrial Plant Project 3245,Industrial Plant,Tabuk,SADEEM Construction,Aramco,52491629.59,55439357.94,2947728.35,5.62,2021-02-17,2023-07-28,2023-07-28,0,Cancelled,60
PRJ-13246,Highway Project 3246,Highway,Abha,AECOM Arabia,Private Developer,98479788.32,139971540.62,41491752.3,42.13,2018-11-09,2020-01-22,2020-02-07,16,Completed,488
PRJ-13247,Metro Rail Project 3247,Metro Rail,Jeddah,Saudi Binladin Group,Ministry of Health,129254217.98,122326896.91,-6927321.07,-5.36,2018-08-03,2021-07-23,2021-07-23,0,On Hold,363
PRJ-13248,Metro Rail Project 3248,Metro Rail,Jeddah,Saudi Binladin Group,Ministry of Housing,68006279.91,69530030.48,1523750.57,2.24,2022-03-24,2024-12-24,2024-12-24,0,Cancelled,335
PRJ-13249,Highway Project 3249,Highway,Dammam,SADEEM Construction,NEOM Co.,103275988.21,140682626.73,37406638.52,36.22,2022-02-24,2024-08-21,2024-08-29,8,On Hold,432
PRJ-13250,Airport Terminal Project 3250,Airport Terminal,Dammam,Nesma & Partners,Aramco,131684641.64,207905366.18,76220724.54,57.88,2022-07-19,2024-07-26,2024-08-11,16,On Hold,97
PRJ-13251,School Project 3251,School,Neom,AECOM Arabia,Ministry of Health,148977978.97,154407116.48,5429137.51,3.64,2018-10-27,2021-09-28,2021-10-01,3,Delayed,264
PRJ-13252,Metro Rail Project 3252,Metro Rail,Jeddah,Saudi Binladin Group,Ministry of Housing,142581772.85,132339528.16,-10242244.69,-7.18,2021-03-10,2022-05-27,2022-08-30,95,Delayed,262
PRJ-13253,Highway Project 3253,Highway,Dammam,Al Bawani,Ministry of Education,2742275.81,4516007.85,1773732.04,64.68,2021-12-11,2022-04-30,2022-05-05,5,Completed,340
PRJ-13254,Dam Project 3254,Dam,Mecca,Al Bawani,Royal Commission,27409942.68,28801388.74,1391446.06,5.08,2020-10-07,2022-09-27,2022-09-27,0,In Progress,294
PRJ-13255,Dam Project 3255,Dam,Jeddah,Nesma & Partners,Royal Commission,127338450.1,137697012.12,10358562.02,8.13,2019-08-28,2020-02-24,2020-02-24,0,Completed,179
PRJ-13256,Airport Terminal Project 3256,Airport Terminal,Riyadh,Nesma & Partners,Ministry of Health,41915304.61,45133097.25,3217792.64,7.68,2022-07-09,2022-10-23,2022-12-21,59,Completed,98
PRJ-13257,Highway Project 3257,Highway,Mecca,Saudi Binladin Group,Ministry of Health,103169980.18,113720750.0,10550769.82,10.23,2020-01-05,2022-06-14,2022-06-14,0,Delayed,240
PRJ-13258,School Project 3258,School,Neom,Al Fouzan,Ministry of Housing,33613285.55,39576270.95,5962985.4,17.74,2021-04-01,2023-07-05,2023-07-06,1,Cancelled,383
PRJ-13259,Metro Rail Project 3259,Metro Rail,Qassim,Al Fouzan,Ministry of Health,43734376.22,49974979.77,6240603.55,14.27,2023-05-27,2024-09-29,2024-09-29,0,Completed,471
PRJ-13260,School Project 3260,School,Tabuk,Al Fouzan,Ministry of Health,120154446.17,160431391.67,40276945.5,33.52,2018-10-03,2021-04-04,2021-04-22,18,Cancelled,270
PRJ-13261,Airport Terminal Project 3261,Airport Terminal,Jazan,Al Arrab,Royal Commission,90836797.64,104294037.08,13457239.44,14.81,2021-11-28,2023-05-07,2023-05-07,0,Cancelled,434
PRJ-13262,Bridge Project 3262,Bridge,Jeddah,Al Rashid Trading,Ministry of Health,64037860.91,68009997.15,3972136.24,6.2,2023-05-18,2025-06-20,2025-06-29,9,In Progress,441
PRJ-13263,Metro Rail Project 3263,Metro Rail,Riyadh,El Seif Engineering,Aramco,80660745.75,83463259.87,2802514.12,3.47,2022-01-28,2024-07-24,2024-07-24,0,Completed,482
PRJ-13264,Industrial Plant Project 3264,Industrial Plant,Jazan,AECOM Arabia,Private Developer,66298055.26,94466971.38,28168916.12,42.49,2022-03-23,2024-05-02,2024-05-04,2,Cancelled,325
PRJ-13265,Residential Building Project 3265,Residential Building,Medina,Al Bawani,Ministry of Housing,32453634.85,38301995.87,5848361.02,18.02,2019-11-06,2020-09-03,2020-09-09,6,Delayed,448
PRJ-13266,Airport Terminal Project 3266,Airport Terminal,Neom,Al Fouzan,Ministry of Transport,34552862.07,37149768.12,2596906.05,7.52,2018-12-12,2020-10-05,2020-10-05,0,Delayed,47
PRJ-13267,Metro Rail Project 3267,Metro Rail,Jeddah,SADEEM Construction,Ministry of Education,56033769.23,57976657.07,1942887.84,3.47,2021-02-27,2023-09-03,2023-09-03,0,In Progress,167
PRJ-13268,Dam Project 3268,Dam,Dammam,Al Bawani,Ministry of Transport,80806813.58,77660249.33,-3146564.25,-3.89,2020-01-05,2021-11-27,2021-11-27,0,On Hold,252
PRJ-13269,Bridge Project 3269,Bridge,Riyadh,AECOM Arabia,Royal Commission,23784867.62,28469986.16,4685118.54,19.7,2019-03-29,2021-07-12,2021-09-13,63,On Hold,14
PRJ-13270,Airport Terminal Project 3270,Airport Terminal,Mecca,Al Bawani,Ministry of Health,62107994.64,77534443.07,15426448.43,24.84,2021-07-07,2024-01-17,2024-01-18,1,Delayed,204
PRJ-13271,Highway Project 3271,Highway,Neom,Nesma & Partners,Royal Commission,83348373.38,88987079.31,5638705.93,6.77,2021-09-20,2024-02-19,2024-02-19,0,In Progress,456
PRJ-13272,Highway Project 3272,Highway,Qassim,Nesma & Partners,Ministry of Housing,106201159.81,111700097.35,5498937.54,5.18,2022-04-14,2024-08-29,2024-09-03,5,In Progress,201
PRJ-13273,Bridge Project 3273,Bridge,Riyadh,Al Arrab,Royal Commission,121704204.55,144116178.04,22411973.49,18.42,2021-01-01,2022-06-12,2022-06-12,0,On Hold,258
PRJ-13274,School Project 3274,School,Jazan,Al Bawani,Ministry of Housing,20821945.73,21266306.92,444361.19,2.13,2023-04-28,2025-04-12,2025-05-02,20,Cancelled,122
PRJ-13275,Dam Project 3275,Dam,Mecca,SADEEM Construction,Royal Commission,9480938.67,9148632.72,-332305.95,-3.5,2021-03-23,2023-10-19,2023-10-30,11,In Progress,192
PRJ-13276,Bridge Project 3276,Bridge,Jeddah,SSEM,Royal Commission,106634994.48,113045636.99,6410642.51,6.01,2019-12-07,2022-09-10,2022-09-10,0,Cancelled,331
PRJ-13277,Highway Project 3277,Highway,Qassim,AECOM Arabia,Ministry of Education,22003253.41,19863931.57,-2139321.84,-9.72,2021-01-05,2022-01-11,2022-01-11,0,Completed,361
PRJ-13278,Commercial Complex Project 3278,Commercial Complex,Mecca,Al Bawani,Ministry of Health,121319478.83,115600275.01,-5719203.82,-4.71,2022-12-23,2025-02-20,2025-02-20,0,On Hold,175
PRJ-13279,Commercial Complex Project 3279,Commercial Complex,Jeddah,AECOM Arabia,Ministry of Education,91129388.01,120143960.01,29014572.0,31.84,2019-06-11,2020-11-16,2020-11-28,12,On Hold,192
PRJ-13280,Hospital Project 3280,Hospital,Jeddah,Al Fouzan,Ministry of Health,47690217.23,49042712.12,1352494.89,2.84,2022-12-22,2024-02-03,2024-02-05,2,Cancelled,316
PRJ-13281,School Project 3281,School,Medina,Saudi Binladin Group,Ministry of Housing,28614755.69,39391846.05,10777090.36,37.66,2023-05-11,2025-03-10,2025-03-26,16,In Progress,41
PRJ-13282,Commercial Complex Project 3282,Commercial Complex,Abha,Al Rashid Trading,Ministry of Housing,39939008.2,36089725.75,-3849282.45,-9.64,2022-04-03,2022-09-27,2022-09-27,0,In Progress,98
PRJ-13283,Industrial Plant Project 3283,Industrial Plant,Dammam,Nesma & Partners,Private Developer,78081135.96,84462539.08,6381403.12,8.17,2021-01-13,2023-05-30,2023-05-30,0,Cancelled,95
PRJ-13284,Dam Project 3284,Dam,Abha,Al Arrab,Ministry of Housing,144449138.85,177230144.38,32781005.53,22.69,2021-07-11,2023-05-13,2023-06-08,26,Completed,498
PRJ-13285,Commercial Complex Project 3285,Commercial Complex,Qassim,Saudi Binladin Group,Private Developer,86223543.07,130430570.58,44207027.51,51.27,2022-06-14,2022-09-20,2022-12-07,78,Cancelled,12
PRJ-13286,Commercial Complex Project 3286,Commercial Complex,Tabuk,Al Rashid Trading,Ministry of Education,48785320.64,51717654.54,2932333.9,6.01,2019-05-11,2021-09-12,2021-09-20,8,On Hold,214
PRJ-13287,Dam Project 3287,Dam,Jeddah,Al Fouzan,Royal Commission,75910945.44,95084180.25,19173234.81,25.26,2019-07-13,2020-07-04,2020-12-13,162,Cancelled,88
PRJ-13288,School Project 3288,School,Riyadh,AECOM Arabia,Ministry of Health,10635561.18,15897782.69,5262221.51,49.48,2022-10-19,2024-05-27,2024-07-04,38,On Hold,334
PRJ-13289,Highway Project 3289,Highway,Jazan,Nesma & Partners,Ministry of Housing,43779930.84,48124551.44,4344620.6,9.92,2019-11-13,2021-11-16,2021-11-16,0,Delayed,329
PRJ-13290,Metro Rail Project 3290,Metro Rail,Jeddah,El Seif Engineering,NEOM Co.,64275489.21,74992514.76,10717025.55,16.67,2020-12-22,2023-03-19,2023-03-19,0,On Hold,388
PRJ-13291,Highway Project 3291,Highway,Qassim,Al Fouzan,Ministry of Housing,126861220.95,134172182.3,7310961.35,5.76,2018-06-25,2019-03-16,2019-03-16,0,Delayed,379
PRJ-13292,Bridge Project 3292,Bridge,Qassim,Al Rashid Trading,Ministry of Housing,103880079.1,129494165.01,25614085.91,24.66,2020-10-15,2022-12-03,2023-02-05,64,Cancelled,81
PRJ-13293,Commercial Complex Project 3293,Commercial Complex,Dammam,Al Arrab,NEOM Co.,47330985.7,48564100.05,1233114.35,2.61,2019-06-17,2020-11-14,2020-12-26,42,On Hold,254
PRJ-13294,Airport Terminal Project 3294,Airport Terminal,Mecca,SADEEM Construction,Ministry of Health,58585406.63,83750057.54,25164650.91,42.95,2020-07-02,2020-10-02,2020-12-01,60,Completed,435
PRJ-13295,Dam Project 3295,Dam,Tabuk,El Seif Engineering,Aramco,60869745.28,69073447.71,8203702.43,13.48,2020-10-30,2022-10-11,2022-10-18,7,Delayed,45
PRJ-13296,Highway Project 3296,Highway,Neom,SADEEM Construction,Private Developer,42973570.31,62082470.14,19108899.83,44.47,2022-06-14,2022-12-19,2022-12-24,5,Delayed,115
PRJ-13297,Commercial Complex Project 3297,Commercial Complex,Abha,SADEEM Construction,NEOM Co.,38184448.08,39568643.53,1384195.45,3.63,2022-04-05,2023-12-18,2023-12-18,0,Delayed,349
PRJ-13298,Metro Rail Project 3298,Metro Rail,Jazan,SADEEM Construction,Ministry of Education,58185987.3,67662959.89,9476972.59,16.29,2020-06-08,2021-12-05,2022-04-04,120,Cancelled,469
PRJ-13299,Residential Building Project 3299,Residential Building,Jazan,Saudi Binladin Group,Royal Commission,12457381.18,11547341.15,-910040.03,-7.31,2019-09-13,2020-11-09,2020-11-09,0,In Progress,336
PRJ-13300,Industrial Plant Project 3300,Industrial Plant,Medina,Al Arrab,Ministry of Education,88817681.34,105249591.2,16431909.86,18.5,2020-10-05,2022-11-07,2022-12-04,27,Cancelled,99
PRJ-13301,Highway Project 3301,Highway,Riyadh,AECOM Arabia,Private Developer,65060632.0,58108647.54,-6951984.46,-10.69,2021-06-08,2023-11-01,2024-04-12,163,In Progress,162
PRJ-13302,Commercial Complex Project 3302,Commercial Complex,Tabuk,Al Rashid Trading,Royal Commission,77723703.3,75363969.3,-2359734.0,-3.04,2020-08-07,2022-07-05,2022-07-26,21,Completed,66
PRJ-13303,Commercial Complex Project 3303,Commercial Complex,Tabuk,SADEEM Construction,Ministry of Education,16023988.22,14915490.33,-1108497.89,-6.92,2022-10-25,2024-05-02,2024-05-05,3,Delayed,133
PRJ-13304,Commercial Complex Project 3304,Commercial Complex,Mecca,Al Bawani,Ministry of Education,91651375.23,96338804.32,4687429.09,5.11,2018-12-21,2019-08-04,2019-08-10,6,Cancelled,182
PRJ-13305,School Project 3305,School,Mecca,El Seif Engineering,Ministry of Transport,26449035.55,40564726.35,14115690.8,53.37,2019-07-08,2020-09-20,2020-12-23,94,On Hold,168
PRJ-13306,Commercial Complex Project 3306,Commercial Complex,Abha,Al Bawani,Royal Commission,34958978.18,35585242.89,626264.71,1.79,2021-08-21,2024-05-03,2024-05-14,11,Delayed,87
PRJ-13307,Bridge Project 3307,Bridge,Dammam,Al Bawani,Royal Commission,74035455.94,102694166.86,28658710.92,38.71,2020-02-03,2023-01-17,2023-10-02,258,Cancelled,412
PRJ-13308,Hospital Project 3308,Hospital,Jazan,AECOM Arabia,Private Developer,78712143.4,77257082.32,-1455061.08,-1.85,2020-09-26,2023-04-26,2023-07-03,68,On Hold,216
PRJ-13309,Residential Building Project 3309,Residential Building,Dammam,Al Bawani,Private Developer,120714332.29,114889256.32,-5825075.97,-4.83,2021-08-04,2023-08-07,2023-09-23,47,In Progress,132
PRJ-13310,Bridge Project 3310,Bridge,Mecca,SSEM,Ministry of Housing,60084604.01,63315737.73,3231133.72,5.38,2018-02-07,2019-03-11,2019-03-16,5,Cancelled,237
PRJ-13311,Commercial Complex Project 3311,Commercial Complex,Mecca,SSEM,Ministry of Education,39855303.14,42520463.86,2665160.72,6.69,2022-07-16,2024-10-20,2024-10-20,0,Delayed,73
PRJ-13312,Airport Terminal Project 3312,Airport Terminal,Tabuk,Al Fouzan,Royal Commission,62005934.3,73434858.26,11428923.96,18.43,2020-11-27,2021-04-08,2021-04-08,0,Delayed,200
PRJ-13313,School Project 3313,School,Riyadh,El Seif Engineering,Ministry of Education,19392336.22,20061583.43,669247.21,3.45,2019-01-27,2019-05-23,2019-09-09,109,Completed,49
PRJ-13314,Dam Project 3314,Dam,Tabuk,AECOM Arabia,Ministry of Housing,116044653.49,111921020.23,-4123633.26,-3.55,2022-09-30,2024-11-02,2024-11-14,12,Completed,491
PRJ-13315,School Project 3315,School,Jazan,AECOM Arabia,Private Developer,128754433.19,177305711.51,48551278.32,37.71,2018-03-10,2020-01-17,2020-01-28,11,Cancelled,101
PRJ-13316,Airport Terminal Project 3316,Airport Terminal,Tabuk,Al Fouzan,Aramco,85183330.92,88720729.97,3537399.05,4.15,2023-01-26,2024-06-06,2024-06-06,0,Delayed,306
PRJ-13317,Bridge Project 3317,Bridge,Qassim,AECOM Arabia,Ministry of Health,74625011.16,83555488.8,8930477.64,11.97,2020-04-02,2021-09-29,2021-09-29,0,In Progress,414
PRJ-13318,School Project 3318,School,Jazan,Al Rashid Trading,Royal Commission,13622050.66,14990442.84,1368392.18,10.05,2021-10-11,2024-06-27,2024-06-27,0,Cancelled,218
PRJ-13319,Residential Building Project 3319,Residential Building,Jazan,Saudi Binladin Group,Ministry of Education,134423909.16,129386060.14,-5037849.02,-3.75,2018-09-30,2019-05-09,2019-05-10,1,Completed,119
PRJ-13320,Bridge Project 3320,Bridge,Tabuk,El Seif Engineering,Ministry of Transport,107636474.54,126240244.04,18603769.5,17.28,2018-01-15,2020-01-01,2020-01-18,17,Cancelled,249
PRJ-13321,Industrial Plant Project 3321,Industrial Plant,Dammam,SSEM,Private Developer,20976511.86,19953618.46,-1022893.4,-4.88,2021-06-12,2024-06-04,2024-06-25,21,In Progress,170
PRJ-13322,Dam Project 3322,Dam,Neom,Al Arrab,Ministry of Education,71754758.22,81017191.74,9262433.52,12.91,2022-08-07,2024-12-31,2024-12-31,0,Delayed,276
PRJ-13323,Residential Building Project 3323,Residential Building,Medina,Saudi Binladin Group,Ministry of Housing,39110521.5,40840608.68,1730087.18,4.42,2020-07-23,2023-05-15,2023-05-15,0,Delayed,406
PRJ-13324,School Project 3324,School,Tabuk,Al Bawani,NEOM Co.,148806387.42,226644838.64,77838451.22,52.31,2022-08-16,2023-12-18,2024-01-21,34,Delayed,102
PRJ-13325,School Project 3325,School,Medina,SSEM,Private Developer,62519717.18,70669679.79,8149962.61,13.04,2022-05-14,2024-08-05,2024-08-05,0,Cancelled,452
PRJ-13326,Airport Terminal Project 3326,Airport Terminal,Abha,Al Arrab,Aramco,6556121.35,6637787.51,81666.16,1.25,2022-07-18,2023-01-14,2023-01-17,3,In Progress,417
PRJ-13327,Highway Project 3327,Highway,Jeddah,SADEEM Construction,NEOM Co.,60591812.73,68287750.98,7695938.25,12.7,2022-11-11,2024-01-05,2024-03-01,56,Completed,309
PRJ-13328,Dam Project 3328,Dam,Qassim,AECOM Arabia,NEOM Co.,98365868.43,109460976.57,11095108.14,11.28,2019-11-14,2022-06-24,2022-06-24,0,On Hold,398
PRJ-13329,Hospital Project 3329,Hospital,Jazan,SADEEM Construction,Private Developer,88134261.94,115600658.95,27466397.01,31.16,2023-02-17,2024-06-07,2024-06-20,13,Delayed,361
PRJ-13330,Hospital Project 3330,Hospital,Mecca,SADEEM Construction,Aramco,51668706.12,84955917.79,33287211.67,64.42,2020-12-02,2021-06-22,2021-06-24,2,Cancelled,350
PRJ-13331,Hospital Project 3331,Hospital,Jeddah,Al Rashid Trading,Ministry of Health,19513776.82,30301472.67,10787695.85,55.28,2020-07-10,2023-05-09,2023-05-11,2,Delayed,83
PRJ-13332,Residential Building Project 3332,Residential Building,Medina,Al Bawani,Aramco,45624281.8,50789159.63,5164877.83,11.32,2021-04-29,2023-07-04,2023-08-04,31,On Hold,272
PRJ-13333,Industrial Plant Project 3333,Industrial Plant,Jeddah,Al Bawani,Private Developer,59022413.48,57761334.2,-1261079.28,-2.14,2020-10-14,2023-06-13,2023-06-13,0,In Progress,94
PRJ-13334,Residential Building Project 3334,Residential Building,Jeddah,SADEEM Construction,Ministry of Transport,51785078.87,73862759.41,22077680.54,42.63,2019-05-13,2020-03-01,2020-03-16,15,Completed,66
PRJ-13335,Highway Project 3335,Highway,Jazan,Nesma & Partners,Ministry of Transport,76974661.04,68007445.18,-8967215.86,-11.65,2020-03-08,2022-12-26,2023-09-21,269,On Hold,481
PRJ-13336,Industrial Plant Project 3336,Industrial Plant,Jazan,SSEM,Ministry of Housing,75708714.23,120085951.62,44377237.39,58.62,2021-03-19,2023-07-06,2023-08-01,26,On Hold,232
PRJ-13337,Commercial Complex Project 3337,Commercial Complex,Qassim,Al Rashid Trading,Ministry of Education,7849199.28,8414733.11,565533.83,7.2,2018-10-23,2020-02-11,2020-02-11,0,On Hold,225
PRJ-13338,Dam Project 3338,Dam,Jeddah,Al Arrab,NEOM Co.,128117674.31,198714853.33,70597179.02,55.1,2018-07-12,2021-06-17,2022-01-10,207,Cancelled,442
PRJ-13339,Airport Terminal Project 3339,Airport Terminal,Abha,Al Bawani,Ministry of Housing,3346989.69,5343437.5,1996447.81,59.65,2019-09-06,2021-10-07,2021-11-15,39,Cancelled,123
PRJ-13340,Residential Building Project 3340,Residential Building,Medina,Nesma & Partners,Ministry of Health,98751050.42,101882325.08,3131274.66,3.17,2019-09-02,2022-04-14,2022-04-14,0,Delayed,324
PRJ-13341,School Project 3341,School,Jazan,SADEEM Construction,Aramco,7209711.96,8840815.41,1631103.45,22.62,2021-06-09,2023-05-02,2024-03-15,318,In Progress,321
PRJ-13342,Residential Building Project 3342,Residential Building,Abha,SADEEM Construction,Ministry of Housing,4835013.28,5352100.16,517086.88,10.69,2021-03-02,2024-02-13,2024-02-13,0,Completed,127
PRJ-13343,Industrial Plant Project 3343,Industrial Plant,Dammam,Al Fouzan,Aramco,72534669.41,74088176.88,1553507.47,2.14,2023-05-23,2025-08-12,2025-08-15,3,Completed,292
PRJ-13344,Commercial Complex Project 3344,Commercial Complex,Tabuk,Al Bawani,Aramco,10141356.73,10874455.75,733099.02,7.23,2020-03-24,2020-12-31,2020-12-31,0,On Hold,247
PRJ-13345,Residential Building Project 3345,Residential Building,Jazan,SADEEM Construction,NEOM Co.,93493407.15,140584326.0,47090918.85,50.37,2023-05-22,2023-12-18,2024-01-08,21,Cancelled,137
PRJ-13346,School Project 3346,School,Dammam,Al Fouzan,NEOM Co.,129220818.79,111156418.17,-18064400.62,-13.98,2022-06-18,2023-11-01,2023-11-29,28,On Hold,302
PRJ-13347,Residential Building Project 3347,Residential Building,Qassim,Al Bawani,Ministry of Education,104436833.53,136023334.68,31586501.15,30.24,2022-06-12,2023-09-20,2024-07-13,297,Cancelled,128
PRJ-13348,Bridge Project 3348,Bridge,Tabuk,Al Bawani,Ministry of Transport,97537550.0,98032161.38,494611.38,0.51,2020-10-28,2023-03-11,2023-03-11,0,Cancelled,337
PRJ-13349,Commercial Complex Project 3349,Commercial Complex,Riyadh,Al Arrab,Royal Commission,137606226.52,129376336.63,-8229889.89,-5.98,2019-05-06,2020-11-05,2020-11-05,0,Completed,255
PRJ-13350,Industrial Plant Project 3350,Industrial Plant,Tabuk,SADEEM Construction,Ministry of Health,100891015.19,90933866.41,-9957148.78,-9.87,2019-03-22,2021-01-27,2021-01-27,0,Completed,23
PRJ-13351,Highway Project 3351,Highway,Jeddah,SADEEM Construction,Ministry of Housing,138735340.26,129544296.0,-9191044.26,-6.62,2022-07-13,2025-04-27,2025-04-27,0,Cancelled,135
PRJ-13352,Bridge Project 3352,Bridge,Jeddah,AECOM Arabia,Royal Commission,14685192.41,14683757.52,-1434.89,-0.01,2020-11-17,2022-02-26,2022-02-26,0,On Hold,299
PRJ-13353,Metro Rail Project 3353,Metro Rail,Riyadh,Al Rashid Trading,Royal Commission,56348159.76,54335968.2,-2012191.56,-3.57,2022-04-03,2024-10-06,2024-10-06,0,On Hold,485
PRJ-13354,Dam Project 3354,Dam,Jeddah,SSEM,Ministry of Housing,87975688.31,77184631.84,-10791056.47,-12.27,2018-03-08,2018-12-19,2019-01-05,17,Completed,467
PRJ-13355,Metro Rail Project 3355,Metro Rail,Mecca,El Seif Engineering,NEOM Co.,48287983.31,55199436.28,6911452.97,14.31,2023-02-07,2024-01-22,2024-01-22,0,Delayed,57
PRJ-13356,School Project 3356,School,Mecca,Al Bawani,Ministry of Transport,103610379.46,145934550.07,42324170.61,40.85,2021-07-23,2023-12-09,2024-01-16,38,In Progress,132
PRJ-13357,Dam Project 3357,Dam,Abha,Al Bawani,Private Developer,46990466.7,50184584.81,3194118.11,6.8,2022-03-29,2022-10-23,2022-10-26,3,On Hold,244
PRJ-13358,Dam Project 3358,Dam,Abha,Saudi Binladin Group,Ministry of Housing,124851902.38,155450308.44,30598406.06,24.51,2019-07-28,2020-11-26,2021-03-24,118,Cancelled,419
PRJ-13359,Dam Project 3359,Dam,Medina,El Seif Engineering,Ministry of Education,1950203.06,2160170.62,209967.56,10.77,2019-04-30,2021-09-14,2021-09-18,4,Delayed,307
PRJ-13360,School Project 3360,School,Jazan,Al Fouzan,Ministry of Education,86998509.61,80258569.23,-6739940.38,-7.75,2019-06-25,2022-03-28,2022-03-28,0,Completed,164
PRJ-13361,Airport Terminal Project 3361,Airport Terminal,Mecca,Al Bawani,Ministry of Housing,141531916.16,142880022.1,1348105.94,0.95,2019-09-14,2021-08-04,2021-08-04,0,In Progress,441
PRJ-13362,Commercial Complex Project 3362,Commercial Complex,Qassim,El Seif Engineering,Royal Commission,136931340.58,155301575.56,18370234.98,13.42,2018-02-10,2019-06-11,2019-06-11,0,In Progress,257
PRJ-13363,Residential Building Project 3363,Residential Building,Jazan,AECOM Arabia,Royal Commission,113437872.24,122741578.47,9303706.23,8.2,2021-04-02,2023-10-16,2023-10-16,0,On Hold,221
PRJ-13364,Commercial Complex Project 3364,Commercial Complex,Jeddah,El Seif Engineering,Ministry of Housing,94204180.65,102814534.19,8610353.54,9.14,2023-05-07,2024-12-12,2024-12-12,0,Delayed,461
PRJ-13365,Dam Project 3365,Dam,Tabuk,SADEEM Construction,Royal Commission,94493847.36,154887814.81,60393967.45,63.91,2019-12-01,2021-05-02,2021-05-26,24,On Hold,87
PRJ-13366,Highway Project 3366,Highway,Abha,AECOM Arabia,Ministry of Transport,109977439.83,170241805.26,60264365.43,54.8,2020-11-04,2021-12-02,2022-01-16,45,Completed,398
PRJ-13367,Bridge Project 3367,Bridge,Neom,Saudi Binladin Group,Private Developer,32738144.53,40474677.14,7736532.61,23.63,2021-11-04,2024-10-08,2024-10-10,2,On Hold,15
PRJ-13368,School Project 3368,School,Abha,AECOM Arabia,NEOM Co.,77355064.0,88861980.5,11506916.5,14.88,2022-11-08,2025-09-07,2025-09-07,0,On Hold,44
PRJ-13369,Bridge Project 3369,Bridge,Qassim,Nesma & Partners,Ministry of Health,66845645.1,85004715.85,18159070.75,27.17,2021-01-27,2023-07-06,2023-07-31,25,On Hold,462
PRJ-13370,Dam Project 3370,Dam,Jazan,SSEM,Royal Commission,6211316.17,6736572.82,525256.65,8.46,2018-03-25,2019-10-15,2019-10-15,0,Cancelled,467
PRJ-13371,School Project 3371,School,Dammam,Al Arrab,Ministry of Transport,124292471.22,164745368.48,40452897.26,32.55,2020-08-17,2022-04-07,2022-04-12,5,On Hold,45
PRJ-13372,Commercial Complex Project 3372,Commercial Complex,Riyadh,SSEM,Ministry of Transport,89244776.39,84672843.16,-4571933.23,-5.12,2018-09-10,2019-12-10,2019-12-15,5,In Progress,105
PRJ-13373,Residential Building Project 3373,Residential Building,Abha,Al Bawani,NEOM Co.,147017765.47,151713128.15,4695362.68,3.19,2019-02-18,2020-03-08,2020-03-23,15,In Progress,36
PRJ-13374,Highway Project 3374,Highway,Medina,AECOM Arabia,Ministry of Transport,26113019.4,34927631.99,8814612.59,33.76,2019-07-28,2020-07-10,2020-08-12,33,Completed,437
PRJ-13375,School Project 3375,School,Neom,SADEEM Construction,Ministry of Transport,96711042.39,151336114.82,54625072.43,56.48,2023-02-22,2025-04-18,2025-04-20,2,In Progress,107
PRJ-13376,Hospital Project 3376,Hospital,Jazan,Al Bawani,Ministry of Health,58695326.32,71601792.19,12906465.87,21.99,2022-05-14,2023-07-08,2023-07-19,11,In Progress,268
PRJ-13377,Hospital Project 3377,Hospital,Medina,SSEM,Ministry of Housing,58814876.83,93716141.14,34901264.31,59.34,2022-05-28,2022-09-28,2022-11-26,59,Delayed,281
PRJ-13378,Airport Terminal Project 3378,Airport Terminal,Tabuk,SADEEM Construction,Ministry of Education,45866255.86,67662749.34,21796493.48,47.52,2023-04-24,2025-09-28,2025-11-26,59,Cancelled,333
PRJ-13379,Airport Terminal Project 3379,Airport Terminal,Riyadh,SADEEM Construction,NEOM Co.,139655747.02,135986305.35,-3669441.67,-2.63,2019-12-18,2021-03-22,2021-03-22,0,Cancelled,420
PRJ-13380,Residential Building Project 3380,Residential Building,Tabuk,Al Rashid Trading,Ministry of Education,86755392.94,85225320.64,-1530072.3,-1.76,2022-04-06,2023-08-29,2023-08-29,0,Delayed,180
PRJ-13381,Residential Building Project 3381,Residential Building,Jazan,Al Bawani,Ministry of Health,123702126.33,132292713.13,8590586.8,6.94,2020-12-21,2022-10-05,2022-10-05,0,On Hold,24
PRJ-13382,Highway Project 3382,Highway,Riyadh,Al Rashid Trading,NEOM Co.,51210912.98,69950269.34,18739356.36,36.59,2018-09-08,2019-05-28,2019-12-08,194,Completed,471
PRJ-13383,Commercial Complex Project 3383,Commercial Complex,Neom,Al Fouzan,Ministry of Health,127796925.17,138373222.01,10576296.84,8.28,2020-04-29,2023-04-11,2023-04-11,0,Cancelled,348
PRJ-13384,Highway Project 3384,Highway,Qassim,SSEM,Ministry of Education,128049360.31,125408871.55,-2640488.76,-2.06,2023-02-27,2023-11-07,2023-11-07,0,Completed,138
PRJ-13385,Highway Project 3385,Highway,Mecca,AECOM Arabia,Royal Commission,78165527.29,67168881.96,-10996645.33,-14.07,2020-04-17,2022-10-10,2022-10-27,17,On Hold,478
PRJ-13386,Metro Rail Project 3386,Metro Rail,Abha,SADEEM Construction,Private Developer,83743415.4,110837050.17,27093634.77,32.35,2020-05-24,2020-12-17,2021-01-18,32,In Progress,287
PRJ-13387,Airport Terminal Project 3387,Airport Terminal,Qassim,Saudi Binladin Group,Ministry of Education,110573844.87,99892434.0,-10681410.87,-9.66,2018-02-09,2018-05-14,2018-06-08,25,In Progress,279
PRJ-13388,Dam Project 3388,Dam,Mecca,Al Fouzan,Aramco,17908605.85,19161910.15,1253304.3,7.0,2023-04-08,2023-12-07,2024-01-03,27,Completed,52
PRJ-13389,Dam Project 3389,Dam,Tabuk,SADEEM Construction,Royal Commission,12406946.79,16047865.55,3640918.76,29.35,2019-07-11,2022-06-04,2022-06-20,16,On Hold,327
PRJ-13390,Highway Project 3390,Highway,Jeddah,Saudi Binladin Group,Private Developer,49647525.26,67769690.49,18122165.23,36.5,2020-04-30,2021-09-17,2021-10-25,38,Completed,409
PRJ-13391,Commercial Complex Project 3391,Commercial Complex,Tabuk,Nesma & Partners,Ministry of Health,50256344.98,68798726.71,18542381.73,36.9,2021-10-25,2023-12-21,2024-02-01,42,In Progress,432
PRJ-13392,Residential Building Project 3392,Residential Building,Medina,Al Arrab,Ministry of Housing,95798084.12,102123469.74,6325385.62,6.6,2020-12-30,2022-08-04,2022-08-04,0,Cancelled,487
PRJ-13393,Bridge Project 3393,Bridge,Medina,Saudi Binladin Group,Royal Commission,2202755.38,2535004.54,332249.16,15.08,2023-05-05,2025-01-03,2025-02-07,35,Cancelled,120
PRJ-13394,School Project 3394,School,Qassim,Saudi Binladin Group,Ministry of Health,141420151.67,186696601.73,45276450.06,32.02,2022-06-18,2022-11-05,2022-12-26,51,On Hold,314
PRJ-13395,Highway Project 3395,Highway,Medina,Nesma & Partners,Ministry of Health,38201206.28,42873514.46,4672308.18,12.23,2018-06-04,2020-01-12,2020-01-18,6,Delayed,266
PRJ-13396,Commercial Complex Project 3396,Commercial Complex,Neom,SSEM,Ministry of Housing,71746907.57,90540550.56,18793642.99,26.19,2020-01-18,2020-07-23,2020-08-02,10,On Hold,264
PRJ-13397,Metro Rail Project 3397,Metro Rail,Jazan,Nesma & Partners,Ministry of Housing,25222878.61,23617181.18,-1605697.43,-6.37,2018-09-22,2020-09-13,2021-01-05,114,Completed,71
PRJ-13398,Airport Terminal Project 3398,Airport Terminal,Dammam,Al Bawani,Royal Commission,139825648.88,177618897.76,37793248.88,27.03,2019-05-03,2019-12-08,2020-02-19,73,Cancelled,240
PRJ-13399,Residential Building Project 3399,Residential Building,Mecca,AECOM Arabia,Ministry of Transport,108874085.64,147418523.64,38544438.0,35.4,2020-09-03,2023-01-13,2023-01-30,17,Cancelled,475
PRJ-13400,Commercial Complex Project 3400,Commercial Complex,Tabuk,Al Bawani,Royal Commission,51416102.64,56091225.7,4675123.06,9.09,2019-10-23,2022-08-14,2023-05-16,275,In Progress,420
PRJ-13401,Metro Rail Project 3401,Metro Rail,Jazan,El Seif Engineering,Private Developer,86945353.03,91243835.84,4298482.81,4.94,2018-12-04,2020-11-08,2020-11-08,0,On Hold,181
PRJ-13402,Dam Project 3402,Dam,Mecca,El Seif Engineering,Private Developer,87140687.19,99651150.22,12510463.03,14.36,2019-01-11,2021-11-02,2021-11-12,10,In Progress,308
PRJ-13403,School Project 3403,School,Dammam,Al Arrab,NEOM Co.,13042745.11,13730954.73,688209.62,5.28,2021-05-16,2022-08-03,2022-08-04,1,In Progress,364
PRJ-13404,Commercial Complex Project 3404,Commercial Complex,Dammam,SADEEM Construction,Ministry of Education,11599905.47,17403833.77,5803928.3,50.03,2020-07-09,2022-10-22,2022-10-25,3,On Hold,372
PRJ-13405,Dam Project 3405,Dam,Jazan,Nesma & Partners,Private Developer,6311617.7,6741099.29,429481.59,6.8,2019-01-27,2020-02-25,2020-03-28,32,Delayed,450
PRJ-13406,Industrial Plant Project 3406,Industrial Plant,Neom,SSEM,Ministry of Education,130796079.27,136746998.13,5950918.86,4.55,2021-05-21,2022-02-03,2022-02-03,0,On Hold,66
PRJ-13407,Hospital Project 3407,Hospital,Abha,SADEEM Construction,Ministry of Transport,46183680.67,48737254.0,2553573.33,5.53,2020-11-27,2023-08-29,2023-08-29,0,In Progress,324
PRJ-13408,Metro Rail Project 3408,Metro Rail,Riyadh,Al Rashid Trading,Private Developer,57602723.85,54240239.42,-3362484.43,-5.84,2020-12-29,2023-11-04,2023-11-28,24,In Progress,160
PRJ-13409,Dam Project 3409,Dam,Neom,Al Arrab,Ministry of Housing,149550080.17,153687646.84,4137566.67,2.77,2018-03-04,2020-03-04,2020-03-04,0,Completed,317
PRJ-13410,Commercial Complex Project 3410,Commercial Complex,Abha,Al Fouzan,Ministry of Education,52560480.64,59977790.71,7417310.07,14.11,2020-09-05,2021-07-25,2021-08-31,37,In Progress,217
PRJ-13411,School Project 3411,School,Dammam,Nesma & Partners,Royal Commission,125074508.6,178312064.27,53237555.67,42.56,2021-05-01,2022-04-23,2022-10-23,183,Cancelled,128
PRJ-13412,Residential Building Project 3412,Residential Building,Neom,El Seif Engineering,Private Developer,16564255.86,23828914.26,7264658.4,43.86,2022-08-28,2025-06-28,2025-11-16,141,Delayed,85
PRJ-13413,Dam Project 3413,Dam,Medina,El Seif Engineering,Aramco,32151658.38,35464368.46,3312710.08,10.3,2020-07-31,2022-12-08,2022-12-12,4,Delayed,476
PRJ-13414,Commercial Complex Project 3414,Commercial Complex,Mecca,SSEM,Royal Commission,146422552.61,154543917.51,8121364.9,5.55,2021-03-16,2022-08-19,2022-10-20,62,Completed,277
PRJ-13415,Industrial Plant Project 3415,Industrial Plant,Dammam,AECOM Arabia,Ministry of Transport,68691017.74,70007704.95,1316687.21,1.92,2019-11-07,2020-09-14,2020-09-14,0,Delayed,239
PRJ-13416,Industrial Plant Project 3416,Industrial Plant,Dammam,Nesma & Partners,Ministry of Transport,85912342.31,101886658.47,15974316.16,18.59,2022-06-14,2025-01-13,2025-01-13,0,Delayed,325
PRJ-13417,School Project 3417,School,Abha,SSEM,Ministry of Education,77752038.72,100121464.63,22369425.91,28.77,2023-03-29,2025-09-20,2025-11-10,51,Cancelled,20
PRJ-13418,Highway Project 3418,Highway,Dammam,Al Arrab,NEOM Co.,6597359.51,8645441.2,2048081.69,31.04,2019-09-09,2022-01-05,2022-01-16,11,On Hold,176
PRJ-13419,Residential Building Project 3419,Residential Building,Riyadh,Al Rashid Trading,NEOM Co.,142613797.91,147275057.35,4661259.44,3.27,2021-02-26,2023-02-05,2023-11-12,280,Completed,231
PRJ-13420,Industrial Plant Project 3420,Industrial Plant,Jazan,Al Arrab,Aramco,33406419.59,53049364.81,19642945.22,58.8,2022-09-18,2025-05-20,2025-05-26,6,On Hold,267
PRJ-13421,Dam Project 3421,Dam,Medina,Al Fouzan,Royal Commission,127973589.89,144925615.27,16952025.38,13.25,2021-09-10,2022-09-01,2022-09-01,0,Delayed,100
PRJ-13422,Bridge Project 3422,Bridge,Jeddah,Al Arrab,Ministry of Education,59213899.58,62252414.13,3038514.55,5.13,2018-10-22,2020-09-24,2020-09-24,0,On Hold,236
PRJ-13423,Hospital Project 3423,Hospital,Mecca,AECOM Arabia,Ministry of Transport,69917595.85,87678233.93,17760638.08,25.4,2019-02-07,2021-02-02,2021-02-10,8,Cancelled,214
PRJ-13424,Metro Rail Project 3424,Metro Rail,Riyadh,SADEEM Construction,Royal Commission,5059233.9,4753368.36,-305865.54,-6.05,2019-03-11,2021-10-30,2021-10-30,0,In Progress,415
PRJ-13425,Hospital Project 3425,Hospital,Dammam,Al Bawani,Ministry of Education,133045144.63,158096843.85,25051699.22,18.83,2021-11-22,2023-09-14,2023-10-25,41,In Progress,433
PRJ-13426,Airport Terminal Project 3426,Airport Terminal,Jeddah,Al Rashid Trading,Ministry of Transport,77813979.16,112256305.6,34442326.44,44.26,2023-03-29,2023-07-17,2023-07-30,13,In Progress,332
PRJ-13427,Bridge Project 3427,Bridge,Riyadh,Nesma & Partners,Ministry of Transport,117735983.3,168137507.38,50401524.08,42.81,2019-09-28,2021-03-04,2021-04-16,43,Delayed,398
PRJ-13428,Dam Project 3428,Dam,Mecca,Saudi Binladin Group,Royal Commission,31073398.63,31116621.53,43222.9,0.14,2022-01-03,2022-10-15,2022-10-15,0,In Progress,127
PRJ-13429,Hospital Project 3429,Hospital,Riyadh,Al Fouzan,Aramco,70741892.53,102855327.46,32113434.93,45.4,2018-04-09,2019-08-21,2019-09-02,12,Delayed,59
PRJ-13430,Residential Building Project 3430,Residential Building,Jazan,El Seif Engineering,Royal Commission,49738351.88,58155690.63,8417338.75,16.92,2020-01-01,2022-11-25,2022-11-29,4,Completed,421
PRJ-13431,Metro Rail Project 3431,Metro Rail,Mecca,Saudi Binladin Group,Private Developer,146997207.7,142258668.02,-4738539.68,-3.22,2018-11-08,2019-07-11,2019-07-11,0,Delayed,494
PRJ-13432,Hospital Project 3432,Hospital,Abha,SADEEM Construction,Aramco,92017719.51,83443476.58,-8574242.93,-9.32,2021-04-30,2021-10-17,2021-11-03,17,Delayed,448
PRJ-13433,Commercial Complex Project 3433,Commercial Complex,Dammam,Al Fouzan,Ministry of Transport,73437552.6,81563366.29,8125813.69,11.06,2022-06-29,2024-03-02,2024-03-02,0,Cancelled,48
PRJ-13434,Metro Rail Project 3434,Metro Rail,Jeddah,Al Rashid Trading,Royal Commission,77226386.39,83493277.78,6266891.39,8.11,2018-02-13,2020-11-24,2021-01-24,61,Delayed,322
PRJ-13435,Industrial Plant Project 3435,Industrial Plant,Jeddah,AECOM Arabia,Ministry of Education,13394251.11,15818204.49,2423953.38,18.1,2019-11-14,2020-06-03,2020-06-03,0,Delayed,193
PRJ-13436,Dam Project 3436,Dam,Jeddah,Al Arrab,Ministry of Health,57040354.25,84625212.22,27584857.97,48.36,2019-04-18,2021-10-10,2021-11-04,25,In Progress,152
PRJ-13437,School Project 3437,School,Medina,Saudi Binladin Group,Ministry of Health,48984892.75,46943941.11,-2040951.64,-4.17,2022-03-06,2022-10-05,2022-11-11,37,Completed,353
PRJ-13438,Airport Terminal Project 3438,Airport Terminal,Tabuk,Al Arrab,Ministry of Transport,44048415.21,66027889.3,21979474.09,49.9,2018-09-27,2019-11-14,2019-11-18,4,On Hold,233
PRJ-13439,Commercial Complex Project 3439,Commercial Complex,Tabuk,Saudi Binladin Group,Private Developer,33786060.67,54214421.07,20428360.4,60.46,2018-04-23,2018-12-26,2019-02-01,37,On Hold,266
PRJ-13440,Hospital Project 3440,Hospital,Abha,AECOM Arabia,Ministry of Education,79401945.26,96777223.18,17375277.92,21.88,2022-12-02,2024-06-15,2024-07-08,23,In Progress,364
PRJ-13441,School Project 3441,School,Riyadh,Al Bawani,Ministry of Housing,49220576.44,65573917.35,16353340.91,33.22,2022-04-17,2024-08-17,2024-09-05,19,Completed,479
PRJ-13442,Industrial Plant Project 3442,Industrial Plant,Abha,El Seif Engineering,Ministry of Housing,147905740.04,227733776.09,79828036.05,53.97,2019-03-20,2021-07-07,2021-09-28,83,Cancelled,278
PRJ-13443,Airport Terminal Project 3443,Airport Terminal,Qassim,El Seif Engineering,Ministry of Transport,133425015.09,138809348.88,5384333.79,4.04,2019-07-30,2019-12-06,2019-12-06,0,Completed,207
PRJ-13444,Bridge Project 3444,Bridge,Qassim,Al Bawani,Aramco,98787926.91,115024771.03,16236844.12,16.44,2023-06-04,2024-10-23,2024-12-29,67,Delayed,55
PRJ-13445,Airport Terminal Project 3445,Airport Terminal,Tabuk,Al Arrab,Ministry of Housing,144283490.51,192022010.97,47738520.46,33.09,2021-07-09,2022-09-30,2022-10-16,16,Delayed,214
PRJ-13446,Airport Terminal Project 3446,Airport Terminal,Qassim,Nesma & Partners,Ministry of Health,106615804.63,111487402.64,4871598.01,4.57,2018-12-27,2020-07-29,2021-02-03,189,On Hold,90
PRJ-13447,Residential Building Project 3447,Residential Building,Qassim,El Seif Engineering,Private Developer,112046581.25,119312321.64,7265740.39,6.48,2018-11-13,2020-05-14,2020-06-05,22,Delayed,225
PRJ-13448,Industrial Plant Project 3448,Industrial Plant,Riyadh,SSEM,Ministry of Transport,116602722.55,150624811.22,34022088.67,29.18,2022-01-23,2024-05-06,2024-11-18,196,In Progress,35
PRJ-13449,School Project 3449,School,Neom,SSEM,Royal Commission,99315586.19,122656651.98,23341065.79,23.5,2021-08-06,2022-02-17,2022-02-28,11,Cancelled,290
PRJ-13450,Bridge Project 3450,Bridge,Abha,SSEM,Aramco,92794460.52,93601589.7,807129.18,0.87,2020-03-04,2021-02-23,2021-03-10,15,On Hold,204
PRJ-13451,Airport Terminal Project 3451,Airport Terminal,Qassim,Al Arrab,Ministry of Education,144265253.6,151974826.55,7709572.95,5.34,2018-05-21,2019-09-04,2019-09-04,0,On Hold,467
PRJ-13452,Commercial Complex Project 3452,Commercial Complex,Jeddah,Al Arrab,Private Developer,110221095.36,125002340.68,14781245.32,13.41,2020-06-01,2021-08-27,2021-09-11,15,Delayed,430
PRJ-13453,School Project 3453,School,Medina,SADEEM Construction,Ministry of Transport,61371062.62,78882932.8,17511870.18,28.53,2022-03-18,2025-01-19,2025-09-11,235,On Hold,117
PRJ-13454,Metro Rail Project 3454,Metro Rail,Dammam,Saudi Binladin Group,Ministry of Housing,81748745.56,78301288.8,-3447456.76,-4.22,2019-12-17,2020-07-31,2020-08-20,20,On Hold,179
PRJ-13455,Bridge Project 3455,Bridge,Medina,SSEM,Ministry of Education,74663284.04,70997961.07,-3665322.97,-4.91,2022-06-16,2024-01-20,2024-01-25,5,Completed,203
PRJ-13456,Dam Project 3456,Dam,Qassim,SSEM,Aramco,139930534.74,192767191.72,52836656.98,37.76,2022-05-23,2024-04-18,2024-05-15,27,Delayed,154
PRJ-13457,Airport Terminal Project 3457,Airport Terminal,Jazan,Nesma & Partners,Ministry of Housing,60568153.71,82393548.21,21825394.5,36.03,2018-07-31,2021-03-19,2021-05-29,71,In Progress,498
PRJ-13458,Hospital Project 3458,Hospital,Mecca,Al Fouzan,Royal Commission,115490895.49,186865366.6,71374471.11,61.8,2021-09-09,2022-01-01,2022-01-14,13,Cancelled,26
PRJ-13459,Airport Terminal Project 3459,Airport Terminal,Riyadh,AECOM Arabia,Ministry of Transport,123158962.88,121650932.36,-1508030.52,-1.22,2022-09-30,2024-08-01,2024-09-27,57,In Progress,276
PRJ-13460,Airport Terminal Project 3460,Airport Terminal,Jazan,Nesma & Partners,Private Developer,41008999.58,43745422.62,2736423.04,6.67,2018-07-19,2019-11-07,2020-08-07,274,Delayed,137
PRJ-13461,Airport Terminal Project 3461,Airport Terminal,Medina,Saudi Binladin Group,Ministry of Housing,128383520.23,118476163.55,-9907356.68,-7.72,2021-04-03,2021-08-01,2021-08-01,0,In Progress,324
PRJ-13462,Industrial Plant Project 3462,Industrial Plant,Neom,Al Rashid Trading,Ministry of Housing,41450273.16,39790682.66,-1659590.5,-4.0,2021-11-17,2023-07-03,2023-07-03,0,On Hold,300
PRJ-13463,Metro Rail Project 3463,Metro Rail,Abha,Al Fouzan,Private Developer,35163012.28,45729542.31,10566530.03,30.05,2022-03-26,2023-08-21,2023-10-07,47,On Hold,364
PRJ-13464,Bridge Project 3464,Bridge,Tabuk,El Seif Engineering,Ministry of Health,1362713.86,1602971.14,240257.28,17.63,2018-10-25,2019-07-02,2019-07-18,16,Delayed,333
PRJ-13465,School Project 3465,School,Riyadh,Saudi Binladin Group,NEOM Co.,17534817.78,24753512.12,7218694.34,41.17,2019-05-27,2020-01-02,2020-02-04,33,Delayed,29
PRJ-13466,Hospital Project 3466,Hospital,Abha,SSEM,Ministry of Education,108273536.25,121108420.22,12834883.97,11.85,2022-10-03,2025-05-23,2025-05-23,0,Delayed,50
PRJ-13467,Hospital Project 3467,Hospital,Qassim,AECOM Arabia,Ministry of Housing,507897.63,762540.75,254643.12,50.14,2019-06-22,2022-01-12,2022-04-14,92,In Progress,405
PRJ-13468,Airport Terminal Project 3468,Airport Terminal,Riyadh,Al Fouzan,Aramco,135645263.64,160082794.04,24437530.4,18.02,2020-04-04,2021-08-29,2021-08-29,0,Completed,445
PRJ-13469,Highway Project 3469,Highway,Medina,AECOM Arabia,NEOM Co.,121563385.04,112401141.5,-9162243.54,-7.54,2020-12-15,2022-07-27,2022-09-19,54,On Hold,335
PRJ-13470,Metro Rail Project 3470,Metro Rail,Riyadh,AECOM Arabia,Ministry of Health,110947315.32,154531622.7,43584307.38,39.28,2019-02-01,2021-07-28,2021-11-01,96,On Hold,210
PRJ-13471,Metro Rail Project 3471,Metro Rail,Tabuk,Al Bawani,Private Developer,85798929.99,103331915.37,17532985.38,20.43,2019-09-13,2020-10-17,2021-01-12,87,Delayed,365
PRJ-13472,Airport Terminal Project 3472,Airport Terminal,Dammam,SADEEM Construction,Ministry of Health,90094388.16,143815597.58,53721209.42,59.63,2022-01-23,2022-11-04,2022-11-23,19,In Progress,246
PRJ-13473,Commercial Complex Project 3473,Commercial Complex,Mecca,Al Fouzan,Ministry of Housing,11874666.65,16619331.65,4744665.0,39.96,2023-04-16,2024-03-02,2024-03-22,20,Completed,477
PRJ-13474,Airport Terminal Project 3474,Airport Terminal,Riyadh,Nesma & Partners,Ministry of Health,118890027.49,187505527.83,68615500.34,57.71,2020-02-19,2022-04-14,2022-05-10,26,Delayed,413
PRJ-13475,Commercial Complex Project 3475,Commercial Complex,Neom,Al Rashid Trading,Ministry of Health,141327721.31,165621452.29,24293730.98,17.19,2020-02-24,2020-05-30,2020-05-31,1,Completed,457
PRJ-13476,Airport Terminal Project 3476,Airport Terminal,Neom,El Seif Engineering,Aramco,4007123.75,4002415.37,-4708.38,-0.12,2021-04-03,2023-10-14,2023-10-14,0,Delayed,443
PRJ-13477,School Project 3477,School,Neom,Nesma & Partners,Private Developer,80761798.59,123342928.55,42581129.96,52.72,2020-09-22,2023-01-03,2023-03-16,72,In Progress,158
PRJ-13478,Commercial Complex Project 3478,Commercial Complex,Riyadh,Al Rashid Trading,Private Developer,19561209.14,25848453.09,6287243.95,32.14,2019-07-30,2020-01-16,2020-01-18,2,Cancelled,63
PRJ-13479,Commercial Complex Project 3479,Commercial Complex,Qassim,El Seif Engineering,Private Developer,80051636.88,78443663.06,-1607973.82,-2.01,2023-04-28,2023-08-05,2023-08-05,0,In Progress,90
PRJ-13480,Hospital Project 3480,Hospital,Jeddah,SSEM,Ministry of Housing,134968236.14,158194805.27,23226569.13,17.21,2019-10-01,2020-11-11,2021-01-28,78,On Hold,10
PRJ-13481,Metro Rail Project 3481,Metro Rail,Mecca,Saudi Binladin Group,Ministry of Health,133600232.29,192311317.36,58711085.07,43.95,2018-07-24,2020-01-29,2020-02-12,14,On Hold,279
PRJ-13482,Bridge Project 3482,Bridge,Jeddah,Saudi Binladin Group,Ministry of Transport,71653361.52,67123073.94,-4530287.58,-6.32,2019-06-22,2020-01-05,2020-01-05,0,On Hold,149
PRJ-13483,Hospital Project 3483,Hospital,Jazan,Nesma & Partners,NEOM Co.,139226163.08,144270184.68,5044021.6,3.62,2019-11-03,2021-05-14,2021-05-14,0,Delayed,414
PRJ-13484,Residential Building Project 3484,Residential Building,Jazan,SADEEM Construction,Ministry of Housing,110305812.53,111425653.06,1119840.53,1.02,2019-03-16,2020-01-27,2020-01-27,0,Delayed,142
PRJ-13485,Metro Rail Project 3485,Metro Rail,Neom,AECOM Arabia,Ministry of Education,3322691.35,3090631.62,-232059.73,-6.98,2021-05-22,2021-08-23,2021-08-23,0,Completed,372
PRJ-13486,Bridge Project 3486,Bridge,Abha,AECOM Arabia,Private Developer,74684812.18,82675288.49,7990476.31,10.7,2019-01-16,2019-07-16,2019-07-16,0,Delayed,46
PRJ-13487,Residential Building Project 3487,Residential Building,Abha,Saudi Binladin Group,Ministry of Transport,50542931.32,56034245.82,5491314.5,10.86,2020-05-23,2021-02-08,2021-02-08,0,In Progress,491
PRJ-13488,Commercial Complex Project 3488,Commercial Complex,Qassim,Saudi Binladin Group,Royal Commission,104946020.62,116614000.23,11667979.61,11.12,2023-03-11,2024-10-21,2024-10-21,0,Completed,51
PRJ-13489,Residential Building Project 3489,Residential Building,Qassim,AECOM Arabia,Ministry of Health,74132017.18,92024314.34,17892297.16,24.14,2019-11-12,2021-11-30,2022-02-11,73,In Progress,174
PRJ-13490,Bridge Project 3490,Bridge,Abha,Saudi Binladin Group,Ministry of Health,67814646.43,74333266.24,6518619.81,9.61,2019-08-15,2022-06-23,2022-06-29,6,Delayed,496
PRJ-13491,Airport Terminal Project 3491,Airport Terminal,Abha,SSEM,Private Developer,6829006.63,7162457.43,333450.8,4.88,2021-02-23,2023-11-07,2023-12-07,30,Cancelled,427
PRJ-13492,Airport Terminal Project 3492,Airport Terminal,Neom,SADEEM Construction,Private Developer,45971210.55,51109732.09,5138521.54,11.18,2018-05-23,2020-02-01,2020-03-16,44,In Progress,217
PRJ-13493,Commercial Complex Project 3493,Commercial Complex,Riyadh,Saudi Binladin Group,Ministry of Education,36708285.86,53957021.96,17248736.1,46.99,2020-08-17,2023-02-10,2023-08-18,189,In Progress,344
PRJ-13494,Dam Project 3494,Dam,Tabuk,AECOM Arabia,Private Developer,19891085.57,20609673.47,718587.9,3.61,2019-02-09,2021-01-08,2021-01-08,0,Completed,237
PRJ-13495,Airport Terminal Project 3495,Airport Terminal,Jeddah,El Seif Engineering,Aramco,76286052.35,103491702.01,27205649.66,35.66,2018-08-07,2020-01-31,2020-03-05,34,Completed,28
PRJ-13496,Industrial Plant Project 3496,Industrial Plant,Neom,Saudi Binladin Group,NEOM Co.,121702740.61,132309448.43,10606707.82,8.72,2018-07-10,2021-05-09,2021-05-10,1,Delayed,181
PRJ-13497,Metro Rail Project 3497,Metro Rail,Abha,SSEM,Private Developer,42380050.76,45827354.41,3447303.65,8.13,2019-04-21,2020-03-08,2020-03-12,4,Delayed,349
PRJ-13498,Metro Rail Project 3498,Metro Rail,Abha,Al Fouzan,Royal Commission,46809914.46,64642787.2,17832872.74,38.1,2018-11-28,2021-10-15,2021-11-06,22,On Hold,407
PRJ-13499,Residential Building Project 3499,Residential Building,Medina,Al Rashid Trading,Royal Commission,57474526.78,64310102.77,6835575.99,11.89,2023-02-01,2024-01-06,2024-02-13,38,Completed,169
PRJ-13500,Metro Rail Project 3500,Metro Rail,Neom,AECOM Arabia,NEOM Co.,43897409.76,38145667.73,-5751742.03,-13.1,2021-07-07,2022-11-02,2022-11-25,23,On Hold,377
PRJ-13501,Commercial Complex Project 3501,Commercial Complex,Neom,SSEM,Ministry of Education,12428473.98,12744043.66,315569.68,2.54,2018-08-01,2019-06-28,2019-06-28,0,Cancelled,454
PRJ-13502,Industrial Plant Project 3502,Industrial Plant,Abha,Nesma & Partners,Private Developer,141465450.35,157939601.98,16474151.63,11.65,2020-10-11,2022-06-11,2022-06-11,0,In Progress,415
PRJ-13503,Airport Terminal Project 3503,Airport Terminal,Tabuk,Al Bawani,Ministry of Health,13674922.14,15779429.81,2104507.67,15.39,2019-11-06,2022-07-01,2022-07-01,0,Cancelled,88
PRJ-13504,Dam Project 3504,Dam,Abha,Al Bawani,Ministry of Education,109978965.21,165654097.21,55675132.0,50.62,2018-07-09,2020-08-16,2021-07-06,324,In Progress,150
PRJ-13505,Metro Rail Project 3505,Metro Rail,Medina,El Seif Engineering,Ministry of Education,60914422.24,76728946.04,15814523.8,25.96,2021-06-01,2024-03-26,2024-04-02,7,On Hold,13
PRJ-13506,Hospital Project 3506,Hospital,Tabuk,Al Bawani,Aramco,82551842.46,107487372.18,24935529.72,30.21,2022-11-23,2024-06-24,2024-07-17,23,Cancelled,74
PRJ-13507,Commercial Complex Project 3507,Commercial Complex,Jeddah,Al Arrab,NEOM Co.,142331385.28,220695292.63,78363907.35,55.06,2018-02-20,2019-05-03,2019-07-11,69,Cancelled,323
PRJ-13508,Bridge Project 3508,Bridge,Tabuk,SADEEM Construction,Ministry of Health,120311813.23,111745096.39,-8566716.84,-7.12,2020-03-31,2021-05-04,2021-07-29,86,Cancelled,239
PRJ-13509,Residential Building Project 3509,Residential Building,Jeddah,SADEEM Construction,Royal Commission,40135927.59,61296696.15,21160768.56,52.72,2020-09-22,2021-12-25,2022-01-14,20,Cancelled,377
PRJ-13510,Bridge Project 3510,Bridge,Mecca,Nesma & Partners,Ministry of Education,76022273.87,85480237.03,9457963.16,12.44,2022-09-17,2024-11-27,2024-11-27,0,On Hold,213
PRJ-13511,Metro Rail Project 3511,Metro Rail,Dammam,Al Fouzan,Royal Commission,21274505.83,20758048.99,-516456.84,-2.43,2021-05-22,2021-12-27,2021-12-27,0,Delayed,22
PRJ-13512,Metro Rail Project 3512,Metro Rail,Dammam,Al Arrab,Ministry of Housing,109900526.21,104341779.87,-5558746.34,-5.06,2018-04-09,2018-07-15,2018-07-15,0,Completed,351
PRJ-13513,Residential Building Project 3513,Residential Building,Jeddah,Al Fouzan,Ministry of Health,53027712.23,59915447.59,6887735.36,12.99,2020-04-30,2020-10-12,2020-10-21,9,In Progress,297
PRJ-13514,Industrial Plant Project 3514,Industrial Plant,Mecca,AECOM Arabia,Aramco,106394445.34,137696825.12,31302379.78,29.42,2023-04-25,2023-12-13,2023-12-26,13,Completed,354
PRJ-13515,Airport Terminal Project 3515,Airport Terminal,Qassim,Nesma & Partners,Ministry of Transport,15439815.62,17692653.02,2252837.4,14.59,2022-10-15,2024-07-09,2024-08-27,49,Cancelled,329
PRJ-13516,Residential Building Project 3516,Residential Building,Qassim,Al Arrab,Ministry of Education,97455856.78,108918310.64,11462453.86,11.76,2019-02-07,2019-09-15,2019-09-15,0,Completed,145
PRJ-13517,Industrial Plant Project 3517,Industrial Plant,Qassim,El Seif Engineering,Ministry of Education,31844307.86,37111435.85,5267127.99,16.54,2022-12-26,2025-02-15,2025-02-15,0,In Progress,331
PRJ-13518,School Project 3518,School,Tabuk,Al Fouzan,Ministry of Health,92625525.62,92242810.55,-382715.07,-0.41,2021-05-25,2021-11-02,2021-11-18,16,Cancelled,290
PRJ-13519,Highway Project 3519,Highway,Dammam,Saudi Binladin Group,Ministry of Health,141373990.22,143695301.68,2321311.46,1.64,2022-03-18,2023-01-20,2023-03-03,42,On Hold,430
PRJ-13520,Industrial Plant Project 3520,Industrial Plant,Jeddah,SSEM,Ministry of Health,50987760.82,71716433.74,20728672.92,40.65,2021-07-30,2021-12-31,2022-02-18,49,In Progress,434
PRJ-13521,Residential Building Project 3521,Residential Building,Dammam,Al Rashid Trading,Ministry of Health,114984751.76,163644115.16,48659363.4,42.32,2022-04-15,2023-04-08,2023-04-25,17,Cancelled,132
PRJ-13522,School Project 3522,School,Qassim,Al Rashid Trading,Royal Commission,58280811.57,79037034.68,20756223.11,35.61,2021-07-05,2024-04-24,2025-02-01,283,On Hold,232
PRJ-13523,Industrial Plant Project 3523,Industrial Plant,Riyadh,Al Rashid Trading,NEOM Co.,146414081.88,178445921.29,32031839.41,21.88,2022-05-20,2023-04-05,2023-11-08,217,In Progress,347
PRJ-13524,Highway Project 3524,Highway,Tabuk,Nesma & Partners,NEOM Co.,101263204.97,154400285.63,53137080.66,52.47,2022-12-22,2025-09-13,2025-10-06,23,On Hold,476
PRJ-13525,Commercial Complex Project 3525,Commercial Complex,Dammam,Al Arrab,Ministry of Transport,114380534.62,188583418.04,74202883.42,64.87,2021-04-09,2022-10-23,2022-10-24,1,Cancelled,174
PRJ-13526,Highway Project 3526,Highway,Dammam,Al Fouzan,NEOM Co.,112984166.83,154896566.56,41912399.73,37.1,2021-06-13,2024-03-27,2024-05-25,59,Delayed,360
PRJ-13527,Airport Terminal Project 3527,Airport Terminal,Mecca,Al Rashid Trading,Ministry of Health,128514626.64,119996020.8,-8518605.84,-6.63,2021-12-11,2024-05-04,2024-05-04,0,Completed,456
PRJ-13528,Commercial Complex Project 3528,Commercial Complex,Jeddah,SADEEM Construction,Ministry of Transport,52486806.42,53081175.89,594369.47,1.13,2018-04-05,2019-02-15,2019-12-15,303,Cancelled,22
PRJ-13529,Hospital Project 3529,Hospital,Qassim,SSEM,Ministry of Education,12197193.74,18520083.88,6322890.14,51.84,2022-09-19,2023-03-15,2023-04-30,46,Cancelled,355
PRJ-13530,Residential Building Project 3530,Residential Building,Abha,Nesma & Partners,Ministry of Education,24816506.62,38055536.82,13239030.2,53.35,2020-09-07,2022-06-02,2023-03-25,296,Delayed,305
PRJ-13531,Commercial Complex Project 3531,Commercial Complex,Dammam,Saudi Binladin Group,Private Developer,103171785.44,108951964.6,5780179.16,5.6,2020-03-10,2023-02-10,2023-02-10,0,Completed,221
PRJ-13532,Highway Project 3532,Highway,Abha,Al Arrab,Ministry of Housing,124622403.82,125269837.77,647433.95,0.52,2018-10-26,2019-09-02,2019-09-18,16,Completed,284
PRJ-13533,Residential Building Project 3533,Residential Building,Dammam,AECOM Arabia,Royal Commission,43085475.15,54936765.61,11851290.46,27.51,2021-09-09,2022-11-25,2022-12-16,21,On Hold,249
PRJ-13534,Bridge Project 3534,Bridge,Jazan,AECOM Arabia,Ministry of Transport,120934333.55,159039925.23,38105591.68,31.51,2022-08-29,2024-08-04,2024-09-20,47,Cancelled,171
PRJ-13535,Hospital Project 3535,Hospital,Jeddah,AECOM Arabia,NEOM Co.,117227429.76,104338463.96,-12888965.8,-10.99,2022-01-14,2022-12-30,2023-01-05,6,Completed,42
PRJ-13536,Dam Project 3536,Dam,Medina,Al Arrab,Ministry of Education,131108256.48,120969176.22,-10139080.26,-7.73,2019-03-24,2019-07-04,2019-07-04,0,Delayed,211
PRJ-13537,Dam Project 3537,Dam,Abha,El Seif Engineering,Aramco,37379920.25,41439218.29,4059298.04,10.86,2020-01-18,2020-09-28,2020-09-28,0,In Progress,115
PRJ-13538,Bridge Project 3538,Bridge,Riyadh,Saudi Binladin Group,Ministry of Housing,61712466.68,95719194.01,34006727.33,55.11,2020-03-25,2021-06-28,2022-01-04,190,In Progress,305
PRJ-13539,Highway Project 3539,Highway,Mecca,Al Bawani,NEOM Co.,45047979.3,44606360.09,-441619.21,-0.98,2020-08-13,2022-04-18,2022-04-18,0,In Progress,419
PRJ-13540,Commercial Complex Project 3540,Commercial Complex,Riyadh,SSEM,Ministry of Transport,86922219.85,111077748.69,24155528.84,27.79,2018-12-18,2019-06-11,2019-06-25,14,On Hold,190
PRJ-13541,Industrial Plant Project 3541,Industrial Plant,Qassim,Al Fouzan,NEOM Co.,131551418.77,139810118.4,8258699.63,6.28,2018-01-06,2018-10-11,2019-07-28,290,On Hold,442
PRJ-13542,Residential Building Project 3542,Residential Building,Qassim,SADEEM Construction,NEOM Co.,69590000.75,111990489.91,42400489.16,60.93,2020-08-20,2022-05-29,2022-06-21,23,On Hold,359
PRJ-13543,Highway Project 3543,Highway,Jazan,AECOM Arabia,Ministry of Health,149793289.22,214441660.74,64648371.52,43.16,2022-12-24,2025-05-12,2025-05-20,8,Completed,90
PRJ-13544,Metro Rail Project 3544,Metro Rail,Tabuk,Al Fouzan,Royal Commission,57015643.8,48833132.48,-8182511.32,-14.35,2021-11-02,2022-05-04,2022-10-04,153,Completed,26
PRJ-13545,Airport Terminal Project 3545,Airport Terminal,Jeddah,AECOM Arabia,Private Developer,1883252.1,1955135.46,71883.36,3.82,2021-01-06,2023-03-12,2023-03-12,0,In Progress,229
PRJ-13546,Highway Project 3546,Highway,Medina,Saudi Binladin Group,Ministry of Housing,73506069.49,81303462.87,7797393.38,10.61,2020-05-06,2021-03-06,2021-03-06,0,In Progress,133
PRJ-13547,Hospital Project 3547,Hospital,Riyadh,Nesma & Partners,Ministry of Transport,44453506.59,47474919.43,3021412.84,6.8,2021-12-15,2022-03-17,2022-03-17,0,In Progress,459
PRJ-13548,Industrial Plant Project 3548,Industrial Plant,Medina,SSEM,Royal Commission,45487401.44,53481311.47,7993910.03,17.57,2019-02-24,2021-08-28,2021-09-02,5,Cancelled,82
PRJ-13549,Airport Terminal Project 3549,Airport Terminal,Riyadh,AECOM Arabia,Aramco,35224868.04,37353869.39,2129001.35,6.04,2020-05-01,2023-01-08,2023-01-08,0,On Hold,440
PRJ-13550,School Project 3550,School,Neom,Al Arrab,Ministry of Education,30224865.28,29496531.02,-728334.26,-2.41,2021-10-16,2024-01-28,2024-02-18,21,Completed,140
PRJ-13551,Hospital Project 3551,Hospital,Mecca,SADEEM Construction,Aramco,100810719.07,94592248.92,-6218470.15,-6.17,2018-02-08,2020-12-29,2021-02-09,42,Delayed,307
PRJ-13552,Dam Project 3552,Dam,Riyadh,Saudi Binladin Group,Private Developer,70436460.6,64890400.07,-5546060.53,-7.87,2022-06-04,2023-06-26,2023-06-26,0,Completed,178
PRJ-13553,Commercial Complex Project 3553,Commercial Complex,Jazan,Al Arrab,Private Developer,89928275.61,88068674.82,-1859600.79,-2.07,2021-04-03,2021-11-25,2021-11-25,0,In Progress,274
PRJ-13554,Residential Building Project 3554,Residential Building,Neom,Nesma & Partners,Private Developer,79379856.3,126172969.99,46793113.69,58.95,2018-09-01,2019-03-08,2019-03-29,21,Completed,344
PRJ-13555,Metro Rail Project 3555,Metro Rail,Abha,AECOM Arabia,Ministry of Health,82587941.77,88773740.94,6185799.17,7.49,2022-02-05,2022-08-15,2022-08-15,0,Delayed,438
PRJ-13556,Highway Project 3556,Highway,Tabuk,Al Fouzan,NEOM Co.,60547142.3,71731645.41,11184503.11,18.47,2019-05-16,2021-07-28,2021-07-28,0,Cancelled,488
PRJ-13557,Residential Building Project 3557,Residential Building,Tabuk,Al Bawani,Ministry of Transport,116689293.46,177994075.52,61304782.06,52.54,2021-08-19,2023-02-26,2023-03-08,10,Delayed,481
PRJ-13558,Industrial Plant Project 3558,Industrial Plant,Riyadh,SADEEM Construction,Ministry of Education,65143255.85,74823552.99,9680297.14,14.86,2018-12-24,2020-05-11,2020-05-11,0,In Progress,315
PRJ-13559,Hospital Project 3559,Hospital,Riyadh,El Seif Engineering,Aramco,123521766.21,174278454.01,50756687.8,41.09,2023-02-17,2023-09-13,2023-09-19,6,Delayed,173
PRJ-13560,Airport Terminal Project 3560,Airport Terminal,Abha,Nesma & Partners,Ministry of Education,43951123.91,47778320.16,3827196.25,8.71,2021-12-13,2023-06-12,2023-06-22,10,On Hold,30
PRJ-13561,Bridge Project 3561,Bridge,Jeddah,SSEM,Private Developer,108972453.01,92705553.93,-16266899.08,-14.93,2021-04-18,2023-01-12,2023-01-19,7,Delayed,475
PRJ-13562,Hospital Project 3562,Hospital,Qassim,Al Bawani,Ministry of Housing,107427909.6,100293183.41,-7134726.19,-6.64,2022-04-04,2024-06-25,2024-06-30,5,Cancelled,231
PRJ-13563,Commercial Complex Project 3563,Commercial Complex,Mecca,Nesma & Partners,NEOM Co.,36008660.03,44316760.35,8308100.32,23.07,2023-01-03,2024-12-16,2024-12-30,14,Delayed,364
PRJ-13564,Industrial Plant Project 3564,Industrial Plant,Tabuk,AECOM Arabia,NEOM Co.,7163221.09,8532628.39,1369407.3,19.12,2019-10-30,2020-03-14,2020-03-14,0,On Hold,236
PRJ-13565,Hospital Project 3565,Hospital,Jazan,SSEM,Aramco,107551426.49,118839788.23,11288361.74,10.5,2021-10-25,2022-05-12,2022-05-23,11,Cancelled,418
PRJ-13566,Airport Terminal Project 3566,Airport Terminal,Medina,Saudi Binladin Group,Private Developer,67557111.13,65334377.68,-2222733.45,-3.29,2019-11-10,2022-03-25,2022-04-23,29,On Hold,457
PRJ-13567,Industrial Plant Project 3567,Industrial Plant,Tabuk,El Seif Engineering,Aramco,28745007.16,30326095.78,1581088.62,5.5,2018-01-02,2019-05-05,2019-07-02,58,Delayed,281
PRJ-13568,Metro Rail Project 3568,Metro Rail,Jazan,Saudi Binladin Group,Aramco,57339152.2,66592633.76,9253481.56,16.14,2019-12-15,2022-08-30,2022-08-30,0,In Progress,69
PRJ-13569,Bridge Project 3569,Bridge,Medina,Al Arrab,Ministry of Health,99640600.5,99891053.51,250453.01,0.25,2018-01-16,2018-06-17,2018-06-17,0,On Hold,231
PRJ-13570,Commercial Complex Project 3570,Commercial Complex,Dammam,Al Bawani,Ministry of Transport,102713082.09,93048291.0,-9664791.09,-9.41,2021-11-07,2022-02-12,2022-02-12,0,On Hold,472
PRJ-13571,Commercial Complex Project 3571,Commercial Complex,Jeddah,Al Rashid Trading,Ministry of Education,110478577.67,115572171.74,5093594.07,4.61,2022-12-16,2024-10-27,2024-10-27,0,On Hold,63
PRJ-13572,Hospital Project 3572,Hospital,Abha,Saudi Binladin Group,Ministry of Transport,122070731.02,144823652.73,22752921.71,18.64,2020-12-02,2021-10-04,2021-10-04,0,Cancelled,356
PRJ-13573,Hospital Project 3573,Hospital,Dammam,Al Bawani,Royal Commission,138905388.15,162905393.47,24000005.32,17.28,2021-08-09,2023-11-28,2023-11-28,0,Cancelled,272
PRJ-13574,School Project 3574,School,Qassim,El Seif Engineering,Private Developer,77069408.41,77689249.47,619841.06,0.8,2019-04-26,2021-09-26,2021-09-26,0,In Progress,36
PRJ-13575,Metro Rail Project 3575,Metro Rail,Riyadh,Saudi Binladin Group,Ministry of Education,70022781.05,109039350.12,39016569.07,55.72,2020-10-13,2021-09-10,2021-10-15,35,Cancelled,445
PRJ-13576,Industrial Plant Project 3576,Industrial Plant,Mecca,Al Fouzan,Ministry of Education,31444452.3,47234101.19,15789648.89,50.21,2023-01-19,2025-03-19,2025-06-02,75,Delayed,151
PRJ-13577,Commercial Complex Project 3577,Commercial Complex,Riyadh,SSEM,Ministry of Health,146838974.27,170931657.09,24092682.82,16.41,2023-01-29,2024-12-14,2024-12-14,0,In Progress,207
PRJ-13578,Hospital Project 3578,Hospital,Mecca,Al Rashid Trading,Private Developer,42350630.79,39461757.62,-2888873.17,-6.82,2020-07-14,2022-12-08,2022-12-08,0,Completed,362
PRJ-13579,School Project 3579,School,Riyadh,SADEEM Construction,Ministry of Transport,17280040.26,17061741.43,-218298.83,-1.26,2021-04-02,2022-06-15,2022-06-15,0,Cancelled,274
PRJ-13580,Hospital Project 3580,Hospital,Neom,Saudi Binladin Group,Ministry of Education,92320466.74,105364988.44,13044521.7,14.13,2021-05-26,2023-12-03,2023-12-03,0,On Hold,196
PRJ-13581,Airport Terminal Project 3581,Airport Terminal,Tabuk,SSEM,Ministry of Transport,134937920.89,115305134.86,-19632786.03,-14.55,2021-10-08,2024-08-07,2024-09-05,29,Cancelled,46
PRJ-13582,School Project 3582,School,Jazan,Al Bawani,Private Developer,28354358.09,26367224.03,-1987134.06,-7.01,2019-03-23,2021-10-11,2021-10-11,0,On Hold,440
PRJ-13583,Bridge Project 3583,Bridge,Riyadh,SSEM,Aramco,54817009.1,57580076.78,2763067.68,5.04,2021-11-07,2024-05-10,2024-05-10,0,On Hold,58
PRJ-13584,Bridge Project 3584,Bridge,Tabuk,Saudi Binladin Group,Ministry of Housing,6987878.2,6941365.06,-46513.14,-0.67,2020-11-06,2022-06-22,2022-07-04,12,In Progress,86
PRJ-13585,Bridge Project 3585,Bridge,Medina,Al Bawani,Royal Commission,97236989.86,121181998.99,23945009.13,24.63,2018-01-28,2019-02-11,2019-03-01,18,Cancelled,310
PRJ-13586,Metro Rail Project 3586,Metro Rail,Tabuk,Nesma & Partners,Royal Commission,64439922.31,65843945.79,1404023.48,2.18,2022-04-18,2024-06-14,2024-09-15,93,Completed,401
PRJ-13587,Highway Project 3587,Highway,Abha,Al Fouzan,Ministry of Transport,77741306.85,100711960.73,22970653.88,29.55,2020-07-28,2021-04-06,2021-05-15,39,Delayed,424
PRJ-13588,Commercial Complex Project 3588,Commercial Complex,Mecca,AECOM Arabia,Ministry of Education,139388622.41,170185234.5,30796612.09,22.09,2019-06-22,2020-02-26,2020-06-14,109,In Progress,135
PRJ-13589,Industrial Plant Project 3589,Industrial Plant,Jazan,SSEM,Aramco,13734086.12,14869891.38,1135805.26,8.27,2020-05-18,2021-06-11,2021-06-11,0,Completed,309
PRJ-13590,Bridge Project 3590,Bridge,Tabuk,Al Fouzan,Royal Commission,43587689.28,56037424.53,12449735.25,28.56,2021-11-24,2023-02-09,2023-02-14,5,In Progress,28
PRJ-13591,Residential Building Project 3591,Residential Building,Abha,El Seif Engineering,Ministry of Education,80080384.38,112799016.24,32718631.86,40.86,2018-05-31,2019-05-13,2019-05-15,2,Delayed,489
PRJ-13592,Hospital Project 3592,Hospital,Neom,SADEEM Construction,Ministry of Education,93753942.5,114899946.38,21146003.88,22.55,2020-03-13,2022-09-07,2022-09-13,6,Cancelled,298
PRJ-13593,Bridge Project 3593,Bridge,Neom,El Seif Engineering,NEOM Co.,108188276.01,114553070.42,6364794.41,5.88,2021-10-18,2023-05-20,2023-05-20,0,On Hold,176
PRJ-13594,Residential Building Project 3594,Residential Building,Jazan,Al Arrab,Aramco,59625616.89,79797863.03,20172246.14,33.83,2018-11-12,2021-08-25,2021-09-05,11,Cancelled,342
PRJ-13595,Bridge Project 3595,Bridge,Riyadh,Al Fouzan,Ministry of Health,140896750.4,128187401.78,-12709348.62,-9.02,2019-08-04,2020-08-31,2020-10-03,33,In Progress,353
PRJ-13596,Residential Building Project 3596,Residential Building,Mecca,Al Fouzan,Royal Commission,69372403.54,80974746.53,11602342.99,16.72,2022-07-20,2023-09-14,2023-09-14,0,Completed,74
PRJ-13597,School Project 3597,School,Medina,Al Fouzan,Ministry of Health,14622132.66,23530747.62,8908614.96,60.93,2020-10-20,2021-01-24,2021-06-07,134,Cancelled,420
PRJ-13598,Industrial Plant Project 3598,Industrial Plant,Medina,Al Rashid Trading,NEOM Co.,12202034.87,14398693.95,2196659.08,18.0,2020-04-19,2021-11-29,2021-11-29,0,Cancelled,41
PRJ-13599,Industrial Plant Project 3599,Industrial Plant,Abha,Saudi Binladin Group,Ministry of Housing,54788322.24,63193549.43,8405227.19,15.34,2018-12-31,2020-09-13,2020-09-13,0,On Hold,299
PRJ-13600,School Project 3600,School,Dammam,Al Arrab,Ministry of Housing,63048308.99,65082028.9,2033719.91,3.23,2023-04-24,2024-01-27,2024-01-27,0,Cancelled,237
PRJ-13601,Hospital Project 3601,Hospital,Tabuk,Saudi Binladin Group,Ministry of Health,95319342.1,140079583.25,44760241.15,46.96,2020-07-26,2021-02-07,2021-09-19,224,On Hold,22
PRJ-13602,Commercial Complex Project 3602,Commercial Complex,Tabuk,El Seif Engineering,NEOM Co.,5551478.07,5548071.66,-3406.41,-0.06,2018-04-25,2018-09-01,2018-09-27,26,Delayed,168
PRJ-13603,Metro Rail Project 3603,Metro Rail,Riyadh,SSEM,Ministry of Health,52219452.92,52448727.64,229274.72,0.44,2020-09-01,2022-08-05,2022-08-05,0,On Hold,103
PRJ-13604,Commercial Complex Project 3604,Commercial Complex,Qassim,Al Rashid Trading,Ministry of Transport,70624520.86,70641535.97,17015.11,0.02,2021-11-06,2024-03-18,2024-03-18,0,Completed,389
PRJ-13605,Metro Rail Project 3605,Metro Rail,Dammam,AECOM Arabia,Ministry of Health,16550487.21,14510646.09,-2039841.12,-12.32,2021-08-21,2024-01-29,2024-02-02,4,Delayed,124
PRJ-13606,Residential Building Project 3606,Residential Building,Jazan,El Seif Engineering,NEOM Co.,70802238.26,66733954.32,-4068283.94,-5.75,2023-02-27,2023-11-21,2024-02-21,92,Cancelled,74
PRJ-13607,Highway Project 3607,Highway,Qassim,Al Rashid Trading,Ministry of Education,141966541.7,193074360.76,51107819.06,36.0,2022-03-14,2023-09-10,2023-10-19,39,Completed,171
PRJ-13608,Industrial Plant Project 3608,Industrial Plant,Neom,Al Bawani,Royal Commission,96969024.42,90718002.71,-6251021.71,-6.45,2022-02-14,2023-09-29,2023-11-20,52,In Progress,466
PRJ-13609,Airport Terminal Project 3609,Airport Terminal,Dammam,Saudi Binladin Group,Ministry of Health,75960771.37,100226922.6,24266151.23,31.95,2018-11-05,2019-08-20,2019-09-24,35,Completed,50
PRJ-13610,Highway Project 3610,Highway,Abha,AECOM Arabia,Ministry of Housing,125000471.12,175320764.72,50320293.6,40.26,2019-08-20,2022-05-29,2022-05-31,2,Delayed,267
PRJ-13611,Metro Rail Project 3611,Metro Rail,Tabuk,Nesma & Partners,Private Developer,80337145.69,90155950.49,9818804.8,12.22,2020-04-16,2021-11-29,2021-12-13,14,Completed,341
PRJ-13612,School Project 3612,School,Mecca,SSEM,NEOM Co.,93314478.6,116357625.08,23043146.48,24.69,2021-07-09,2023-09-18,2023-11-23,66,Delayed,100
PRJ-13613,Hospital Project 3613,Hospital,Jazan,Al Rashid Trading,Ministry of Education,123796113.03,126352120.8,2556007.77,2.06,2020-08-11,2022-05-26,2022-05-26,0,Cancelled,473
PRJ-13614,Airport Terminal Project 3614,Airport Terminal,Mecca,Saudi Binladin Group,Ministry of Education,15807972.19,14518859.26,-1289112.93,-8.15,2022-07-18,2022-10-19,2022-10-19,0,On Hold,172
PRJ-13615,Dam Project 3615,Dam,Jazan,SSEM,Ministry of Housing,8174488.51,9153712.13,979223.62,11.98,2018-06-26,2019-12-12,2019-12-26,14,Cancelled,320
PRJ-13616,Dam Project 3616,Dam,Dammam,Al Bawani,Private Developer,107831585.03,96043778.53,-11787806.5,-10.93,2020-03-27,2020-11-30,2021-01-09,40,In Progress,272
PRJ-13617,Highway Project 3617,Highway,Abha,El Seif Engineering,Ministry of Health,33557927.8,43225617.37,9667689.57,28.81,2018-09-02,2019-08-21,2019-12-18,119,On Hold,48
PRJ-13618,Airport Terminal Project 3618,Airport Terminal,Abha,Saudi Binladin Group,Royal Commission,22105025.97,20782755.61,-1322270.36,-5.98,2022-02-01,2023-06-02,2023-06-02,0,Completed,416
PRJ-13619,Bridge Project 3619,Bridge,Jeddah,Al Arrab,Ministry of Health,141596438.94,161598475.4,20002036.46,14.13,2020-08-24,2021-09-30,2021-09-30,0,Delayed,335
PRJ-13620,Commercial Complex Project 3620,Commercial Complex,Dammam,SSEM,Ministry of Transport,27507907.86,28112266.01,604358.15,2.2,2018-09-10,2021-06-15,2021-06-15,0,Delayed,78
PRJ-13621,Airport Terminal Project 3621,Airport Terminal,Tabuk,Al Rashid Trading,Royal Commission,53665488.89,67520326.04,13854837.15,25.82,2021-11-05,2023-12-23,2024-02-07,46,Completed,53
PRJ-13622,Metro Rail Project 3622,Metro Rail,Neom,El Seif Engineering,Private Developer,19613535.68,22899006.55,3285470.87,16.75,2018-02-10,2019-12-01,2020-09-05,279,Completed,251
PRJ-13623,Residential Building Project 3623,Residential Building,Qassim,Al Arrab,Ministry of Education,39807175.02,49687524.88,9880349.86,24.82,2023-01-14,2025-09-23,2025-10-07,14,On Hold,249
PRJ-13624,Commercial Complex Project 3624,Commercial Complex,Riyadh,SSEM,Private Developer,51795769.7,60538979.69,8743209.99,16.88,2019-08-07,2020-01-03,2020-01-11,8,Cancelled,306
PRJ-13625,Hospital Project 3625,Hospital,Jazan,AECOM Arabia,Ministry of Health,3366350.16,3321765.93,-44584.23,-1.32,2021-12-03,2023-06-09,2023-07-23,44,On Hold,52
PRJ-13626,Residential Building Project 3626,Residential Building,Tabuk,El Seif Engineering,Aramco,7063739.74,7742633.0,678893.26,9.61,2023-03-13,2023-07-16,2023-07-16,0,Completed,356
PRJ-13627,Dam Project 3627,Dam,Riyadh,El Seif Engineering,Ministry of Education,116203451.26,144650909.77,28447458.51,24.48,2022-02-18,2023-12-08,2024-01-27,50,Completed,200
PRJ-13628,Residential Building Project 3628,Residential Building,Dammam,Al Fouzan,Private Developer,31202543.61,43988424.31,12785880.7,40.98,2020-08-27,2022-06-26,2022-08-05,40,In Progress,370
PRJ-13629,Metro Rail Project 3629,Metro Rail,Dammam,Saudi Binladin Group,Aramco,37317474.75,34835756.94,-2481717.81,-6.65,2021-10-13,2022-01-23,2022-04-03,70,On Hold,196
PRJ-13630,Metro Rail Project 3630,Metro Rail,Neom,SSEM,Private Developer,147411891.82,170713929.81,23302037.99,15.81,2020-08-01,2022-08-24,2022-08-24,0,Delayed,337
PRJ-13631,Bridge Project 3631,Bridge,Neom,Al Arrab,Royal Commission,103340847.5,122110125.46,18769277.96,18.16,2022-11-11,2024-10-10,2024-10-10,0,Delayed,140
PRJ-13632,Highway Project 3632,Highway,Tabuk,Nesma & Partners,Ministry of Health,108485519.66,103835515.58,-4650004.08,-4.29,2021-10-20,2023-11-28,2023-11-28,0,Delayed,352
PRJ-13633,Highway Project 3633,Highway,Riyadh,SADEEM Construction,Aramco,66602342.65,77373668.98,10771326.33,16.17,2019-08-06,2020-12-22,2020-12-24,2,In Progress,235
PRJ-13634,Industrial Plant Project 3634,Industrial Plant,Riyadh,Al Fouzan,Aramco,111369651.45,113144104.69,1774453.24,1.59,2023-01-14,2025-10-22,2025-10-22,0,Cancelled,402
PRJ-13635,Bridge Project 3635,Bridge,Jazan,Al Arrab,Ministry of Health,49878979.23,53799802.02,3920822.79,7.86,2021-03-20,2023-07-17,2023-07-17,0,On Hold,204
PRJ-13636,Airport Terminal Project 3636,Airport Terminal,Jeddah,Al Arrab,Ministry of Housing,130894577.09,151625182.15,20730605.06,15.84,2020-12-21,2023-07-26,2023-07-27,1,Completed,423
PRJ-13637,Dam Project 3637,Dam,Mecca,AECOM Arabia,Ministry of Housing,24156990.9,22576632.06,-1580358.84,-6.54,2020-01-14,2022-07-11,2022-08-15,35,On Hold,274
PRJ-13638,Airport Terminal Project 3638,Airport Terminal,Jeddah,SADEEM Construction,Private Developer,99888759.91,100801089.0,912329.09,0.91,2021-06-07,2023-04-30,2024-02-03,279,Delayed,267
PRJ-13639,School Project 3639,School,Dammam,SADEEM Construction,Ministry of Housing,140484707.39,144886540.23,4401832.84,3.13,2019-12-30,2022-02-17,2022-02-17,0,Completed,299
PRJ-13640,Metro Rail Project 3640,Metro Rail,Neom,Al Bawani,Ministry of Health,3733235.37,4669672.3,936436.93,25.08,2019-01-10,2019-11-10,2019-11-29,19,Delayed,84
PRJ-13641,Dam Project 3641,Dam,Neom,El Seif Engineering,Aramco,48588539.47,55930755.14,7342215.67,15.11,2018-08-27,2021-06-04,2021-06-08,4,Cancelled,200
PRJ-13642,Commercial Complex Project 3642,Commercial Complex,Qassim,SADEEM Construction,Ministry of Health,101003309.52,114610348.38,13607038.86,13.47,2020-05-18,2022-07-10,2022-07-10,0,Delayed,315
PRJ-13643,Bridge Project 3643,Bridge,Dammam,El Seif Engineering,Ministry of Transport,79847215.06,80685059.62,837844.56,1.05,2022-08-21,2023-11-19,2023-12-15,26,In Progress,36
PRJ-13644,Dam Project 3644,Dam,Medina,SADEEM Construction,Ministry of Housing,43455884.82,45604182.11,2148297.29,4.94,2022-04-05,2024-12-18,2024-12-23,5,On Hold,145
PRJ-13645,Highway Project 3645,Highway,Tabuk,AECOM Arabia,Ministry of Education,34120573.64,44361898.1,10241324.46,30.02,2023-03-25,2025-05-01,2025-05-22,21,Delayed,161
PRJ-13646,Airport Terminal Project 3646,Airport Terminal,Dammam,AECOM Arabia,Ministry of Education,141769639.41,193280300.74,51510661.33,36.33,2022-06-10,2025-04-08,2025-04-14,6,Cancelled,82
PRJ-13647,Commercial Complex Project 3647,Commercial Complex,Mecca,SSEM,Private Developer,122680260.71,129305353.26,6625092.55,5.4,2022-02-01,2024-01-15,2024-02-08,24,On Hold,12
PRJ-13648,Industrial Plant Project 3648,Industrial Plant,Dammam,AECOM Arabia,Ministry of Transport,39751259.39,36244240.94,-3507018.45,-8.82,2020-07-22,2023-06-04,2023-06-04,0,Cancelled,480
PRJ-13649,Industrial Plant Project 3649,Industrial Plant,Jazan,Nesma & Partners,Aramco,46163911.87,40994209.53,-5169702.34,-11.2,2020-05-30,2021-05-23,2021-07-02,40,Delayed,284
PRJ-13650,Residential Building Project 3650,Residential Building,Mecca,Al Fouzan,NEOM Co.,33284644.73,37008189.6,3723544.87,11.19,2022-09-01,2024-08-27,2024-08-27,0,On Hold,327
PRJ-13651,Airport Terminal Project 3651,Airport Terminal,Qassim,AECOM Arabia,Ministry of Education,117506408.64,165503014.13,47996605.49,40.85,2021-01-14,2022-12-08,2022-12-26,18,Delayed,160
PRJ-13652,Industrial Plant Project 3652,Industrial Plant,Tabuk,Al Bawani,Private Developer,58498849.21,55455386.53,-3043462.68,-5.2,2020-07-14,2023-04-04,2023-04-04,0,In Progress,152
PRJ-13653,Residential Building Project 3653,Residential Building,Jeddah,AECOM Arabia,NEOM Co.,60023349.28,96544113.51,36520764.23,60.84,2023-04-01,2025-07-08,2025-08-03,26,In Progress,222
PRJ-13654,Residential Building Project 3654,Residential Building,Tabuk,AECOM Arabia,Ministry of Health,10778267.34,11997675.48,1219408.14,11.31,2021-11-25,2022-08-28,2022-09-18,21,Completed,367
PRJ-13655,Metro Rail Project 3655,Metro Rail,Medina,SADEEM Construction,Ministry of Health,76492598.29,84174006.72,7681408.43,10.04,2019-05-26,2022-02-26,2022-06-05,99,Delayed,440
PRJ-13656,Airport Terminal Project 3656,Airport Terminal,Mecca,SADEEM Construction,Ministry of Education,123070288.06,148972398.6,25902110.54,21.05,2019-05-12,2021-04-19,2021-05-13,24,Delayed,218
PRJ-13657,Commercial Complex Project 3657,Commercial Complex,Jeddah,Al Fouzan,Ministry of Health,43185998.22,49943792.75,6757794.53,15.65,2022-07-04,2024-04-21,2024-05-01,10,In Progress,454
PRJ-13658,Residential Building Project 3658,Residential Building,Jazan,Saudi Binladin Group,Ministry of Health,125417821.14,150617309.7,25199488.56,20.09,2021-06-10,2022-08-17,2023-04-16,242,In Progress,62
PRJ-13659,School Project 3659,School,Riyadh,Nesma & Partners,NEOM Co.,59306249.39,68437349.88,9131100.49,15.4,2021-07-25,2023-01-26,2023-01-26,0,Completed,119
PRJ-13660,Dam Project 3660,Dam,Dammam,SSEM,Aramco,64322345.44,66557761.25,2235415.81,3.48,2020-04-27,2022-01-26,2022-02-19,24,Delayed,243
PRJ-13661,Hospital Project 3661,Hospital,Abha,Al Rashid Trading,Aramco,111653629.1,167170899.62,55517270.52,49.72,2022-07-10,2025-01-03,2025-01-25,22,In Progress,288
PRJ-13662,Residential Building Project 3662,Residential Building,Jazan,Al Bawani,NEOM Co.,117219543.14,166745789.5,49526246.36,42.25,2023-01-26,2024-11-16,2024-11-23,7,Completed,473
PRJ-13663,School Project 3663,School,Abha,El Seif Engineering,Royal Commission,120108133.99,118677320.66,-1430813.33,-1.19,2022-12-12,2025-02-22,2025-03-06,12,Cancelled,179
PRJ-13664,Airport Terminal Project 3664,Airport Terminal,Abha,Al Arrab,Ministry of Transport,893507.26,1011402.13,117894.87,13.19,2020-06-05,2021-08-31,2021-09-17,17,Completed,277
PRJ-13665,Residential Building Project 3665,Residential Building,Dammam,Al Bawani,NEOM Co.,83459020.16,128337642.55,44878622.39,53.77,2018-10-13,2019-12-23,2019-12-29,6,Cancelled,370
PRJ-13666,Airport Terminal Project 3666,Airport Terminal,Abha,Al Arrab,Ministry of Housing,39034404.74,48190753.67,9156348.93,23.46,2023-03-11,2025-12-28,2026-01-04,7,Delayed,209
PRJ-13667,Metro Rail Project 3667,Metro Rail,Neom,Al Bawani,Private Developer,75078228.05,80145151.15,5066923.1,6.75,2021-01-04,2021-09-30,2021-10-07,7,Cancelled,156
PRJ-13668,Dam Project 3668,Dam,Riyadh,Al Fouzan,NEOM Co.,25870933.25,37928630.8,12057697.55,46.61,2019-05-12,2019-09-24,2019-11-01,38,In Progress,427
PRJ-13669,Metro Rail Project 3669,Metro Rail,Qassim,Al Bawani,Ministry of Education,69618110.37,77570316.08,7952205.71,11.42,2022-06-12,2022-12-12,2022-12-12,0,In Progress,391
PRJ-13670,Highway Project 3670,Highway,Riyadh,Al Rashid Trading,Ministry of Health,110522341.09,179371395.7,68849054.61,62.29,2020-02-21,2023-01-13,2023-01-17,4,In Progress,413
PRJ-13671,Dam Project 3671,Dam,Jazan,Al Bawani,Ministry of Health,123244276.09,118480273.33,-4764002.76,-3.87,2020-05-25,2021-01-09,2021-01-09,0,Delayed,105
PRJ-13672,Dam Project 3672,Dam,Dammam,Al Bawani,Ministry of Education,28331672.84,26566562.7,-1765110.14,-6.23,2020-02-15,2022-06-10,2022-06-10,0,In Progress,13
PRJ-13673,Airport Terminal Project 3673,Airport Terminal,Jazan,SSEM,Ministry of Transport,21187595.1,25970131.22,4782536.12,22.57,2019-07-05,2022-01-31,2022-11-18,291,Completed,218
PRJ-13674,Highway Project 3674,Highway,Qassim,Al Rashid Trading,Ministry of Transport,117548658.82,156773490.86,39224832.04,33.37,2021-07-30,2022-07-27,2022-09-06,41,Delayed,255
PRJ-13675,Bridge Project 3675,Bridge,Tabuk,Al Arrab,NEOM Co.,103111807.68,93368434.49,-9743373.19,-9.45,2023-05-08,2024-02-19,2024-02-19,0,On Hold,265
PRJ-13676,Residential Building Project 3676,Residential Building,Riyadh,SADEEM Construction,Royal Commission,47110758.2,40396342.75,-6714415.45,-14.25,2019-11-27,2020-09-30,2020-10-30,30,On Hold,121
PRJ-13677,Residential Building Project 3677,Residential Building,Dammam,SSEM,Ministry of Transport,5430053.08,6274786.86,844733.78,15.56,2021-07-26,2023-11-26,2023-11-26,0,Cancelled,186
PRJ-13678,Dam Project 3678,Dam,Riyadh,SADEEM Construction,NEOM Co.,102761716.82,143904453.34,41142736.52,40.04,2019-06-06,2021-11-19,2021-11-28,9,In Progress,179
PRJ-13679,Hospital Project 3679,Hospital,Tabuk,SADEEM Construction,Ministry of Health,118972272.04,118025048.71,-947223.33,-0.8,2021-05-21,2023-02-03,2023-02-03,0,In Progress,306
PRJ-13680,Dam Project 3680,Dam,Jazan,Saudi Binladin Group,Private Developer,5887587.94,6630271.07,742683.13,12.61,2018-08-01,2019-02-13,2019-05-04,80,Cancelled,447
PRJ-13681,Commercial Complex Project 3681,Commercial Complex,Tabuk,AECOM Arabia,Ministry of Health,16419023.61,17199864.12,780840.51,4.76,2022-05-26,2024-06-06,2024-06-06,0,On Hold,129
PRJ-13682,Airport Terminal Project 3682,Airport Terminal,Abha,Al Fouzan,Ministry of Health,115385935.45,122954334.36,7568398.91,6.56,2018-01-21,2020-01-04,2020-01-11,7,Cancelled,353
PRJ-13683,Industrial Plant Project 3683,Industrial Plant,Abha,SSEM,Ministry of Transport,36785890.53,44051174.39,7265283.86,19.75,2019-01-19,2019-11-17,2019-11-17,0,Completed,363
PRJ-13684,Highway Project 3684,Highway,Mecca,Al Bawani,Royal Commission,30011858.19,47725208.43,17713350.24,59.02,2020-12-30,2022-03-25,2022-04-19,25,Completed,15
PRJ-13685,School Project 3685,School,Dammam,Al Rashid Trading,Private Developer,22461037.05,36116938.51,13655901.46,60.8,2019-10-03,2022-08-20,2022-12-04,106,Delayed,500
PRJ-13686,Highway Project 3686,Highway,Abha,SADEEM Construction,Ministry of Housing,132743512.07,180165341.24,47421829.17,35.72,2020-04-24,2021-12-04,2021-12-11,7,Delayed,115
PRJ-13687,Residential Building Project 3687,Residential Building,Jeddah,Nesma & Partners,Ministry of Housing,114253275.21,136625023.76,22371748.55,19.58,2022-10-27,2023-09-12,2023-09-12,0,Completed,365
PRJ-13688,Commercial Complex Project 3688,Commercial Complex,Medina,Al Bawani,Ministry of Education,27473361.4,31039617.17,3566255.77,12.98,2022-11-11,2023-05-13,2023-05-13,0,In Progress,136
PRJ-13689,Hospital Project 3689,Hospital,Abha,Al Bawani,Ministry of Housing,51150774.9,48730726.35,-2420048.55,-4.73,2022-12-30,2024-02-21,2024-02-21,0,Completed,29
PRJ-13690,Airport Terminal Project 3690,Airport Terminal,Riyadh,El Seif Engineering,Royal Commission,63495852.71,77584302.54,14088449.83,22.19,2019-03-24,2021-10-07,2021-11-23,47,In Progress,176
PRJ-13691,School Project 3691,School,Jazan,Saudi Binladin Group,NEOM Co.,80859703.48,94548235.65,13688532.17,16.93,2021-09-05,2023-09-16,2024-02-22,159,On Hold,46
PRJ-13692,Hospital Project 3692,Hospital,Abha,Al Fouzan,Ministry of Health,92502412.83,107693946.91,15191534.08,16.42,2021-06-25,2023-07-30,2023-08-12,13,Cancelled,351
PRJ-13693,Industrial Plant Project 3693,Industrial Plant,Tabuk,SSEM,Royal Commission,104498292.64,134164016.2,29665723.56,28.39,2019-12-04,2021-10-05,2021-12-27,83,Delayed,23
PRJ-13694,Hospital Project 3694,Hospital,Tabuk,Al Rashid Trading,Ministry of Health,115375789.38,106925893.58,-8449895.8,-7.32,2021-02-27,2021-10-12,2021-10-12,0,Completed,163
PRJ-13695,Airport Terminal Project 3695,Airport Terminal,Tabuk,SADEEM Construction,Aramco,32068126.6,27771298.4,-4296828.2,-13.4,2019-04-05,2021-01-26,2021-02-15,20,Delayed,77
PRJ-13696,Hospital Project 3696,Hospital,Dammam,Saudi Binladin Group,Ministry of Education,38301819.33,40416860.61,2115041.28,5.52,2021-10-01,2024-07-02,2024-07-02,0,Cancelled,93
PRJ-13697,Commercial Complex Project 3697,Commercial Complex,Abha,Al Fouzan,Aramco,2736699.14,3451592.43,714893.29,26.12,2018-05-18,2021-01-26,2021-02-04,9,Completed,163
PRJ-13698,Hospital Project 3698,Hospital,Jazan,SADEEM Construction,Private Developer,86185812.57,117753650.23,31567837.66,36.63,2018-11-02,2019-12-24,2020-03-11,78,In Progress,252
PRJ-13699,School Project 3699,School,Neom,SADEEM Construction,Ministry of Education,62503002.48,92373586.55,29870584.07,47.79,2018-02-22,2018-12-16,2019-03-05,79,In Progress,163
PRJ-13700,Residential Building Project 3700,Residential Building,Medina,Al Fouzan,Ministry of Transport,30401333.71,28554535.03,-1846798.68,-6.07,2022-01-21,2022-10-14,2022-10-14,0,Delayed,459
PRJ-13701,Industrial Plant Project 3701,Industrial Plant,Riyadh,Nesma & Partners,Ministry of Transport,101533839.54,150446638.8,48912799.26,48.17,2020-06-12,2022-11-10,2022-12-04,24,Completed,304
PRJ-13702,Industrial Plant Project 3702,Industrial Plant,Jeddah,Nesma & Partners,Aramco,110951354.99,120666639.54,9715284.55,8.76,2021-02-03,2023-08-24,2023-08-24,0,In Progress,191
PRJ-13703,Dam Project 3703,Dam,Neom,Al Fouzan,Ministry of Housing,147964134.66,139157990.77,-8806143.89,-5.95,2018-02-25,2020-05-19,2020-06-10,22,Cancelled,477
PRJ-13704,Industrial Plant Project 3704,Industrial Plant,Jeddah,Nesma & Partners,Ministry of Transport,124326897.94,182989515.12,58662617.18,47.18,2018-11-12,2021-08-23,2021-08-31,8,Completed,293
PRJ-13705,Metro Rail Project 3705,Metro Rail,Jeddah,El Seif Engineering,Ministry of Transport,143587510.85,159244099.79,15656588.94,10.9,2019-09-12,2022-03-09,2022-03-09,0,In Progress,144
PRJ-13706,Airport Terminal Project 3706,Airport Terminal,Tabuk,SSEM,Aramco,89606509.06,102288329.47,12681820.41,14.15,2019-03-15,2020-01-05,2020-01-23,18,On Hold,364
PRJ-13707,Highway Project 3707,Highway,Jazan,Al Arrab,Ministry of Health,53274210.27,77301864.33,24027654.06,45.1,2019-01-16,2019-07-14,2019-08-13,30,In Progress,69
PRJ-13708,Commercial Complex Project 3708,Commercial Complex,Dammam,Saudi Binladin Group,NEOM Co.,101938301.89,97812148.34,-4126153.55,-4.05,2018-06-26,2020-06-19,2020-06-19,0,Cancelled,52
PRJ-13709,Bridge Project 3709,Bridge,Riyadh,El Seif Engineering,Private Developer,74351083.43,91493711.8,17142628.37,23.06,2022-10-26,2024-09-21,2025-06-13,265,Cancelled,496
PRJ-13710,Metro Rail Project 3710,Metro Rail,Riyadh,Al Bawani,Aramco,80725180.32,91327691.25,10602510.93,13.13,2020-02-17,2021-12-30,2021-12-30,0,Delayed,90
PRJ-13711,Bridge Project 3711,Bridge,Jeddah,AECOM Arabia,Aramco,99359163.29,116993023.87,17633860.58,17.75,2021-03-25,2023-05-16,2023-08-23,99,Completed,353
PRJ-13712,Bridge Project 3712,Bridge,Medina,Al Fouzan,Ministry of Health,134364200.32,127480738.54,-6883461.78,-5.12,2021-02-24,2024-02-06,2024-02-06,0,Completed,236
PRJ-13713,Highway Project 3713,Highway,Medina,Al Arrab,Ministry of Health,149329709.06,139721204.44,-9608504.62,-6.43,2018-04-21,2019-12-02,2019-12-02,0,Completed,476
PRJ-13714,Dam Project 3714,Dam,Jeddah,Saudi Binladin Group,Ministry of Transport,2735020.68,3191784.64,456763.96,16.7,2021-01-27,2023-04-04,2023-04-04,0,Completed,464
PRJ-13715,Airport Terminal Project 3715,Airport Terminal,Jazan,SADEEM Construction,Ministry of Housing,37120549.5,41534549.89,4414000.39,11.89,2022-07-24,2023-09-15,2023-09-15,0,In Progress,410
PRJ-13716,Highway Project 3716,Highway,Riyadh,Al Rashid Trading,Private Developer,121746798.55,200063517.69,78316719.14,64.33,2022-06-25,2025-05-25,2025-07-22,58,Completed,500
PRJ-13717,Dam Project 3717,Dam,Jeddah,SADEEM Construction,Ministry of Education,44458936.65,41894540.14,-2564396.51,-5.77,2020-03-11,2022-08-06,2022-09-12,37,On Hold,242
PRJ-13718,Hospital Project 3718,Hospital,Dammam,Al Fouzan,Ministry of Education,61317989.06,70155532.34,8837543.28,14.41,2019-04-09,2019-12-10,2020-02-04,56,In Progress,70
PRJ-13719,School Project 3719,School,Riyadh,Al Rashid Trading,Ministry of Education,88868759.39,121462374.44,32593615.05,36.68,2021-08-08,2024-07-15,2025-03-19,247,Completed,171
PRJ-13720,Dam Project 3720,Dam,Riyadh,Al Rashid Trading,Ministry of Health,145947711.21,191070250.37,45122539.16,30.92,2022-04-30,2024-12-25,2024-12-26,1,On Hold,21
PRJ-13721,Residential Building Project 3721,Residential Building,Tabuk,AECOM Arabia,Private Developer,129522802.5,118231231.08,-11291571.42,-8.72,2023-02-15,2024-07-01,2024-07-20,19,On Hold,213
PRJ-13722,Metro Rail Project 3722,Metro Rail,Medina,Nesma & Partners,Ministry of Transport,84300633.19,82104890.7,-2195742.49,-2.6,2021-11-14,2022-09-23,2022-12-31,99,Delayed,277
PRJ-13723,Residential Building Project 3723,Residential Building,Riyadh,AECOM Arabia,Ministry of Education,127430659.74,203458483.94,76027824.2,59.66,2023-02-13,2025-10-17,2025-11-08,22,Cancelled,225
PRJ-13724,Bridge Project 3724,Bridge,Medina,Nesma & Partners,Ministry of Transport,120999467.44,134054286.1,13054818.66,10.79,2019-03-18,2020-04-16,2020-04-16,0,On Hold,182
PRJ-13725,Airport Terminal Project 3725,Airport Terminal,Jazan,SADEEM Construction,Private Developer,1251312.75,1261309.52,9996.77,0.8,2021-11-26,2024-08-14,2024-08-30,16,In Progress,329
PRJ-13726,Highway Project 3726,Highway,Medina,SSEM,Royal Commission,136664287.7,147439999.1,10775711.4,7.88,2022-02-08,2024-01-13,2024-01-18,5,In Progress,82
PRJ-13727,Airport Terminal Project 3727,Airport Terminal,Tabuk,Al Bawani,NEOM Co.,77767096.78,79158485.6,1391388.82,1.79,2020-02-05,2022-04-07,2022-04-16,9,Delayed,192
PRJ-13728,Hospital Project 3728,Hospital,Jeddah,Al Rashid Trading,Aramco,90065349.1,83461654.74,-6603694.36,-7.33,2021-03-25,2023-12-25,2023-12-25,0,In Progress,480
PRJ-13729,Industrial Plant Project 3729,Industrial Plant,Qassim,Nesma & Partners,Ministry of Transport,9196079.93,13118498.28,3922418.35,42.65,2020-10-12,2022-03-24,2022-04-06,13,Cancelled,373
PRJ-13730,Dam Project 3730,Dam,Medina,Al Arrab,Ministry of Transport,83443610.36,108693751.27,25250140.91,30.26,2023-05-06,2023-12-30,2024-05-20,142,In Progress,220
PRJ-13731,Industrial Plant Project 3731,Industrial Plant,Jazan,Al Fouzan,Private Developer,55134996.96,65105824.87,9970827.91,18.08,2020-05-12,2021-10-07,2021-10-07,0,On Hold,387
PRJ-13732,Dam Project 3732,Dam,Mecca,El Seif Engineering,Ministry of Health,8708281.19,9596677.78,888396.59,10.2,2020-10-02,2021-08-24,2021-08-24,0,On Hold,126
PRJ-13733,Commercial Complex Project 3733,Commercial Complex,Jazan,Al Fouzan,Royal Commission,133746758.39,133376658.09,-370100.3,-0.28,2018-12-12,2021-09-08,2021-10-26,48,Completed,72
PRJ-13734,Industrial Plant Project 3734,Industrial Plant,Tabuk,Al Bawani,Private Developer,44740989.17,41046119.34,-3694869.83,-8.26,2020-11-16,2021-02-18,2021-03-27,37,Delayed,139
PRJ-13735,Commercial Complex Project 3735,Commercial Complex,Tabuk,SSEM,NEOM Co.,121873324.12,135970665.43,14097341.31,11.57,2018-08-19,2020-05-27,2020-05-27,0,On Hold,466
PRJ-13736,Commercial Complex Project 3736,Commercial Complex,Jeddah,Al Arrab,Ministry of Health,109576194.06,156059339.95,46483145.89,42.42,2018-07-28,2019-02-24,2019-02-27,3,In Progress,459
PRJ-13737,School Project 3737,School,Jeddah,El Seif Engineering,NEOM Co.,102132809.72,117378863.34,15246053.62,14.93,2022-03-13,2023-07-25,2023-07-25,0,Delayed,183
PRJ-13738,Industrial Plant Project 3738,Industrial Plant,Abha,Al Fouzan,Private Developer,6718595.46,6798561.06,79965.6,1.19,2022-02-27,2022-11-23,2022-11-23,0,On Hold,269
PRJ-13739,Industrial Plant Project 3739,Industrial Plant,Medina,SSEM,Ministry of Education,22743848.44,24279407.17,1535558.73,6.75,2019-07-01,2019-12-29,2019-12-29,0,Delayed,333
PRJ-13740,Hospital Project 3740,Hospital,Mecca,Al Fouzan,Royal Commission,137643660.78,160104874.23,22461213.45,16.32,2020-04-20,2022-06-09,2022-10-06,119,Completed,445
PRJ-13741,Commercial Complex Project 3741,Commercial Complex,Jeddah,AECOM Arabia,Ministry of Health,126820081.4,120549385.5,-6270695.9,-4.94,2018-10-09,2020-10-26,2020-10-26,0,In Progress,277
PRJ-13742,School Project 3742,School,Neom,SSEM,Private Developer,5048319.18,5040464.77,-7854.41,-0.16,2018-09-15,2020-11-16,2020-11-16,0,On Hold,390
PRJ-13743,Bridge Project 3743,Bridge,Abha,Al Bawani,Ministry of Transport,136274344.56,126610536.23,-9663808.33,-7.09,2020-01-23,2021-10-21,2021-10-21,0,Cancelled,176
PRJ-13744,Dam Project 3744,Dam,Riyadh,AECOM Arabia,Ministry of Transport,91158261.62,94389710.94,3231449.32,3.54,2018-03-02,2019-02-19,2019-02-19,0,Completed,218
PRJ-13745,Hospital Project 3745,Hospital,Riyadh,Al Bawani,Aramco,140800997.75,143563834.41,2762836.66,1.96,2019-01-23,2019-07-03,2019-07-06,3,Delayed,448
PRJ-13746,Residential Building Project 3746,Residential Building,Medina,SADEEM Construction,Private Developer,4916524.31,5271823.43,355299.12,7.23,2019-07-12,2021-05-07,2021-05-24,17,On Hold,426
PRJ-13747,Dam Project 3747,Dam,Riyadh,Saudi Binladin Group,Ministry of Health,130550937.12,175104393.61,44553456.49,34.13,2022-07-18,2023-04-10,2023-05-07,27,Cancelled,181
PRJ-13748,Commercial Complex Project 3748,Commercial Complex,Mecca,Nesma & Partners,Royal Commission,80020649.18,96506098.98,16485449.8,20.6,2019-08-07,2020-07-23,2020-07-25,2,Cancelled,178
PRJ-13749,Industrial Plant Project 3749,Industrial Plant,Dammam,El Seif Engineering,Ministry of Education,149926025.86,172500205.75,22574179.89,15.06,2021-11-25,2024-07-04,2024-07-04,0,On Hold,76
PRJ-13750,Dam Project 3750,Dam,Tabuk,Nesma & Partners,Ministry of Housing,134072128.6,125013324.65,-9058803.95,-6.76,2018-01-25,2021-01-09,2021-03-01,51,Completed,341
PRJ-13751,Dam Project 3751,Dam,Medina,SADEEM Construction,Private Developer,34503513.98,31085474.96,-3418039.02,-9.91,2021-04-02,2022-10-16,2022-10-16,0,Delayed,309
PRJ-13752,Highway Project 3752,Highway,Medina,Al Fouzan,Aramco,45874763.67,42781988.98,-3092774.69,-6.74,2020-04-18,2022-10-30,2022-10-30,0,In Progress,226
PRJ-13753,Industrial Plant Project 3753,Industrial Plant,Qassim,AECOM Arabia,Ministry of Education,71182605.12,78524254.2,7341649.08,10.31,2018-07-06,2020-10-08,2020-10-08,0,Completed,37
PRJ-13754,Commercial Complex Project 3754,Commercial Complex,Jazan,Saudi Binladin Group,Ministry of Education,131238541.61,147612537.88,16373996.27,12.48,2023-06-02,2025-03-22,2025-03-22,0,Cancelled,155
PRJ-13755,Hospital Project 3755,Hospital,Jazan,Al Arrab,Aramco,140818546.57,121067881.96,-19750664.61,-14.03,2022-02-21,2024-06-15,2024-06-16,1,Cancelled,164
PRJ-13756,Airport Terminal Project 3756,Airport Terminal,Mecca,El Seif Engineering,Private Developer,99370048.02,98058932.09,-1311115.93,-1.32,2021-07-05,2022-03-29,2022-03-29,0,In Progress,170
PRJ-13757,Hospital Project 3757,Hospital,Dammam,Al Bawani,Ministry of Transport,38398401.91,40926431.6,2528029.69,6.58,2019-03-13,2021-03-27,2021-04-08,12,On Hold,375
PRJ-13758,Hospital Project 3758,Hospital,Abha,SSEM,Aramco,76959742.74,96964876.92,20005134.18,25.99,2019-03-03,2021-04-06,2021-04-23,17,Delayed,203
PRJ-13759,Industrial Plant Project 3759,Industrial Plant,Jazan,SSEM,Aramco,101070684.92,106229954.23,5159269.31,5.1,2018-06-19,2021-01-11,2021-01-25,14,Completed,437
PRJ-13760,Airport Terminal Project 3760,Airport Terminal,Jazan,Saudi Binladin Group,Private Developer,25346980.25,28631424.1,3284443.85,12.96,2023-03-25,2023-09-05,2024-05-08,246,Cancelled,71
PRJ-13761,Commercial Complex Project 3761,Commercial Complex,Abha,El Seif Engineering,Aramco,111400068.05,154124702.21,42724634.16,38.35,2023-03-26,2024-04-26,2024-06-07,42,Completed,62
PRJ-13762,Metro Rail Project 3762,Metro Rail,Qassim,Al Rashid Trading,Ministry of Housing,35487212.21,46365878.48,10878666.27,30.66,2021-03-26,2023-08-09,2023-09-04,26,In Progress,384
PRJ-13763,Industrial Plant Project 3763,Industrial Plant,Jazan,Al Rashid Trading,Royal Commission,72897796.62,90643489.94,17745693.32,24.34,2021-12-25,2024-12-12,2025-01-04,23,On Hold,159
PRJ-13764,Airport Terminal Project 3764,Airport Terminal,Jazan,SSEM,Ministry of Housing,85035726.73,79738218.27,-5297508.46,-6.23,2020-08-18,2021-01-12,2021-02-18,37,In Progress,184
PRJ-13765,Bridge Project 3765,Bridge,Dammam,Al Fouzan,Aramco,112569049.95,105901117.4,-6667932.55,-5.92,2018-06-27,2019-03-04,2019-03-04,0,Cancelled,434
PRJ-13766,Residential Building Project 3766,Residential Building,Qassim,Nesma & Partners,NEOM Co.,10460885.76,16900538.15,6439652.39,61.56,2020-09-16,2022-02-03,2022-05-25,111,Cancelled,219
PRJ-13767,School Project 3767,School,Abha,Saudi Binladin Group,NEOM Co.,9535263.47,9525689.59,-9573.88,-0.1,2020-05-31,2022-03-06,2022-03-23,17,In Progress,291
PRJ-13768,Bridge Project 3768,Bridge,Neom,Al Fouzan,Ministry of Education,73059062.12,117660846.56,44601784.44,61.05,2020-04-19,2020-09-20,2020-11-12,53,Cancelled,78
PRJ-13769,Commercial Complex Project 3769,Commercial Complex,Riyadh,Saudi Binladin Group,Ministry of Transport,95320771.69,127030222.73,31709451.04,33.27,2022-03-06,2024-05-03,2024-05-16,13,Cancelled,441
PRJ-13770,Residential Building Project 3770,Residential Building,Jazan,Saudi Binladin Group,Ministry of Transport,47144195.26,55297646.75,8153451.49,17.29,2020-12-01,2022-07-13,2022-07-13,0,Cancelled,394
PRJ-13771,School Project 3771,School,Abha,AECOM Arabia,Ministry of Transport,130624869.23,144972591.52,14347722.29,10.98,2018-03-16,2018-11-29,2018-12-23,24,Completed,302
PRJ-13772,Airport Terminal Project 3772,Airport Terminal,Medina,SADEEM Construction,Private Developer,44361756.5,40370325.13,-3991431.37,-9.0,2018-11-13,2020-10-11,2020-10-11,0,On Hold,379
PRJ-13773,Industrial Plant Project 3773,Industrial Plant,Qassim,SSEM,Ministry of Health,122465217.23,135949414.41,13484197.18,11.01,2021-11-02,2024-09-13,2024-09-30,17,Completed,446
PRJ-13774,Dam Project 3774,Dam,Mecca,SADEEM Construction,Royal Commission,70930998.07,67362556.46,-3568441.61,-5.03,2019-10-11,2021-02-16,2021-04-08,51,On Hold,194
PRJ-13775,Industrial Plant Project 3775,Industrial Plant,Jeddah,AECOM Arabia,NEOM Co.,128719570.24,206899503.48,78179933.24,60.74,2018-07-30,2020-03-25,2020-06-01,68,On Hold,254
PRJ-13776,Metro Rail Project 3776,Metro Rail,Tabuk,Saudi Binladin Group,Ministry of Housing,59924454.87,68847964.53,8923509.66,14.89,2019-09-22,2020-07-06,2020-07-13,7,In Progress,41
PRJ-13777,Highway Project 3777,Highway,Abha,Nesma & Partners,Ministry of Health,50270358.39,67151815.15,16881456.76,33.58,2023-06-24,2025-06-09,2025-06-14,5,On Hold,349
PRJ-13778,Industrial Plant Project 3778,Industrial Plant,Tabuk,Nesma & Partners,Royal Commission,71755312.0,62835241.57,-8920070.43,-12.43,2020-06-26,2023-05-27,2024-05-14,353,Completed,246
PRJ-13779,Industrial Plant Project 3779,Industrial Plant,Riyadh,Al Arrab,Ministry of Transport,96758255.17,141033793.1,44275537.93,45.76,2018-06-27,2019-09-03,2019-10-16,43,In Progress,149
PRJ-13780,Dam Project 3780,Dam,Abha,SSEM,Royal Commission,132968058.08,211718131.1,78750073.02,59.22,2018-09-14,2019-04-17,2019-05-26,39,On Hold,399
PRJ-13781,Metro Rail Project 3781,Metro Rail,Neom,Saudi Binladin Group,Ministry of Housing,50232161.67,43263138.96,-6969022.71,-13.87,2022-06-24,2024-09-28,2024-10-18,20,In Progress,214
PRJ-13782,School Project 3782,School,Neom,Al Rashid Trading,Ministry of Transport,1540159.3,1433342.72,-106816.58,-6.94,2020-10-05,2021-05-22,2021-05-30,8,Delayed,76
PRJ-13783,Highway Project 3783,Highway,Qassim,Al Fouzan,Ministry of Health,39401599.51,37554176.26,-1847423.25,-4.69,2022-05-03,2023-01-11,2023-01-11,0,On Hold,81
PRJ-13784,Bridge Project 3784,Bridge,Jazan,Nesma & Partners,NEOM Co.,4763743.71,4080520.47,-683223.24,-14.34,2022-03-18,2023-05-27,2023-08-07,72,In Progress,424
PRJ-13785,Bridge Project 3785,Bridge,Jazan,Saudi Binladin Group,Ministry of Housing,110544280.58,174636052.32,64091771.74,57.98,2021-11-20,2023-08-28,2023-09-01,4,In Progress,138
PRJ-13786,Residential Building Project 3786,Residential Building,Medina,SSEM,Ministry of Housing,133972992.97,185926020.84,51953027.87,38.78,2019-02-09,2020-02-07,2020-03-09,31,In Progress,359
PRJ-13787,Commercial Complex Project 3787,Commercial Complex,Qassim,Al Bawani,Ministry of Transport,1298201.72,2015154.5,716952.78,55.23,2019-07-30,2021-04-26,2021-08-29,125,Completed,75
PRJ-13788,Hospital Project 3788,Hospital,Jazan,Al Bawani,Ministry of Housing,134318380.75,151219601.21,16901220.46,12.58,2020-08-09,2021-08-09,2021-09-10,32,Cancelled,420
PRJ-13789,Hospital Project 3789,Hospital,Jeddah,SSEM,Ministry of Health,134100473.04,174353309.4,40252836.36,30.02,2021-09-11,2023-07-18,2024-03-11,237,On Hold,161
PRJ-13790,Hospital Project 3790,Hospital,Tabuk,SADEEM Construction,Private Developer,15409780.37,18130942.46,2721162.09,17.66,2022-08-31,2024-12-13,2024-12-13,0,On Hold,350
PRJ-13791,Airport Terminal Project 3791,Airport Terminal,Medina,SSEM,NEOM Co.,21545183.44,27933488.18,6388304.74,29.65,2019-08-16,2021-02-01,2021-02-08,7,In Progress,332
PRJ-13792,Dam Project 3792,Dam,Medina,AECOM Arabia,Ministry of Health,114731903.53,118828650.55,4096747.02,3.57,2020-12-20,2022-09-05,2022-10-03,28,In Progress,279
PRJ-13793,Airport Terminal Project 3793,Airport Terminal,Medina,AECOM Arabia,Ministry of Housing,640984.86,1050039.51,409054.65,63.82,2021-05-20,2022-04-01,2022-05-13,42,On Hold,477
PRJ-13794,Airport Terminal Project 3794,Airport Terminal,Medina,Al Rashid Trading,Aramco,121582011.49,191250183.01,69668171.52,57.3,2020-02-02,2022-04-12,2022-04-30,18,Cancelled,271
PRJ-13795,Hospital Project 3795,Hospital,Neom,Al Arrab,Royal Commission,61772227.13,65322908.66,3550681.53,5.75,2020-01-14,2022-07-09,2022-07-09,0,Completed,75
PRJ-13796,Hospital Project 3796,Hospital,Riyadh,Al Arrab,Ministry of Health,71830900.23,74293777.93,2462877.7,3.43,2022-12-01,2024-05-18,2024-05-18,0,On Hold,336
PRJ-13797,Residential Building Project 3797,Residential Building,Abha,SSEM,Ministry of Transport,116391020.01,128422790.12,12031770.11,10.34,2020-10-09,2021-11-07,2021-11-29,22,Delayed,434
PRJ-13798,Metro Rail Project 3798,Metro Rail,Neom,Al Bawani,Ministry of Health,39094646.06,51470295.9,12375649.84,31.66,2018-10-19,2019-09-26,2019-09-27,1,Cancelled,55
PRJ-13799,Residential Building Project 3799,Residential Building,Medina,Al Bawani,Royal Commission,34879231.6,47891416.25,13012184.65,37.31,2019-09-28,2020-07-03,2020-07-07,4,In Progress,88
PRJ-13800,Commercial Complex Project 3800,Commercial Complex,Tabuk,Al Fouzan,Ministry of Health,102340784.04,115199542.05,12858758.01,12.56,2023-02-02,2024-01-05,2024-01-05,0,Cancelled,356
PRJ-13801,School Project 3801,School,Medina,AECOM Arabia,Private Developer,75784746.0,88532981.75,12748235.75,16.82,2019-11-21,2021-11-09,2021-11-09,0,In Progress,294
PRJ-13802,Metro Rail Project 3802,Metro Rail,Tabuk,Al Fouzan,Private Developer,140483241.63,190842941.55,50359699.92,35.85,2020-01-12,2021-06-09,2021-07-28,49,Delayed,111
PRJ-13803,Commercial Complex Project 3803,Commercial Complex,Jazan,Saudi Binladin Group,Ministry of Education,45906282.56,49087998.06,3181715.5,6.93,2018-03-06,2019-01-12,2019-05-14,122,Completed,18
PRJ-13804,Highway Project 3804,Highway,Jazan,Al Rashid Trading,Ministry of Health,30797209.84,27578053.15,-3219156.69,-10.45,2020-02-10,2022-03-28,2022-04-14,17,In Progress,189
PRJ-13805,School Project 3805,School,Jazan,Al Rashid Trading,NEOM Co.,146784922.47,158018382.41,11233459.94,7.65,2023-04-24,2024-01-13,2024-01-13,0,Cancelled,241
PRJ-13806,Industrial Plant Project 3806,Industrial Plant,Neom,Al Rashid Trading,Aramco,83764337.7,104505972.39,20741634.69,24.76,2021-09-29,2023-03-09,2023-04-09,31,Cancelled,73
PRJ-13807,Residential Building Project 3807,Residential Building,Neom,Saudi Binladin Group,Private Developer,5293495.81,7532322.17,2238826.36,42.29,2020-11-29,2022-09-11,2022-10-09,28,Completed,392
PRJ-13808,Dam Project 3808,Dam,Medina,Nesma & Partners,Ministry of Health,62803984.56,70791939.93,7987955.37,12.72,2019-09-16,2020-10-26,2020-10-26,0,Cancelled,463
PRJ-13809,Metro Rail Project 3809,Metro Rail,Medina,SSEM,Royal Commission,34436694.25,33718124.07,-718570.18,-2.09,2020-01-14,2022-01-01,2022-01-08,7,On Hold,230
PRJ-13810,Residential Building Project 3810,Residential Building,Neom,Saudi Binladin Group,Ministry of Transport,56113216.59,64760465.87,8647249.28,15.41,2018-07-18,2020-03-06,2020-03-06,0,Delayed,336
PRJ-13811,Airport Terminal Project 3811,Airport Terminal,Jeddah,Saudi Binladin Group,Private Developer,124272853.29,164201098.29,39928245.0,32.13,2022-03-19,2023-06-10,2023-06-24,14,Delayed,224
PRJ-13812,School Project 3812,School,Neom,SADEEM Construction,Private Developer,108262039.31,105269896.57,-2992142.74,-2.76,2020-10-08,2023-07-31,2023-07-31,0,In Progress,286
PRJ-13813,Dam Project 3813,Dam,Qassim,Saudi Binladin Group,Royal Commission,25637092.34,41728900.28,16091807.94,62.77,2020-10-23,2021-06-03,2021-10-25,144,On Hold,233
PRJ-13814,Hospital Project 3814,Hospital,Jeddah,Al Bawani,Ministry of Transport,92824818.32,110872257.31,18047438.99,19.44,2021-01-15,2022-07-12,2022-07-12,0,On Hold,236
PRJ-13815,Commercial Complex Project 3815,Commercial Complex,Neom,Al Bawani,Ministry of Transport,50994520.08,52426594.56,1432074.48,2.81,2020-06-30,2023-06-25,2023-07-31,36,Delayed,32
PRJ-13816,Metro Rail Project 3816,Metro Rail,Abha,Al Bawani,Royal Commission,39549425.61,43729582.39,4180156.78,10.57,2019-03-15,2021-03-07,2021-03-28,21,Delayed,39
PRJ-13817,Highway Project 3817,Highway,Medina,Saudi Binladin Group,Ministry of Health,25559423.79,25019205.19,-540218.6,-2.11,2020-03-16,2021-03-28,2021-03-28,0,In Progress,145
PRJ-13818,Bridge Project 3818,Bridge,Mecca,Al Rashid Trading,Royal Commission,5844384.97,7268622.58,1424237.61,24.37,2020-12-18,2021-11-30,2022-01-05,36,Completed,105
PRJ-13819,Commercial Complex Project 3819,Commercial Complex,Tabuk,Al Arrab,Ministry of Housing,14589338.43,13597666.53,-991671.9,-6.8,2019-04-27,2021-11-14,2022-05-31,198,Cancelled,33
PRJ-13820,Bridge Project 3820,Bridge,Tabuk,SADEEM Construction,Ministry of Health,92082624.84,133835268.79,41752643.95,45.34,2019-08-19,2021-08-14,2021-12-30,138,Cancelled,420
PRJ-13821,Residential Building Project 3821,Residential Building,Medina,SSEM,Ministry of Health,3566382.44,5572591.47,2006209.03,56.25,2020-06-22,2021-06-12,2021-06-20,8,Cancelled,72
PRJ-13822,Commercial Complex Project 3822,Commercial Complex,Abha,El Seif Engineering,NEOM Co.,107920432.06,98032186.46,-9888245.6,-9.16,2018-08-26,2019-05-24,2020-02-01,253,In Progress,382
PRJ-13823,Metro Rail Project 3823,Metro Rail,Abha,Al Fouzan,Royal Commission,123258352.62,188268064.49,65009711.87,52.74,2022-06-04,2024-03-19,2024-04-08,20,Completed,336
PRJ-13824,Metro Rail Project 3824,Metro Rail,Riyadh,Saudi Binladin Group,Private Developer,90310596.28,148542981.5,58232385.22,64.48,2019-10-05,2020-05-07,2020-06-10,34,In Progress,200
PRJ-13825,Highway Project 3825,Highway,Qassim,Al Arrab,Ministry of Health,35234164.12,38306007.94,3071843.82,8.72,2018-07-25,2018-10-24,2018-10-24,0,Delayed,393
PRJ-13826,Residential Building Project 3826,Residential Building,Riyadh,Nesma & Partners,Royal Commission,69318047.81,59722801.93,-9595245.88,-13.84,2022-10-17,2025-03-29,2025-03-30,1,Completed,64
PRJ-13827,Residential Building Project 3827,Residential Building,Jeddah,Nesma & Partners,Private Developer,18324672.38,20060523.19,1735850.81,9.47,2019-12-26,2022-07-03,2022-07-03,0,Cancelled,57
PRJ-13828,Hospital Project 3828,Hospital,Qassim,Saudi Binladin Group,Ministry of Health,85290881.64,90922542.04,5631660.4,6.6,2023-02-16,2025-06-20,2025-06-20,0,Delayed,321
PRJ-13829,Metro Rail Project 3829,Metro Rail,Neom,El Seif Engineering,Ministry of Transport,5262586.0,8365923.78,3103337.78,58.97,2020-04-01,2023-01-21,2023-02-09,19,Completed,459
PRJ-13830,Hospital Project 3830,Hospital,Tabuk,El Seif Engineering,Aramco,59939984.46,65183338.95,5243354.49,8.75,2022-07-23,2024-09-07,2024-09-07,0,Cancelled,220
PRJ-13831,Airport Terminal Project 3831,Airport Terminal,Jazan,El Seif Engineering,Ministry of Health,117082892.01,148159509.26,31076617.25,26.54,2021-09-14,2024-03-06,2024-04-20,45,Cancelled,15
PRJ-13832,Industrial Plant Project 3832,Industrial Plant,Neom,Nesma & Partners,Ministry of Transport,128763815.84,131006035.28,2242219.44,1.74,2018-11-30,2021-02-21,2021-02-21,0,Cancelled,474
PRJ-13833,Hospital Project 3833,Hospital,Riyadh,SSEM,Aramco,133359635.61,143251336.61,9891701.0,7.42,2020-05-15,2022-04-19,2022-04-27,8,In Progress,116
PRJ-13834,Highway Project 3834,Highway,Jeddah,Al Rashid Trading,Private Developer,8441533.32,9991771.86,1550238.54,18.36,2019-12-24,2021-11-03,2021-12-20,47,Cancelled,456
PRJ-13835,Industrial Plant Project 3835,Industrial Plant,Riyadh,Saudi Binladin Group,Ministry of Transport,34752933.78,33694258.05,-1058675.73,-3.05,2022-11-23,2024-06-24,2024-06-24,0,On Hold,263
PRJ-13836,Hospital Project 3836,Hospital,Qassim,Al Bawani,Royal Commission,135259291.21,155571852.58,20312561.37,15.02,2018-11-13,2020-03-11,2020-03-11,0,Completed,208
PRJ-13837,School Project 3837,School,Jeddah,El Seif Engineering,NEOM Co.,83252867.36,90315477.85,7062610.49,8.48,2020-04-28,2023-02-08,2023-02-08,0,Completed,342
PRJ-13838,Bridge Project 3838,Bridge,Riyadh,Al Arrab,Royal Commission,71411672.8,113000510.28,41588837.48,58.24,2018-05-31,2021-04-20,2021-05-04,14,Completed,96
PRJ-13839,Commercial Complex Project 3839,Commercial Complex,Jeddah,Al Bawani,Ministry of Health,19279099.18,21701508.86,2422409.68,12.56,2022-08-30,2023-01-16,2023-02-01,16,Completed,351
PRJ-13840,Highway Project 3840,Highway,Medina,AECOM Arabia,Ministry of Transport,74973532.68,94849887.78,19876355.1,26.51,2018-05-02,2019-02-16,2019-03-06,18,Cancelled,403
PRJ-13841,Dam Project 3841,Dam,Neom,Nesma & Partners,Ministry of Housing,21417887.1,22358883.06,940995.96,4.39,2022-06-02,2023-11-13,2023-12-04,21,Delayed,427
PRJ-13842,Hospital Project 3842,Hospital,Neom,Al Arrab,Aramco,28057536.67,25797509.54,-2260027.13,-8.05,2018-02-11,2020-09-24,2020-09-24,0,Completed,302
PRJ-13843,School Project 3843,School,Qassim,Saudi Binladin Group,Private Developer,114516557.53,154747935.83,40231378.3,35.13,2018-03-05,2019-06-05,2019-06-21,16,In Progress,396
PRJ-13844,Residential Building Project 3844,Residential Building,Medina,Al Arrab,Ministry of Housing,109275204.82,134015174.05,24739969.23,22.64,2018-09-08,2020-05-21,2020-06-24,34,Completed,492
PRJ-13845,Airport Terminal Project 3845,Airport Terminal,Riyadh,SADEEM Construction,Private Developer,58490830.08,59238809.23,747979.15,1.28,2022-06-19,2024-10-21,2024-10-21,0,Cancelled,369
PRJ-13846,Commercial Complex Project 3846,Commercial Complex,Neom,SSEM,Aramco,96187295.14,100846444.82,4659149.68,4.84,2018-03-20,2019-03-07,2019-03-07,0,In Progress,149
PRJ-13847,School Project 3847,School,Neom,Al Fouzan,Private Developer,127445271.07,197509785.61,70064514.54,54.98,2021-03-05,2022-03-17,2022-08-27,163,Completed,312
PRJ-13848,Hospital Project 3848,Hospital,Qassim,Saudi Binladin Group,Ministry of Health,25998776.51,24461471.34,-1537305.17,-5.91,2018-09-27,2021-04-21,2021-04-21,0,Delayed,213
PRJ-13849,School Project 3849,School,Neom,Al Bawani,Ministry of Transport,94744938.44,81940782.96,-12804155.48,-13.51,2021-06-20,2023-08-19,2023-08-29,10,Delayed,302
PRJ-13850,Residential Building Project 3850,Residential Building,Jazan,SADEEM Construction,NEOM Co.,133352079.07,212486472.76,79134393.69,59.34,2019-07-16,2021-06-27,2021-07-04,7,Cancelled,346
PRJ-13851,Residential Building Project 3851,Residential Building,Mecca,AECOM Arabia,Royal Commission,107756450.41,121635055.26,13878604.85,12.88,2023-03-20,2024-09-25,2024-09-25,0,On Hold,101
PRJ-13852,Hospital Project 3852,Hospital,Medina,Al Bawani,Private Developer,30618493.62,29707848.42,-910645.2,-2.97,2020-04-11,2021-10-18,2021-10-18,0,Cancelled,422
PRJ-13853,Hospital Project 3853,Hospital,Medina,Saudi Binladin Group,Aramco,78429529.2,74635889.41,-3793639.79,-4.84,2023-04-06,2024-08-08,2024-08-08,0,In Progress,278
PRJ-13854,School Project 3854,School,Jeddah,SSEM,Private Developer,46162038.06,45132806.79,-1029231.27,-2.23,2021-12-29,2024-02-15,2024-02-26,11,Cancelled,474
PRJ-13855,Residential Building Project 3855,Residential Building,Dammam,Al Arrab,NEOM Co.,31174833.59,30668450.91,-506382.68,-1.62,2022-07-10,2024-06-22,2024-08-07,46,Completed,398
PRJ-13856,School Project 3856,School,Abha,Nesma & Partners,Ministry of Health,4754380.08,5176599.85,422219.77,8.88,2018-01-17,2019-07-06,2019-07-06,0,Cancelled,75
PRJ-13857,Industrial Plant Project 3857,Industrial Plant,Abha,Al Bawani,Ministry of Health,146409476.35,138345910.39,-8063565.96,-5.51,2021-08-25,2023-04-01,2023-04-13,12,On Hold,90
PRJ-13858,Dam Project 3858,Dam,Jazan,SADEEM Construction,Ministry of Housing,85772905.14,100517804.76,14744899.62,17.19,2018-05-09,2019-01-15,2019-01-15,0,On Hold,497
PRJ-13859,Highway Project 3859,Highway,Medina,El Seif Engineering,NEOM Co.,117717236.08,129729714.66,12012478.58,10.2,2018-10-31,2019-12-25,2020-01-23,29,Delayed,87
PRJ-13860,Hospital Project 3860,Hospital,Abha,Saudi Binladin Group,Ministry of Housing,81511085.9,75591217.14,-5919868.76,-7.26,2019-10-20,2021-07-04,2021-07-04,0,Cancelled,168
PRJ-13861,Metro Rail Project 3861,Metro Rail,Abha,El Seif Engineering,Ministry of Education,102002340.93,165450377.48,63448036.55,62.2,2018-08-10,2019-05-11,2019-06-18,38,Delayed,405
PRJ-13862,Highway Project 3862,Highway,Riyadh,Al Fouzan,Ministry of Transport,39429405.13,35704782.3,-3724622.83,-9.45,2019-02-12,2020-04-15,2020-04-15,0,Completed,273
PRJ-13863,Industrial Plant Project 3863,Industrial Plant,Tabuk,Al Arrab,Ministry of Housing,82068465.43,91263182.51,9194717.08,11.2,2021-06-08,2022-08-09,2022-08-09,0,Delayed,349
PRJ-13864,Highway Project 3864,Highway,Medina,Nesma & Partners,NEOM Co.,118665917.64,119258196.61,592278.97,0.5,2022-01-10,2024-04-22,2024-07-12,81,In Progress,481
PRJ-13865,Metro Rail Project 3865,Metro Rail,Mecca,SADEEM Construction,Ministry of Transport,39632053.92,41763357.88,2131303.96,5.38,2018-08-12,2020-11-21,2020-11-21,0,Completed,153
PRJ-13866,Residential Building Project 3866,Residential Building,Qassim,SSEM,Ministry of Transport,49924821.09,57820603.59,7895782.5,15.82,2021-11-23,2022-11-19,2022-11-19,0,On Hold,458
PRJ-13867,Dam Project 3867,Dam,Neom,Al Bawani,NEOM Co.,71327142.98,93759230.47,22432087.49,31.45,2022-11-25,2025-01-28,2025-03-17,48,Completed,485
PRJ-13868,Commercial Complex Project 3868,Commercial Complex,Abha,Al Bawani,NEOM Co.,116076976.17,175872091.67,59795115.5,51.51,2018-07-09,2019-05-28,2019-06-09,12,Cancelled,453
PRJ-13869,Airport Terminal Project 3869,Airport Terminal,Jeddah,Al Bawani,Aramco,41548561.17,44200590.97,2652029.8,6.38,2018-02-01,2020-02-29,2020-02-29,0,Cancelled,206
PRJ-13870,Highway Project 3870,Highway,Mecca,Nesma & Partners,Ministry of Health,32494063.42,35890998.26,3396934.84,10.45,2020-08-06,2021-10-22,2021-11-10,19,On Hold,425
PRJ-13871,Bridge Project 3871,Bridge,Tabuk,Al Fouzan,Ministry of Education,40372162.88,39486368.74,-885794.14,-2.19,2023-06-15,2024-12-18,2025-03-30,102,Delayed,453
PRJ-13872,Highway Project 3872,Highway,Abha,Al Rashid Trading,Private Developer,118205212.7,141284719.94,23079507.24,19.52,2020-12-06,2022-08-02,2022-08-02,0,On Hold,431
PRJ-13873,Highway Project 3873,Highway,Tabuk,SADEEM Construction,Private Developer,3475271.82,3657130.86,181859.04,5.23,2019-01-16,2021-05-20,2021-06-25,36,Delayed,69
PRJ-13874,Commercial Complex Project 3874,Commercial Complex,Jazan,Al Bawani,NEOM Co.,6552929.74,10472723.56,3919793.82,59.82,2018-02-21,2019-12-09,2019-12-24,15,Delayed,182
PRJ-13875,Hospital Project 3875,Hospital,Medina,Al Bawani,NEOM Co.,2258881.61,2826125.6,567243.99,25.11,2023-05-25,2025-01-27,2025-06-29,153,On Hold,213
PRJ-13876,Dam Project 3876,Dam,Abha,Al Arrab,Ministry of Health,131070932.57,182872894.53,51801961.96,39.52,2018-04-01,2020-06-24,2020-06-26,2,On Hold,163
PRJ-13877,Hospital Project 3877,Hospital,Qassim,SSEM,Aramco,102176399.92,163877416.9,61701016.98,60.39,2021-09-24,2024-01-02,2024-02-04,33,Delayed,116
PRJ-13878,Commercial Complex Project 3878,Commercial Complex,Medina,Al Arrab,Royal Commission,123551585.59,151581274.27,28029688.68,22.69,2019-01-24,2021-01-01,2021-01-02,1,In Progress,212
PRJ-13879,Highway Project 3879,Highway,Jeddah,Saudi Binladin Group,Ministry of Education,59993981.9,59576673.74,-417308.16,-0.7,2019-08-29,2022-04-06,2022-04-06,0,Delayed,414
PRJ-13880,Industrial Plant Project 3880,Industrial Plant,Medina,Saudi Binladin Group,Aramco,67974840.41,81288876.63,13314036.22,19.59,2022-07-08,2022-10-21,2022-11-04,14,Delayed,192
PRJ-13881,Highway Project 3881,Highway,Neom,AECOM Arabia,Ministry of Health,146899648.91,233245014.37,86345365.46,58.78,2019-09-19,2022-07-28,2022-07-30,2,Delayed,486
PRJ-13882,Bridge Project 3882,Bridge,Medina,El Seif Engineering,Ministry of Education,72295388.66,109465800.55,37170411.89,51.41,2022-07-19,2023-01-24,2023-02-22,29,In Progress,126
PRJ-13883,Bridge Project 3883,Bridge,Mecca,AECOM Arabia,Ministry of Education,54389222.86,64049552.94,9660330.08,17.76,2021-06-28,2022-03-13,2022-03-29,16,Completed,57
PRJ-13884,Residential Building Project 3884,Residential Building,Riyadh,Al Rashid Trading,Private Developer,56522287.87,85526355.84,29004067.97,51.31,2019-08-27,2020-07-13,2020-09-28,77,Delayed,388
PRJ-13885,Airport Terminal Project 3885,Airport Terminal,Tabuk,Al Bawani,Ministry of Health,16795498.48,15660744.31,-1134754.17,-6.76,2018-05-21,2020-05-21,2020-05-21,0,Completed,438
PRJ-13886,Dam Project 3886,Dam,Qassim,Al Arrab,Ministry of Housing,64466492.47,59927871.73,-4538620.74,-7.04,2021-12-26,2024-11-20,2024-11-20,0,In Progress,69
PRJ-13887,Hospital Project 3887,Hospital,Neom,AECOM Arabia,NEOM Co.,93054417.74,117983567.02,24929149.28,26.79,2021-05-28,2023-01-19,2023-01-23,4,In Progress,273
PRJ-13888,Highway Project 3888,Highway,Jazan,SADEEM Construction,Ministry of Housing,1579382.08,2198109.08,618727.0,39.18,2023-02-27,2026-01-27,2026-02-07,11,In Progress,105
PRJ-13889,Bridge Project 3889,Bridge,Neom,Al Fouzan,Private Developer,72863821.56,86961575.38,14097753.82,19.35,2018-03-25,2020-01-14,2020-01-14,0,Delayed,240
PRJ-13890,Bridge Project 3890,Bridge,Jeddah,SADEEM Construction,Ministry of Transport,131178517.51,116275225.55,-14903291.96,-11.36,2020-03-22,2022-09-14,2022-09-27,13,On Hold,380
PRJ-13891,Dam Project 3891,Dam,Mecca,Saudi Binladin Group,Ministry of Education,126921131.87,191206928.18,64285796.31,50.65,2019-03-29,2019-07-15,2019-09-25,72,Delayed,215
PRJ-13892,Residential Building Project 3892,Residential Building,Riyadh,SSEM,Ministry of Health,19628516.17,20744738.4,1116222.23,5.69,2022-01-08,2024-12-18,2025-06-21,185,Cancelled,446
PRJ-13893,Highway Project 3893,Highway,Jeddah,Nesma & Partners,NEOM Co.,108768634.46,127521485.08,18752850.62,17.24,2021-04-04,2021-11-03,2021-11-03,0,Cancelled,222
PRJ-13894,Airport Terminal Project 3894,Airport Terminal,Dammam,SSEM,Private Developer,35735223.59,39222454.8,3487231.21,9.76,2020-06-20,2022-11-07,2023-01-17,71,In Progress,316
PRJ-13895,Bridge Project 3895,Bridge,Medina,Saudi Binladin Group,Private Developer,146473776.75,236225387.15,89751610.4,61.27,2022-05-15,2024-08-21,2024-08-30,9,On Hold,301
PRJ-13896,Highway Project 3896,Highway,Riyadh,Al Arrab,Ministry of Health,8504925.31,10849638.87,2344713.56,27.57,2023-06-03,2025-07-07,2025-08-13,37,Cancelled,190
PRJ-13897,Bridge Project 3897,Bridge,Jeddah,Nesma & Partners,Ministry of Transport,71942623.03,69571990.89,-2370632.14,-3.3,2021-08-31,2022-08-14,2022-08-14,0,Delayed,276
PRJ-13898,Industrial Plant Project 3898,Industrial Plant,Neom,Al Bawani,Aramco,105986570.57,136963629.8,30977059.23,29.23,2023-06-03,2023-12-25,2023-12-31,6,On Hold,189
PRJ-13899,Commercial Complex Project 3899,Commercial Complex,Dammam,SADEEM Construction,NEOM Co.,38360181.77,45521506.54,7161324.77,18.67,2018-03-01,2018-09-28,2018-09-28,0,On Hold,295
PRJ-13900,Commercial Complex Project 3900,Commercial Complex,Jazan,Saudi Binladin Group,Private Developer,4780363.48,4588759.26,-191604.22,-4.01,2021-12-25,2023-10-18,2023-10-18,0,On Hold,139
PRJ-13901,Airport Terminal Project 3901,Airport Terminal,Jeddah,El Seif Engineering,Ministry of Health,36725435.65,38054315.92,1328880.27,3.62,2019-11-24,2022-03-07,2022-03-23,16,Cancelled,422
PRJ-13902,Hospital Project 3902,Hospital,Neom,SADEEM Construction,NEOM Co.,73956689.0,104992668.05,31035979.05,41.97,2021-06-29,2021-12-11,2022-02-10,61,In Progress,481
PRJ-13903,Commercial Complex Project 3903,Commercial Complex,Medina,Al Arrab,Ministry of Transport,87204316.09,122538954.42,35334638.33,40.52,2021-11-12,2024-08-29,2024-08-31,2,In Progress,260
PRJ-13904,School Project 3904,School,Jazan,Al Arrab,Ministry of Education,25378935.5,26649034.65,1270099.15,5.0,2020-09-26,2022-04-26,2022-06-11,46,Cancelled,227
PRJ-13905,Commercial Complex Project 3905,Commercial Complex,Medina,SADEEM Construction,Aramco,62848784.88,71042768.23,8193983.35,13.04,2019-06-11,2021-01-18,2021-06-15,148,In Progress,406
PRJ-13906,Airport Terminal Project 3906,Airport Terminal,Riyadh,Al Bawani,Private Developer,128892680.24,120896608.55,-7996071.69,-6.2,2020-06-04,2021-03-04,2021-03-04,0,In Progress,112
PRJ-13907,Metro Rail Project 3907,Metro Rail,Neom,Saudi Binladin Group,Ministry of Education,85063909.92,120266475.05,35202565.13,41.38,2020-04-11,2022-11-26,2022-11-30,4,Completed,58
PRJ-13908,Commercial Complex Project 3908,Commercial Complex,Jeddah,Al Rashid Trading,Aramco,135809180.11,168467730.84,32658550.73,24.05,2019-09-23,2020-11-28,2021-04-26,149,In Progress,393
PRJ-13909,Bridge Project 3909,Bridge,Abha,SADEEM Construction,Ministry of Education,139149714.05,146983483.47,7833769.42,5.63,2018-11-17,2020-11-09,2020-11-09,0,Cancelled,319
PRJ-13910,Residential Building Project 3910,Residential Building,Jeddah,Saudi Binladin Group,Ministry of Health,73395966.49,78790476.87,5394510.38,7.35,2022-06-27,2023-01-02,2023-01-02,0,Delayed,432
PRJ-13911,Dam Project 3911,Dam,Neom,Saudi Binladin Group,Private Developer,103539845.59,96505867.48,-7033978.11,-6.79,2021-07-11,2024-02-15,2024-02-15,0,Cancelled,499
PRJ-13912,Commercial Complex Project 3912,Commercial Complex,Tabuk,SSEM,Ministry of Transport,123256023.9,127034006.93,3777983.03,3.07,2021-09-16,2023-06-11,2023-06-11,0,Cancelled,490
PRJ-13913,Metro Rail Project 3913,Metro Rail,Abha,SSEM,Ministry of Transport,11316102.23,13031170.43,1715068.2,15.16,2020-07-14,2021-11-12,2022-08-17,278,On Hold,70
PRJ-13914,Residential Building Project 3914,Residential Building,Dammam,Al Rashid Trading,Ministry of Education,15504940.52,24096306.87,8591366.35,55.41,2020-06-04,2021-03-06,2021-04-05,30,Completed,196
PRJ-13915,Airport Terminal Project 3915,Airport Terminal,Abha,AECOM Arabia,Ministry of Education,133219149.66,158170968.83,24951819.17,18.73,2018-11-21,2021-11-19,2021-11-19,0,Cancelled,250
PRJ-13916,Commercial Complex Project 3916,Commercial Complex,Tabuk,Al Fouzan,Ministry of Education,130221966.24,132054495.32,1832529.08,1.41,2019-02-05,2021-01-27,2021-01-27,0,On Hold,13
PRJ-13917,Commercial Complex Project 3917,Commercial Complex,Jeddah,Al Fouzan,Private Developer,122872115.7,163572128.49,40700012.79,33.12,2021-06-20,2023-08-13,2023-08-26,13,On Hold,115
PRJ-13918,Highway Project 3918,Highway,Abha,Saudi Binladin Group,Ministry of Health,91144383.63,143422900.97,52278517.34,57.36,2019-11-28,2021-07-30,2021-08-12,13,Cancelled,454
PRJ-13919,Airport Terminal Project 3919,Airport Terminal,Abha,El Seif Engineering,Ministry of Housing,75732637.64,124808219.63,49075581.99,64.8,2022-03-29,2025-02-01,2025-02-19,18,On Hold,112
PRJ-13920,Hospital Project 3920,Hospital,Qassim,Al Arrab,Ministry of Education,74278304.43,70825809.89,-3452494.54,-4.65,2022-08-27,2025-04-25,2025-04-25,0,Delayed,434
PRJ-13921,Bridge Project 3921,Bridge,Medina,Al Arrab,Private Developer,77203878.72,113604601.28,36400722.56,47.15,2022-12-15,2023-12-18,2024-02-06,50,In Progress,86
PRJ-13922,Dam Project 3922,Dam,Abha,SSEM,Ministry of Health,118392973.88,131701188.9,13308215.02,11.24,2022-07-01,2025-03-23,2025-03-23,0,On Hold,423
PRJ-13923,Industrial Plant Project 3923,Industrial Plant,Tabuk,Al Bawani,Ministry of Education,38505565.45,60251767.3,21746201.85,56.48,2022-02-27,2024-03-29,2024-05-27,59,Cancelled,334
PRJ-13924,Industrial Plant Project 3924,Industrial Plant,Jazan,El Seif Engineering,Royal Commission,29525828.14,48141389.63,18615561.49,63.05,2022-09-21,2023-12-17,2023-12-21,4,Delayed,447
PRJ-13925,Dam Project 3925,Dam,Mecca,Al Fouzan,Ministry of Housing,130314432.57,203173376.17,72858943.6,55.91,2021-07-31,2023-11-02,2024-06-09,220,In Progress,236
PRJ-13926,Dam Project 3926,Dam,Dammam,AECOM Arabia,Ministry of Housing,81482180.19,104809736.51,23327556.32,28.63,2022-01-24,2023-11-17,2023-12-18,31,Cancelled,322
PRJ-13927,School Project 3927,School,Tabuk,Al Rashid Trading,Private Developer,8155349.2,10228974.18,2073624.98,25.43,2022-12-03,2024-02-06,2024-03-18,41,Delayed,153
PRJ-13928,Airport Terminal Project 3928,Airport Terminal,Riyadh,SSEM,Ministry of Housing,97332506.68,121028013.73,23695507.05,24.34,2019-04-16,2020-08-01,2020-08-21,20,Cancelled,200
PRJ-13929,School Project 3929,School,Neom,Al Rashid Trading,NEOM Co.,26182471.87,25582426.0,-600045.87,-2.29,2021-05-28,2023-09-03,2023-09-12,9,On Hold,165
PRJ-13930,Airport Terminal Project 3930,Airport Terminal,Riyadh,SADEEM Construction,Ministry of Housing,29752111.2,28933653.13,-818458.07,-2.75,2019-03-30,2020-10-26,2021-11-03,373,Delayed,54
PRJ-13931,Hospital Project 3931,Hospital,Riyadh,Al Arrab,Ministry of Transport,40755928.43,43901344.53,3145416.1,7.72,2022-07-19,2023-04-15,2023-04-15,0,Completed,170
PRJ-13932,Commercial Complex Project 3932,Commercial Complex,Riyadh,Nesma & Partners,Ministry of Health,91721697.15,136204330.06,44482632.91,48.5,2020-11-23,2022-02-25,2022-03-02,5,Cancelled,231
PRJ-13933,Bridge Project 3933,Bridge,Medina,SADEEM Construction,Ministry of Health,117887828.75,127428849.36,9541020.61,8.09,2019-07-30,2021-02-17,2021-02-25,8,On Hold,452
PRJ-13934,School Project 3934,School,Riyadh,Al Rashid Trading,Ministry of Transport,140729185.89,161515088.42,20785902.53,14.77,2022-10-22,2025-06-09,2025-06-09,0,In Progress,430
PRJ-13935,Metro Rail Project 3935,Metro Rail,Neom,SSEM,Private Developer,104820656.44,124171730.39,19351073.95,18.46,2019-11-19,2020-06-10,2020-06-12,2,Cancelled,155
PRJ-13936,Commercial Complex Project 3936,Commercial Complex,Riyadh,El Seif Engineering,Ministry of Housing,84115629.88,101660574.42,17544944.54,20.86,2021-07-10,2022-04-09,2023-01-05,271,Cancelled,66
PRJ-13937,Metro Rail Project 3937,Metro Rail,Tabuk,El Seif Engineering,Ministry of Health,90353368.68,133249159.49,42895790.81,47.48,2023-06-24,2024-07-24,2024-08-04,11,On Hold,253
PRJ-13938,Metro Rail Project 3938,Metro Rail,Jazan,Al Rashid Trading,Ministry of Transport,126147212.46,125779220.96,-367991.5,-0.29,2022-11-03,2023-09-30,2023-09-30,0,Delayed,138
PRJ-13939,Bridge Project 3939,Bridge,Tabuk,SSEM,Royal Commission,125879244.6,117202762.11,-8676482.49,-6.89,2021-12-16,2022-12-17,2022-12-17,0,In Progress,447
PRJ-13940,Hospital Project 3940,Hospital,Riyadh,Al Fouzan,NEOM Co.,125740500.24,115221266.52,-10519233.72,-8.37,2018-03-06,2019-07-28,2019-08-01,4,On Hold,450
PRJ-13941,Airport Terminal Project 3941,Airport Terminal,Jazan,Al Fouzan,Ministry of Health,96445422.96,152028123.88,55582700.92,57.63,2020-08-21,2023-01-02,2023-01-21,19,Cancelled,358
PRJ-13942,Commercial Complex Project 3942,Commercial Complex,Dammam,AECOM Arabia,NEOM Co.,54796784.82,54037612.58,-759172.24,-1.39,2022-12-14,2023-11-13,2023-11-13,0,In Progress,301
PRJ-13943,Commercial Complex Project 3943,Commercial Complex,Dammam,Al Rashid Trading,Ministry of Education,75359868.47,84820730.01,9460861.54,12.55,2019-06-04,2020-12-17,2021-01-04,18,Cancelled,162
PRJ-13944,Commercial Complex Project 3944,Commercial Complex,Medina,Al Rashid Trading,Ministry of Education,104214324.16,159696693.82,55482369.66,53.24,2023-03-31,2024-08-23,2025-07-25,336,Cancelled,408
PRJ-13945,Residential Building Project 3945,Residential Building,Jazan,AECOM Arabia,Aramco,145942062.4,207657280.8,61715218.4,42.29,2018-04-02,2020-08-15,2020-08-24,9,Delayed,70
PRJ-13946,Residential Building Project 3946,Residential Building,Abha,SADEEM Construction,Ministry of Housing,59441606.21,65571497.57,6129891.36,10.31,2018-03-15,2019-11-02,2019-11-02,0,Cancelled,358
PRJ-13947,Industrial Plant Project 3947,Industrial Plant,Jazan,Al Bawani,Private Developer,71659262.71,102696445.01,31037182.3,43.31,2023-06-08,2025-02-11,2025-11-15,277,Cancelled,440
PRJ-13948,Hospital Project 3948,Hospital,Jazan,Al Rashid Trading,Ministry of Health,142897449.41,224680633.25,81783183.84,57.23,2022-11-09,2025-09-16,2025-11-09,54,Completed,454
PRJ-13949,Industrial Plant Project 3949,Industrial Plant,Mecca,AECOM Arabia,NEOM Co.,122255669.98,128543372.33,6287702.35,5.14,2019-01-14,2020-08-16,2020-09-03,18,In Progress,70
PRJ-13950,Dam Project 3950,Dam,Qassim,Al Bawani,Ministry of Transport,55862866.23,50615715.79,-5247150.44,-9.39,2021-09-20,2024-03-08,2024-03-08,0,Delayed,135
PRJ-13951,Commercial Complex Project 3951,Commercial Complex,Abha,SSEM,Royal Commission,78836978.54,100138759.46,21301780.92,27.02,2021-07-02,2023-11-03,2023-11-24,21,Delayed,146
PRJ-13952,Residential Building Project 3952,Residential Building,Qassim,Al Bawani,Royal Commission,146117668.13,143103293.17,-3014374.96,-2.06,2021-04-18,2023-08-16,2023-10-27,72,In Progress,330
PRJ-13953,Residential Building Project 3953,Residential Building,Jazan,Al Fouzan,Ministry of Health,55647936.97,57160829.3,1512892.33,2.72,2022-09-27,2022-12-31,2022-12-31,0,On Hold,327
PRJ-13954,Metro Rail Project 3954,Metro Rail,Riyadh,El Seif Engineering,Royal Commission,54399671.22,61991079.47,7591408.25,13.95,2019-02-28,2019-11-07,2019-11-07,0,In Progress,320
PRJ-13955,Metro Rail Project 3955,Metro Rail,Neom,Al Arrab,Ministry of Health,78843631.65,120820836.37,41977204.72,53.24,2019-03-25,2020-01-09,2020-02-03,25,In Progress,476
PRJ-13956,Bridge Project 3956,Bridge,Tabuk,Al Arrab,Royal Commission,120986258.94,171937403.88,50951144.94,42.11,2023-06-08,2024-06-03,2024-06-07,4,On Hold,315
PRJ-13957,Metro Rail Project 3957,Metro Rail,Jeddah,Al Fouzan,Private Developer,65597701.27,64836418.36,-761282.91,-1.16,2022-06-16,2024-12-16,2024-12-16,0,On Hold,116
PRJ-13958,Highway Project 3958,Highway,Riyadh,El Seif Engineering,NEOM Co.,7977813.72,9049627.76,1071814.04,13.43,2023-06-20,2026-02-21,2026-03-13,20,Completed,295
PRJ-13959,Hospital Project 3959,Hospital,Riyadh,Saudi Binladin Group,Private Developer,38101199.43,55840672.48,17739473.05,46.56,2019-02-15,2019-09-24,2019-10-29,35,In Progress,368
PRJ-13960,Residential Building Project 3960,Residential Building,Abha,Al Bawani,NEOM Co.,37096033.09,56719914.74,19623881.65,52.9,2023-02-04,2025-08-09,2025-08-10,1,Completed,410
PRJ-13961,Residential Building Project 3961,Residential Building,Neom,Al Rashid Trading,Ministry of Housing,1988981.31,2689293.47,700312.16,35.21,2023-05-22,2026-03-08,2026-05-29,82,On Hold,121
PRJ-13962,Airport Terminal Project 3962,Airport Terminal,Tabuk,SSEM,Ministry of Education,48616071.96,47349301.1,-1266770.86,-2.61,2020-07-04,2022-06-08,2022-06-08,0,Cancelled,491
PRJ-13963,Highway Project 3963,Highway,Mecca,Al Fouzan,Royal Commission,1846346.81,1792140.7,-54206.11,-2.94,2020-12-13,2021-11-10,2021-11-10,0,Completed,284
PRJ-13964,Highway Project 3964,Highway,Jazan,Nesma & Partners,Ministry of Transport,21090381.08,22854588.64,1764207.56,8.36,2020-11-21,2023-04-13,2023-04-13,0,Delayed,446
PRJ-13965,Highway Project 3965,Highway,Neom,Al Fouzan,Aramco,25398565.49,33579269.15,8180703.66,32.21,2019-12-05,2021-08-02,2021-08-24,22,On Hold,361
PRJ-13966,School Project 3966,School,Qassim,Al Bawani,Aramco,45057233.9,39641494.27,-5415739.63,-12.02,2023-01-28,2024-04-06,2024-06-19,74,Cancelled,73
PRJ-13967,Metro Rail Project 3967,Metro Rail,Abha,AECOM Arabia,Royal Commission,4438926.16,4902384.51,463458.35,10.44,2019-09-14,2022-04-26,2022-06-05,40,On Hold,62
PRJ-13968,Hospital Project 3968,Hospital,Riyadh,SADEEM Construction,Private Developer,119546877.8,144938453.01,25391575.21,21.24,2022-02-23,2024-01-13,2024-01-29,16,Delayed,387
PRJ-13969,Residential Building Project 3969,Residential Building,Qassim,AECOM Arabia,NEOM Co.,77175949.08,82485831.32,5309882.24,6.88,2019-06-07,2021-07-06,2021-08-12,37,Completed,131
PRJ-13970,Hospital Project 3970,Hospital,Riyadh,SSEM,Ministry of Health,18677308.76,20761362.07,2084053.31,11.16,2023-03-21,2025-02-17,2025-03-13,24,Cancelled,367
PRJ-13971,Bridge Project 3971,Bridge,Tabuk,Al Fouzan,Aramco,66652451.39,83002337.24,16349885.85,24.53,2018-05-07,2020-12-31,2021-01-31,31,In Progress,238
PRJ-13972,Dam Project 3972,Dam,Tabuk,SADEEM Construction,Ministry of Education,93231683.16,134424899.45,41193216.29,44.18,2022-09-09,2025-02-01,2025-02-24,23,On Hold,149
PRJ-13973,Hospital Project 3973,Hospital,Neom,Nesma & Partners,Royal Commission,106037524.35,112427024.01,6389499.66,6.03,2022-12-06,2023-12-21,2023-12-21,0,Cancelled,239
PRJ-13974,Highway Project 3974,Highway,Mecca,AECOM Arabia,Ministry of Transport,101996001.62,121968555.75,19972554.13,19.58,2021-05-05,2022-12-10,2023-08-15,248,Completed,373
PRJ-13975,Industrial Plant Project 3975,Industrial Plant,Tabuk,Al Fouzan,Private Developer,62208079.38,81868511.74,19660432.36,31.6,2022-09-01,2024-06-12,2024-07-25,43,On Hold,246
PRJ-13976,Industrial Plant Project 3976,Industrial Plant,Jeddah,Al Arrab,Ministry of Health,11115513.64,12978847.26,1863333.62,16.76,2019-02-09,2019-09-22,2019-09-22,0,On Hold,347
PRJ-13977,Dam Project 3977,Dam,Jeddah,Nesma & Partners,Royal Commission,5102073.78,7433901.67,2331827.89,45.7,2021-04-15,2022-07-21,2022-08-31,41,In Progress,407
PRJ-13978,Dam Project 3978,Dam,Abha,SSEM,Private Developer,142990107.25,131013301.98,-11976805.27,-8.38,2022-02-12,2024-02-11,2024-02-11,0,Completed,410
PRJ-13979,Highway Project 3979,Highway,Dammam,SSEM,NEOM Co.,89730100.69,100004768.25,10274667.56,11.45,2020-09-15,2022-11-09,2022-11-25,16,Completed,492
PRJ-13980,Industrial Plant Project 3980,Industrial Plant,Tabuk,El Seif Engineering,Ministry of Transport,14002624.76,17268493.07,3265868.31,23.32,2018-07-31,2019-08-07,2019-08-31,24,Completed,38
PRJ-13981,Hospital Project 3981,Hospital,Mecca,Al Fouzan,Royal Commission,16130891.49,17481802.87,1350911.38,8.37,2019-05-08,2021-02-25,2021-02-25,0,Cancelled,182
PRJ-13982,Hospital Project 3982,Hospital,Abha,Nesma & Partners,Aramco,110823991.48,125251445.5,14427454.02,13.02,2021-02-17,2022-07-26,2022-07-26,0,In Progress,200
PRJ-13983,Dam Project 3983,Dam,Abha,Al Arrab,Ministry of Housing,135853291.65,138956346.92,3103055.27,2.28,2022-08-08,2024-06-01,2024-06-01,0,Completed,164
PRJ-13984,Metro Rail Project 3984,Metro Rail,Jeddah,Saudi Binladin Group,Ministry of Health,142984378.91,155452796.46,12468417.55,8.72,2022-01-09,2024-05-25,2024-07-24,60,On Hold,55
PRJ-13985,Hospital Project 3985,Hospital,Tabuk,SSEM,Royal Commission,24312814.08,28482922.82,4170108.74,17.15,2018-11-21,2021-04-13,2021-04-30,17,On Hold,308
PRJ-13986,Bridge Project 3986,Bridge,Medina,Al Arrab,Ministry of Health,86570036.15,93064162.7,6494126.55,7.5,2018-04-05,2020-12-28,2020-12-28,0,In Progress,455
PRJ-13987,Commercial Complex Project 3987,Commercial Complex,Abha,Saudi Binladin Group,Royal Commission,112623054.16,105173952.81,-7449101.35,-6.61,2021-10-23,2023-11-13,2023-12-04,21,Delayed,200
PRJ-13988,Airport Terminal Project 3988,Airport Terminal,Medina,AECOM Arabia,Aramco,128814554.67,209586171.31,80771616.64,62.7,2018-08-10,2019-02-11,2019-02-22,11,Completed,92
PRJ-13989,School Project 3989,School,Mecca,Saudi Binladin Group,Ministry of Housing,18120086.25,16721386.74,-1398699.51,-7.72,2021-12-21,2023-12-06,2024-03-10,95,In Progress,372
PRJ-13990,Bridge Project 3990,Bridge,Neom,Al Arrab,Ministry of Transport,35039902.62,49549594.02,14509691.4,41.41,2021-04-18,2022-12-10,2022-12-11,1,In Progress,288
PRJ-13991,Airport Terminal Project 3991,Airport Terminal,Jazan,Al Bawani,NEOM Co.,127619661.12,152793515.44,25173854.32,19.73,2021-09-03,2024-07-25,2025-02-06,196,Cancelled,118
PRJ-13992,Airport Terminal Project 3992,Airport Terminal,Mecca,SADEEM Construction,Ministry of Education,139314050.22,150053731.56,10739681.34,7.71,2018-07-23,2020-04-05,2020-04-05,0,On Hold,231
PRJ-13993,School Project 3993,School,Medina,SADEEM Construction,NEOM Co.,94686066.75,102965431.96,8279365.21,8.74,2018-01-17,2020-05-12,2020-07-07,56,Completed,105
PRJ-13994,Industrial Plant Project 3994,Industrial Plant,Dammam,Al Arrab,Ministry of Health,53462725.34,83977687.68,30514962.34,57.08,2020-09-11,2021-10-05,2021-12-14,70,On Hold,167
PRJ-13995,Industrial Plant Project 3995,Industrial Plant,Riyadh,SADEEM Construction,Ministry of Education,146484175.04,139437938.88,-7046236.16,-4.81,2021-02-18,2023-03-13,2023-05-21,69,In Progress,399
PRJ-13996,Dam Project 3996,Dam,Neom,Al Arrab,Ministry of Health,123646780.78,203107282.11,79460501.33,64.26,2020-06-24,2021-05-25,2021-06-09,15,Cancelled,57
PRJ-13997,Airport Terminal Project 3997,Airport Terminal,Jazan,SSEM,Private Developer,71106004.17,90576245.41,19470241.24,27.38,2021-06-02,2022-06-06,2022-06-30,24,Cancelled,238
PRJ-13998,Commercial Complex Project 3998,Commercial Complex,Mecca,SADEEM Construction,Ministry of Health,48599685.96,76132427.89,27532741.93,56.65,2021-06-02,2023-12-14,2023-12-16,2,Cancelled,370
PRJ-13999,Hospital Project 3999,Hospital,Medina,El Seif Engineering,Royal Commission,120500033.97,177305511.34,56805477.37,47.14,2022-07-13,2023-09-14,2023-09-18,4,In Progress,110
PRJ-14000,Metro Rail Project 4000,Metro Rail,Mecca,Saudi Binladin Group,NEOM Co.,94064076.57,96203388.69,2139312.12,2.27,2020-02-15,2022-02-15,2022-02-15,0,Completed,443
PRJ-14001,Airport Terminal Project 4001,Airport Terminal,Neom,Al Arrab,Private Developer,38476161.79,54257182.92,15781021.13,41.02,2023-05-11,2025-10-01,2025-11-28,58,Cancelled,42
PRJ-14002,Commercial Complex Project 4002,Commercial Complex,Qassim,Nesma & Partners,NEOM Co.,82387116.47,89214582.96,6827466.49,8.29,2022-05-20,2024-03-30,2024-03-30,0,In Progress,146
PRJ-14003,School Project 4003,School,Qassim,SSEM,NEOM Co.,14114394.22,14184404.92,70010.7,0.5,2023-01-24,2023-10-31,2023-11-19,19,In Progress,258
PRJ-14004,Airport Terminal Project 4004,Airport Terminal,Mecca,Saudi Binladin Group,Ministry of Health,31653360.01,49980811.24,18327451.23,57.9,2021-12-29,2024-02-18,2024-03-21,32,On Hold,480
PRJ-14005,Industrial Plant Project 4005,Industrial Plant,Qassim,Al Fouzan,Ministry of Education,60861613.27,83319399.44,22457786.17,36.9,2019-05-16,2021-01-08,2021-01-14,6,Delayed,177
PRJ-14006,Metro Rail Project 4006,Metro Rail,Abha,Al Fouzan,Ministry of Education,130742463.43,147019330.13,16276866.7,12.45,2020-03-28,2022-05-05,2022-05-05,0,Delayed,432
PRJ-14007,Dam Project 4007,Dam,Qassim,Al Arrab,Ministry of Housing,130379205.97,189245547.26,58866341.29,45.15,2022-12-21,2023-05-15,2024-02-10,271,In Progress,479
PRJ-14008,School Project 4008,School,Jazan,Al Arrab,Private Developer,21439651.62,21535752.38,96100.76,0.45,2019-06-08,2021-06-21,2021-06-21,0,On Hold,478
PRJ-14009,Bridge Project 4009,Bridge,Dammam,SSEM,Ministry of Housing,58737600.09,93584332.64,34846732.55,59.33,2020-04-21,2021-07-31,2021-08-21,21,Delayed,108
PRJ-14010,Industrial Plant Project 4010,Industrial Plant,Mecca,Nesma & Partners,Ministry of Housing,131207335.75,129663251.28,-1544084.47,-1.18,2019-08-21,2020-01-20,2020-01-24,4,Cancelled,230
PRJ-14011,Dam Project 4011,Dam,Mecca,SSEM,Aramco,53967262.16,72414176.99,18446914.83,34.18,2020-01-26,2022-09-28,2022-10-08,10,Completed,333
PRJ-14012,Metro Rail Project 4012,Metro Rail,Jeddah,AECOM Arabia,Royal Commission,135465019.14,161025569.86,25560550.72,18.87,2023-04-18,2025-06-02,2025-06-02,0,On Hold,201
PRJ-14013,Commercial Complex Project 4013,Commercial Complex,Medina,Al Rashid Trading,Royal Commission,98213641.4,124747211.63,26533570.23,27.02,2022-10-12,2025-06-28,2025-11-11,136,Delayed,106
PRJ-14014,Highway Project 4014,Highway,Dammam,AECOM Arabia,Ministry of Education,31644878.56,40950563.99,9305685.43,29.41,2020-05-16,2023-02-20,2023-03-14,22,In Progress,447
PRJ-14015,Dam Project 4015,Dam,Neom,Saudi Binladin Group,Private Developer,111497405.85,127625316.69,16127910.84,14.46,2019-03-01,2019-10-08,2019-10-15,7,On Hold,30
PRJ-14016,Airport Terminal Project 4016,Airport Terminal,Neom,El Seif Engineering,Ministry of Education,54922106.65,66189704.62,11267597.97,20.52,2018-03-20,2018-08-01,2018-11-05,96,Completed,280
PRJ-14017,Industrial Plant Project 4017,Industrial Plant,Tabuk,SSEM,Private Developer,113386548.11,127587466.54,14200918.43,12.52,2022-08-31,2024-07-15,2024-07-15,0,Cancelled,20
PRJ-14018,Hospital Project 4018,Hospital,Dammam,SSEM,Ministry of Housing,40198855.63,62928989.6,22730133.97,56.54,2019-01-05,2021-03-25,2021-04-19,25,Completed,500
PRJ-14019,Commercial Complex Project 4019,Commercial Complex,Mecca,Al Rashid Trading,Royal Commission,71542059.06,114903272.22,43361213.16,60.61,2020-10-28,2023-08-09,2024-05-17,282,Completed,331
PRJ-14020,Dam Project 4020,Dam,Jazan,Al Fouzan,Aramco,32561505.28,50898943.49,18337438.21,56.32,2018-03-24,2019-02-03,2019-10-15,254,In Progress,469
PRJ-14021,Highway Project 4021,Highway,Jeddah,Al Arrab,Ministry of Education,127228339.1,152391173.59,25162834.49,19.78,2019-11-26,2020-12-14,2020-12-14,0,On Hold,66
PRJ-14022,Industrial Plant Project 4022,Industrial Plant,Jazan,Al Rashid Trading,NEOM Co.,102069326.47,154283831.51,52214505.04,51.16,2019-08-04,2019-12-16,2020-03-07,82,On Hold,154
PRJ-14023,Bridge Project 4023,Bridge,Jeddah,Nesma & Partners,Ministry of Health,126741736.8,146499718.86,19757982.06,15.59,2020-04-22,2021-09-29,2021-10-24,25,In Progress,123
PRJ-14024,Bridge Project 4024,Bridge,Abha,El Seif Engineering,Ministry of Health,140216431.85,179625030.34,39408598.49,28.11,2019-12-30,2022-12-15,2023-09-12,271,In Progress,138
PRJ-14025,Dam Project 4025,Dam,Tabuk,Al Fouzan,Royal Commission,67194088.92,82407103.67,15213014.75,22.64,2020-05-12,2021-01-10,2021-02-03,24,Completed,355
PRJ-14026,Bridge Project 4026,Bridge,Abha,SSEM,Ministry of Housing,7671150.01,8933932.19,1262782.18,16.46,2020-07-20,2021-03-14,2021-03-14,0,Completed,465
PRJ-14027,Hospital Project 4027,Hospital,Abha,Al Bawani,Ministry of Education,66936875.93,64349781.89,-2587094.04,-3.86,2020-05-22,2020-10-01,2020-10-27,26,Completed,405
PRJ-14028,Commercial Complex Project 4028,Commercial Complex,Dammam,El Seif Engineering,Aramco,1006483.27,1422834.02,416350.75,41.37,2020-02-24,2022-10-10,2022-10-18,8,In Progress,424
PRJ-14029,Highway Project 4029,Highway,Medina,Al Fouzan,Ministry of Transport,15329582.25,15667109.84,337527.59,2.2,2022-07-04,2024-05-12,2024-07-22,71,In Progress,18
PRJ-14030,Hospital Project 4030,Hospital,Mecca,Al Bawani,Private Developer,31086745.34,29670818.34,-1415927.0,-4.55,2021-04-08,2023-07-28,2023-07-28,0,On Hold,179
PRJ-14031,Dam Project 4031,Dam,Riyadh,SSEM,Private Developer,2590266.09,2930993.94,340727.85,13.15,2018-10-25,2019-08-03,2019-08-03,0,In Progress,26
PRJ-14032,Highway Project 4032,Highway,Mecca,Nesma & Partners,Ministry of Health,131317662.42,131391198.39,73535.97,0.06,2019-06-27,2021-08-24,2021-09-21,28,Delayed,331
PRJ-14033,Hospital Project 4033,Hospital,Jeddah,AECOM Arabia,Ministry of Housing,43149060.54,69620006.45,26470945.91,61.35,2022-01-16,2022-09-09,2023-06-13,277,Completed,175
PRJ-14034,Industrial Plant Project 4034,Industrial Plant,Qassim,Al Bawani,Ministry of Housing,37479030.09,45033250.12,7554220.03,20.16,2019-10-10,2022-03-15,2022-04-23,39,In Progress,155
PRJ-14035,School Project 4035,School,Tabuk,Al Rashid Trading,Ministry of Transport,45028178.58,40838998.83,-4189179.75,-9.3,2020-05-03,2023-05-02,2023-05-20,18,Delayed,256
PRJ-14036,Hospital Project 4036,Hospital,Mecca,Al Rashid Trading,Ministry of Education,119903761.95,171501911.69,51598149.74,43.03,2022-11-18,2025-02-02,2025-02-10,8,Cancelled,470
PRJ-14037,Industrial Plant Project 4037,Industrial Plant,Jeddah,Al Arrab,Private Developer,10718081.53,17299828.66,6581747.13,61.41,2020-07-12,2021-06-05,2022-01-16,225,In Progress,59
PRJ-14038,Dam Project 4038,Dam,Riyadh,SADEEM Construction,Ministry of Education,29355740.32,34194230.44,4838490.12,16.48,2018-08-16,2019-01-15,2019-01-15,0,Cancelled,96
PRJ-14039,Airport Terminal Project 4039,Airport Terminal,Medina,Al Rashid Trading,Ministry of Education,121516244.84,149745990.96,28229746.12,23.23,2020-07-08,2021-01-08,2021-04-21,103,Delayed,204
PRJ-14040,Airport Terminal Project 4040,Airport Terminal,Jeddah,SSEM,Ministry of Health,109245895.43,108972189.72,-273705.71,-0.25,2020-06-29,2022-06-08,2022-06-21,13,Completed,262
PRJ-14041,Bridge Project 4041,Bridge,Neom,Al Rashid Trading,Ministry of Housing,66739851.97,109162084.38,42422232.41,63.56,2021-12-07,2024-04-26,2024-09-26,153,Delayed,466
PRJ-14042,Metro Rail Project 4042,Metro Rail,Jeddah,Al Arrab,Ministry of Transport,14888850.43,16031770.95,1142920.52,7.68,2022-01-09,2022-12-18,2022-12-18,0,In Progress,465
PRJ-14043,School Project 4043,School,Mecca,SSEM,Ministry of Housing,94156346.36,99939792.87,5783446.51,6.14,2021-05-18,2023-01-29,2023-01-29,0,Delayed,32
PRJ-14044,School Project 4044,School,Tabuk,SADEEM Construction,Royal Commission,99496789.91,93014995.17,-6481794.74,-6.51,2018-11-02,2021-05-27,2021-05-27,0,In Progress,486
PRJ-14045,Hospital Project 4045,Hospital,Jazan,Saudi Binladin Group,Ministry of Education,83475269.37,82320286.46,-1154982.91,-1.38,2023-04-11,2025-11-28,2025-11-28,0,Completed,305
PRJ-14046,Industrial Plant Project 4046,Industrial Plant,Abha,Nesma & Partners,Ministry of Housing,141056321.46,159199196.55,18142875.09,12.86,2021-01-06,2022-07-30,2022-07-30,0,In Progress,344
PRJ-14047,Highway Project 4047,Highway,Jazan,El Seif Engineering,NEOM Co.,145890915.08,132945550.39,-12945364.69,-8.87,2018-02-23,2019-07-18,2019-07-18,0,On Hold,413
PRJ-14048,Commercial Complex Project 4048,Commercial Complex,Jeddah,Al Bawani,Ministry of Health,43127409.69,41343089.71,-1784319.98,-4.14,2022-10-29,2024-07-04,2024-07-04,0,Completed,320
PRJ-14049,Bridge Project 4049,Bridge,Abha,Saudi Binladin Group,Aramco,2167610.8,2262683.48,95072.68,4.39,2019-07-25,2021-06-17,2022-01-05,202,Completed,344
PRJ-14050,Dam Project 4050,Dam,Riyadh,Saudi Binladin Group,Ministry of Transport,101977009.54,98849035.75,-3127973.79,-3.07,2020-10-20,2021-06-06,2021-06-06,0,Cancelled,22
PRJ-14051,Hospital Project 4051,Hospital,Qassim,SSEM,Ministry of Education,76596015.1,89337412.51,12741397.41,16.63,2020-10-02,2023-04-23,2023-04-23,0,Completed,152
PRJ-14052,Metro Rail Project 4052,Metro Rail,Jazan,Nesma & Partners,Ministry of Health,104216809.09,106133222.91,1916413.82,1.84,2018-09-23,2020-05-23,2020-05-23,0,Cancelled,181
PRJ-14053,School Project 4053,School,Neom,Al Arrab,Private Developer,56184106.37,58247228.57,2063122.2,3.67,2018-02-27,2019-08-15,2019-08-15,0,Delayed,314
PRJ-14054,Hospital Project 4054,Hospital,Abha,AECOM Arabia,Aramco,26967695.44,30778830.98,3811135.54,14.13,2022-08-02,2024-06-29,2025-05-06,311,Completed,114
PRJ-14055,Hospital Project 4055,Hospital,Abha,Al Rashid Trading,Ministry of Education,127928619.71,144171179.0,16242559.29,12.7,2019-08-02,2022-01-24,2022-01-24,0,Cancelled,99
PRJ-14056,Hospital Project 4056,Hospital,Riyadh,Saudi Binladin Group,Ministry of Education,91771718.03,93418604.21,1646886.18,1.79,2018-08-05,2019-11-03,2019-11-16,13,Cancelled,223
PRJ-14057,Dam Project 4057,Dam,Medina,Al Fouzan,Aramco,116534703.68,121886295.38,5351591.7,4.59,2018-09-25,2020-07-10,2020-07-10,0,On Hold,144
PRJ-14058,Airport Terminal Project 4058,Airport Terminal,Jazan,SADEEM Construction,Ministry of Education,34100130.71,33497265.07,-602865.64,-1.77,2021-05-28,2022-11-30,2022-12-06,6,Cancelled,485
PRJ-14059,Metro Rail Project 4059,Metro Rail,Tabuk,Al Bawani,Private Developer,116685598.83,148344013.32,31658414.49,27.13,2021-01-04,2021-11-11,2021-11-18,7,Cancelled,312
PRJ-14060,Dam Project 4060,Dam,Jeddah,Nesma & Partners,Royal Commission,68006180.97,105526817.74,37520636.77,55.17,2022-05-03,2022-12-27,2023-01-21,25,In Progress,41
PRJ-14061,School Project 4061,School,Mecca,Al Arrab,Aramco,130228234.82,134828263.52,4600028.7,3.53,2020-02-21,2020-10-20,2020-10-20,0,Completed,301
PRJ-14062,School Project 4062,School,Neom,AECOM Arabia,Ministry of Transport,2797254.48,3734208.38,936953.9,33.5,2020-01-27,2020-11-27,2021-07-21,236,Completed,135
PRJ-14063,Airport Terminal Project 4063,Airport Terminal,Jazan,Al Bawani,Ministry of Transport,83885831.49,81642773.51,-2243057.98,-2.67,2019-10-20,2020-02-27,2020-03-29,31,Cancelled,418
PRJ-14064,Dam Project 4064,Dam,Tabuk,Al Rashid Trading,Ministry of Transport,97156997.27,140918372.75,43761375.48,45.04,2022-09-23,2023-11-24,2023-11-30,6,In Progress,37
PRJ-14065,Highway Project 4065,Highway,Neom,SADEEM Construction,Ministry of Education,51193598.18,45474888.24,-5718709.94,-11.17,2020-09-10,2021-08-25,2021-10-01,37,Cancelled,90
PRJ-14066,School Project 4066,School,Neom,AECOM Arabia,Ministry of Transport,61475073.83,63411318.15,1936244.32,3.15,2022-03-08,2023-03-30,2023-05-05,36,Cancelled,94
PRJ-14067,Highway Project 4067,Highway,Dammam,AECOM Arabia,Ministry of Transport,119395413.2,157607845.67,38212432.47,32.0,2020-06-21,2020-12-12,2021-01-10,29,Delayed,473
PRJ-14068,Residential Building Project 4068,Residential Building,Medina,AECOM Arabia,Private Developer,53355553.7,55742437.93,2386884.23,4.47,2022-01-17,2024-03-19,2024-03-19,0,Completed,171
PRJ-14069,Hospital Project 4069,Hospital,Jazan,SSEM,Ministry of Education,89803720.5,126502070.08,36698349.58,40.87,2022-09-27,2025-03-04,2025-03-23,19,In Progress,47
PRJ-14070,Highway Project 4070,Highway,Mecca,Al Rashid Trading,Private Developer,65337691.5,66719389.38,1381697.88,2.11,2019-10-16,2021-10-31,2021-11-06,6,Completed,45
PRJ-14071,Hospital Project 4071,Hospital,Jazan,Al Fouzan,Ministry of Housing,1367663.44,1981927.75,614264.31,44.91,2021-04-18,2023-12-11,2023-12-21,10,In Progress,35
PRJ-14072,Metro Rail Project 4072,Metro Rail,Mecca,Al Bawani,Ministry of Housing,119227324.97,192818626.44,73591301.47,61.72,2022-06-01,2024-09-18,2024-09-24,6,Delayed,240
PRJ-14073,Hospital Project 4073,Hospital,Abha,Nesma & Partners,Private Developer,75609217.63,107018210.99,31408993.36,41.54,2019-02-13,2019-12-01,2020-02-13,74,On Hold,465
PRJ-14074,Dam Project 4074,Dam,Riyadh,Al Bawani,Royal Commission,108503796.74,111324125.24,2820328.5,2.6,2018-02-03,2019-04-01,2019-04-03,2,In Progress,406
PRJ-14075,Metro Rail Project 4075,Metro Rail,Mecca,SADEEM Construction,Aramco,1817817.58,2586576.47,768758.89,42.29,2022-05-29,2022-10-27,2023-02-01,97,On Hold,409
PRJ-14076,Metro Rail Project 4076,Metro Rail,Jazan,SADEEM Construction,Ministry of Transport,51993524.12,59064422.68,7070898.56,13.6,2019-07-25,2020-10-14,2020-10-14,0,Completed,64
PRJ-14077,Airport Terminal Project 4077,Airport Terminal,Jeddah,Al Bawani,Ministry of Health,51170964.88,58631697.99,7460733.11,14.58,2023-01-05,2024-12-20,2024-12-20,0,In Progress,89
PRJ-14078,Metro Rail Project 4078,Metro Rail,Medina,Al Fouzan,Ministry of Education,20039388.94,22498246.64,2458857.7,12.27,2023-05-07,2026-04-25,2026-04-30,5,Cancelled,464
PRJ-14079,Commercial Complex Project 4079,Commercial Complex,Jeddah,El Seif Engineering,Royal Commission,61568864.64,89947039.57,28378174.93,46.09,2020-10-19,2023-01-20,2023-02-01,12,On Hold,199
PRJ-14080,School Project 4080,School,Riyadh,El Seif Engineering,Ministry of Health,14994233.2,15074678.85,80445.65,0.54,2022-09-20,2023-10-08,2023-10-08,0,On Hold,105
PRJ-14081,Industrial Plant Project 4081,Industrial Plant,Tabuk,Al Fouzan,Private Developer,125667379.93,201554744.62,75887364.69,60.39,2018-11-30,2020-04-29,2020-05-01,2,Completed,435
PRJ-14082,Bridge Project 4082,Bridge,Tabuk,SADEEM Construction,Ministry of Health,147954367.92,137090145.58,-10864222.34,-7.34,2021-12-23,2023-12-20,2023-12-20,0,In Progress,301
PRJ-14083,Industrial Plant Project 4083,Industrial Plant,Riyadh,SSEM,Aramco,44045242.08,64795532.39,20750290.31,47.11,2020-06-29,2022-11-04,2022-11-17,13,Delayed,207
PRJ-14084,School Project 4084,School,Riyadh,AECOM Arabia,Royal Commission,89591058.41,130445285.07,40854226.66,45.6,2023-03-12,2025-10-10,2025-11-10,31,Completed,223
PRJ-14085,Residential Building Project 4085,Residential Building,Medina,AECOM Arabia,Aramco,18137860.42,25655928.17,7518067.75,41.45,2020-06-23,2020-11-12,2021-01-04,53,Completed,210
PRJ-14086,Bridge Project 4086,Bridge,Tabuk,Nesma & Partners,Aramco,86812587.92,101303397.22,14490809.3,16.69,2021-07-19,2022-07-09,2022-07-09,0,In Progress,10
PRJ-14087,Highway Project 4087,Highway,Dammam,SADEEM Construction,Aramco,105195799.91,125582357.22,20386557.31,19.38,2019-11-24,2021-07-05,2021-07-11,6,Completed,473
PRJ-14088,Metro Rail Project 4088,Metro Rail,Tabuk,Al Arrab,Private Developer,74359408.61,119994522.06,45635113.45,61.37,2022-08-27,2024-10-05,2024-10-06,1,Delayed,148
PRJ-14089,Commercial Complex Project 4089,Commercial Complex,Medina,Al Rashid Trading,Ministry of Transport,19722300.49,24751187.91,5028887.42,25.5,2020-03-13,2021-08-30,2021-10-04,35,In Progress,275
PRJ-14090,Hospital Project 4090,Hospital,Neom,El Seif Engineering,Royal Commission,4332021.36,5100626.97,768605.61,17.74,2020-06-01,2023-03-14,2023-03-14,0,Cancelled,69
PRJ-14091,Dam Project 4091,Dam,Neom,El Seif Engineering,Royal Commission,127849602.92,132088311.9,4238708.98,3.32,2020-08-27,2022-12-09,2022-12-31,22,Delayed,100
PRJ-14092,Industrial Plant Project 4092,Industrial Plant,Neom,Nesma & Partners,NEOM Co.,18682622.16,19697884.89,1015262.73,5.43,2022-07-26,2023-01-19,2023-02-01,13,Completed,343
PRJ-14093,Industrial Plant Project 4093,Industrial Plant,Dammam,AECOM Arabia,Private Developer,76250334.55,99885101.34,23634766.79,31.0,2018-08-20,2020-04-16,2020-07-26,101,Completed,120
PRJ-14094,Airport Terminal Project 4094,Airport Terminal,Tabuk,Al Arrab,Ministry of Transport,133544692.86,164286310.07,30741617.21,23.02,2018-09-05,2020-07-20,2020-08-20,31,Delayed,88
PRJ-14095,Residential Building Project 4095,Residential Building,Jeddah,Nesma & Partners,Ministry of Housing,128263830.63,198155117.27,69891286.64,54.49,2020-07-11,2021-01-27,2021-04-29,92,Cancelled,471
PRJ-14096,Airport Terminal Project 4096,Airport Terminal,Mecca,SADEEM Construction,Ministry of Health,44090727.05,67646267.26,23555540.21,53.43,2020-10-27,2022-10-20,2022-10-24,4,On Hold,196
PRJ-14097,Metro Rail Project 4097,Metro Rail,Mecca,Al Bawani,Aramco,88318566.99,141332825.95,53014258.96,60.03,2021-01-15,2023-03-23,2023-05-27,65,Cancelled,73
PRJ-14098,Bridge Project 4098,Bridge,Abha,SSEM,Royal Commission,8517444.36,8945793.37,428349.01,5.03,2021-05-27,2024-04-23,2024-04-23,0,Delayed,499
PRJ-14099,Industrial Plant Project 4099,Industrial Plant,Neom,El Seif Engineering,Royal Commission,56557200.09,83980256.98,27423056.89,48.49,2022-06-18,2023-03-30,2023-04-28,29,Completed,466
PRJ-14100,Commercial Complex Project 4100,Commercial Complex,Jeddah,Al Rashid Trading,Ministry of Housing,42448237.29,45293946.54,2845709.25,6.7,2019-10-07,2021-06-17,2021-06-17,0,Delayed,216
PRJ-14101,Airport Terminal Project 4101,Airport Terminal,Dammam,Al Rashid Trading,Private Developer,106454922.7,159815827.93,53360905.23,50.13,2021-01-17,2021-10-21,2021-10-25,4,Completed,382
PRJ-14102,Highway Project 4102,Highway,Dammam,SADEEM Construction,Ministry of Health,91113385.18,102194880.75,11081495.57,12.16,2023-04-15,2024-01-08,2024-04-06,89,In Progress,409
PRJ-14103,Highway Project 4103,Highway,Riyadh,Nesma & Partners,Royal Commission,16667818.38,17533717.55,865899.17,5.2,2023-04-04,2024-03-11,2024-03-11,0,Delayed,91
PRJ-14104,Bridge Project 4104,Bridge,Qassim,Al Arrab,Ministry of Education,13328710.37,15872600.8,2543890.43,19.09,2018-03-22,2020-09-16,2020-09-16,0,Completed,169
PRJ-14105,Highway Project 4105,Highway,Neom,Al Rashid Trading,Ministry of Education,6283401.26,7075431.34,792030.08,12.61,2021-12-17,2024-01-01,2024-01-01,0,On Hold,475
PRJ-14106,Dam Project 4106,Dam,Mecca,Saudi Binladin Group,Ministry of Education,79002808.52,71313759.97,-7689048.55,-9.73,2022-11-03,2024-06-13,2025-02-07,239,Delayed,101
PRJ-14107,Industrial Plant Project 4107,Industrial Plant,Riyadh,Saudi Binladin Group,Ministry of Transport,93513955.16,100580439.94,7066484.78,7.56,2019-03-24,2021-10-21,2021-10-21,0,Delayed,447
PRJ-14108,Commercial Complex Project 4108,Commercial Complex,Riyadh,AECOM Arabia,Ministry of Education,42492049.32,46456047.87,3963998.55,9.33,2023-02-22,2026-02-05,2026-04-18,72,In Progress,186
PRJ-14109,Industrial Plant Project 4109,Industrial Plant,Dammam,Al Arrab,Royal Commission,67733948.88,63005137.28,-4728811.6,-6.98,2022-12-19,2024-01-09,2024-02-01,23,Cancelled,313
PRJ-14110,Bridge Project 4110,Bridge,Neom,Nesma & Partners,Ministry of Education,139858177.02,141586942.37,1728765.35,1.24,2020-06-08,2023-01-18,2023-01-18,0,In Progress,307
PRJ-14111,Airport Terminal Project 4111,Airport Terminal,Tabuk,Nesma & Partners,Ministry of Transport,12576492.47,16728772.85,4152280.38,33.02,2021-09-08,2023-06-28,2023-07-12,14,Cancelled,305
PRJ-14112,Bridge Project 4112,Bridge,Abha,Al Rashid Trading,NEOM Co.,77291074.44,69128144.07,-8162930.37,-10.56,2022-09-05,2025-02-06,2025-03-13,35,Cancelled,20
PRJ-14113,Dam Project 4113,Dam,Riyadh,SADEEM Construction,NEOM Co.,43038821.24,39333822.17,-3704999.07,-8.61,2022-11-30,2024-12-25,2025-02-14,51,On Hold,405
PRJ-14114,Bridge Project 4114,Bridge,Jeddah,Al Bawani,Royal Commission,128395150.23,194847777.12,66452626.89,51.76,2019-04-27,2021-03-09,2021-03-11,2,On Hold,359
PRJ-14115,Metro Rail Project 4115,Metro Rail,Neom,Nesma & Partners,Aramco,54437865.96,52930464.71,-1507401.25,-2.77,2019-01-27,2021-02-21,2021-03-21,28,On Hold,378
PRJ-14116,Residential Building Project 4116,Residential Building,Tabuk,Saudi Binladin Group,Ministry of Education,10392223.9,9896338.72,-495885.18,-4.77,2021-09-04,2024-04-26,2024-05-03,7,Completed,380
PRJ-14117,Airport Terminal Project 4117,Airport Terminal,Qassim,SADEEM Construction,Private Developer,47204681.7,62357741.91,15153060.21,32.1,2021-03-29,2023-05-02,2023-05-23,21,On Hold,111
PRJ-14118,Hospital Project 4118,Hospital,Jazan,Al Arrab,Ministry of Health,118585282.05,158549311.89,39964029.84,33.7,2023-05-17,2025-08-05,2025-09-06,32,In Progress,289
PRJ-14119,Residential Building Project 4119,Residential Building,Tabuk,AECOM Arabia,Royal Commission,62061413.11,64676838.1,2615424.99,4.21,2021-06-05,2021-11-16,2021-11-16,0,Delayed,388
PRJ-14120,Hospital Project 4120,Hospital,Mecca,Nesma & Partners,NEOM Co.,62470863.99,64594895.98,2124031.99,3.4,2020-01-30,2022-11-06,2022-12-31,55,In Progress,428
PRJ-14121,Bridge Project 4121,Bridge,Riyadh,Al Fouzan,Aramco,1355279.27,1371501.62,16222.35,1.2,2019-08-26,2020-11-17,2020-12-18,31,Delayed,66
PRJ-14122,Commercial Complex Project 4122,Commercial Complex,Riyadh,AECOM Arabia,Ministry of Health,133572212.88,121735296.83,-11836916.05,-8.86,2019-09-25,2021-05-16,2021-07-13,58,On Hold,127
PRJ-14123,School Project 4123,School,Tabuk,AECOM Arabia,Ministry of Housing,16405066.61,21939777.31,5534710.7,33.74,2022-10-14,2025-09-03,2025-12-08,96,On Hold,131
PRJ-14124,Dam Project 4124,Dam,Dammam,Nesma & Partners,Ministry of Transport,41598796.45,55157209.35,13558412.9,32.59,2018-10-03,2019-09-25,2019-11-01,37,Cancelled,412
PRJ-14125,Dam Project 4125,Dam,Riyadh,Al Rashid Trading,NEOM Co.,49061204.41,44528510.7,-4532693.71,-9.24,2021-07-21,2022-05-28,2022-05-28,0,Cancelled,51
PRJ-14126,Dam Project 4126,Dam,Jeddah,Al Bawani,Ministry of Transport,112647467.05,108640157.29,-4007309.76,-3.56,2023-04-19,2024-07-13,2024-07-13,0,Delayed,459
PRJ-14127,Highway Project 4127,Highway,Jeddah,El Seif Engineering,NEOM Co.,125253824.65,164290676.4,39036851.75,31.17,2022-03-15,2023-09-07,2023-09-23,16,In Progress,397
PRJ-14128,Dam Project 4128,Dam,Medina,El Seif Engineering,Aramco,131005835.2,151847147.44,20841312.24,15.91,2021-05-26,2022-07-03,2022-07-03,0,Completed,469
PRJ-14129,Residential Building Project 4129,Residential Building,Qassim,Al Bawani,Ministry of Health,56042176.5,82388548.67,26346372.17,47.01,2023-06-18,2024-02-28,2024-03-06,7,Delayed,410
PRJ-14130,Metro Rail Project 4130,Metro Rail,Mecca,Saudi Binladin Group,Ministry of Housing,65245490.44,62479903.61,-2765586.83,-4.24,2022-07-26,2023-06-21,2023-06-21,0,Completed,134
PRJ-14131,School Project 4131,School,Mecca,Al Bawani,Royal Commission,135711588.68,130205940.29,-5505648.39,-4.06,2018-07-09,2020-10-08,2020-10-08,0,In Progress,44
PRJ-14132,Airport Terminal Project 4132,Airport Terminal,Dammam,SADEEM Construction,Aramco,4358171.64,4736001.62,377829.98,8.67,2019-06-02,2021-08-23,2021-08-23,0,Completed,78
PRJ-14133,Airport Terminal Project 4133,Airport Terminal,Mecca,Al Arrab,Aramco,99420421.58,109959860.31,10539438.73,10.6,2021-07-23,2022-12-29,2023-01-09,11,In Progress,104
PRJ-14134,Commercial Complex Project 4134,Commercial Complex,Mecca,AECOM Arabia,Ministry of Education,51254340.3,56587229.55,5332889.25,10.4,2023-02-17,2025-10-16,2025-10-16,0,In Progress,20
PRJ-14135,Industrial Plant Project 4135,Industrial Plant,Medina,SADEEM Construction,Ministry of Education,9191001.76,10833754.59,1642752.83,17.87,2019-03-13,2020-02-27,2020-02-27,0,In Progress,63
PRJ-14136,Residential Building Project 4136,Residential Building,Abha,Al Fouzan,Aramco,33766896.1,40516964.87,6750068.77,19.99,2018-04-03,2020-12-09,2020-12-09,0,On Hold,10
PRJ-14137,Commercial Complex Project 4137,Commercial Complex,Riyadh,SADEEM Construction,Aramco,26142642.72,26893721.79,751079.07,2.87,2018-09-07,2019-06-28,2019-08-11,44,On Hold,302
PRJ-14138,Industrial Plant Project 4138,Industrial Plant,Dammam,Saudi Binladin Group,Ministry of Education,12586596.85,14631667.07,2045070.22,16.25,2023-06-22,2025-11-06,2025-11-06,0,In Progress,357
PRJ-14139,Bridge Project 4139,Bridge,Neom,Al Fouzan,Ministry of Health,128883313.25,131599028.72,2715715.47,2.11,2022-10-29,2025-03-10,2025-03-10,0,Completed,260
PRJ-14140,School Project 4140,School,Jeddah,Al Bawani,Ministry of Education,105508223.31,112589912.03,7081688.72,6.71,2021-02-08,2023-05-11,2023-05-11,0,On Hold,226
PRJ-14141,Dam Project 4141,Dam,Jazan,Al Fouzan,Aramco,128016938.99,162445548.29,34428609.3,26.89,2020-10-21,2021-08-29,2021-09-09,11,In Progress,414
PRJ-14142,Bridge Project 4142,Bridge,Neom,Al Bawani,Aramco,73063169.5,114209720.06,41146550.56,56.32,2023-06-12,2025-03-08,2025-03-21,13,In Progress,31
PRJ-14143,Industrial Plant Project 4143,Industrial Plant,Qassim,SSEM,Ministry of Transport,25298749.74,33180009.24,7881259.5,31.15,2019-07-18,2019-11-24,2019-11-28,4,Delayed,184
PRJ-14144,Airport Terminal Project 4144,Airport Terminal,Abha,Al Bawani,Aramco,98795387.38,94684094.03,-4111293.35,-4.16,2022-02-17,2024-03-08,2024-03-08,0,In Progress,153
PRJ-14145,Commercial Complex Project 4145,Commercial Complex,Qassim,Al Bawani,Ministry of Housing,58912257.62,69750295.75,10838038.13,18.4,2023-05-24,2025-01-13,2025-01-13,0,Delayed,382
PRJ-14146,Residential Building Project 4146,Residential Building,Medina,El Seif Engineering,Royal Commission,37369304.69,41125226.64,3755921.95,10.05,2020-09-19,2023-06-03,2023-06-03,0,Cancelled,108
PRJ-14147,Metro Rail Project 4147,Metro Rail,Jeddah,Al Bawani,Royal Commission,111152334.36,177846045.77,66693711.41,60.0,2021-09-17,2022-08-17,2022-09-03,17,Delayed,471
PRJ-14148,Industrial Plant Project 4148,Industrial Plant,Mecca,AECOM Arabia,Ministry of Transport,110630181.92,144424180.19,33793998.27,30.55,2019-04-28,2021-09-19,2021-10-07,18,Cancelled,171
PRJ-14149,Industrial Plant Project 4149,Industrial Plant,Riyadh,Al Arrab,Ministry of Transport,104045709.79,112125593.11,8079883.32,7.77,2019-10-06,2021-06-15,2021-06-15,0,Completed,81
PRJ-14150,Residential Building Project 4150,Residential Building,Jazan,El Seif Engineering,Royal Commission,131865288.78,143721111.23,11855822.45,8.99,2020-07-28,2021-05-15,2021-05-28,13,Completed,361
PRJ-14151,Hospital Project 4151,Hospital,Tabuk,Al Fouzan,Royal Commission,32468913.98,29590054.16,-2878859.82,-8.87,2019-03-25,2021-08-04,2021-08-04,0,Completed,240
PRJ-14152,Airport Terminal Project 4152,Airport Terminal,Neom,Al Arrab,Ministry of Education,6930587.67,8046527.04,1115939.37,16.1,2021-12-01,2023-06-23,2023-06-23,0,Cancelled,420
PRJ-14153,Metro Rail Project 4153,Metro Rail,Dammam,Nesma & Partners,Aramco,101919775.39,136747215.52,34827440.13,34.17,2023-03-10,2025-07-27,2026-05-14,291,In Progress,357
PRJ-14154,Residential Building Project 4154,Residential Building,Mecca,Saudi Binladin Group,Private Developer,127458262.13,133076632.23,5618370.1,4.41,2022-04-06,2023-11-23,2023-11-23,0,In Progress,161
PRJ-14155,School Project 4155,School,Jeddah,SSEM,Royal Commission,130626418.87,207874442.14,77248023.27,59.14,2020-10-04,2022-11-17,2023-04-10,144,Completed,492
PRJ-14156,Residential Building Project 4156,Residential Building,Mecca,Al Bawani,Ministry of Health,104949218.52,136567053.11,31617834.59,30.13,2020-09-17,2022-02-07,2022-02-15,8,Delayed,86
PRJ-14157,School Project 4157,School,Dammam,SADEEM Construction,Private Developer,80188068.94,77006130.78,-3181938.16,-3.97,2023-04-24,2025-11-12,2026-03-18,126,Cancelled,290
PRJ-14158,School Project 4158,School,Jazan,El Seif Engineering,Aramco,88890814.41,88396198.11,-494616.3,-0.56,2018-02-02,2020-08-04,2020-08-04,0,On Hold,408
PRJ-14159,Residential Building Project 4159,Residential Building,Medina,Al Rashid Trading,NEOM Co.,8326140.64,9863119.95,1536979.31,18.46,2020-08-06,2021-10-04,2021-10-04,0,Delayed,124
PRJ-14160,Residential Building Project 4160,Residential Building,Jazan,Al Rashid Trading,NEOM Co.,96402810.18,134081347.63,37678537.45,39.08,2022-09-17,2023-10-27,2023-12-28,62,Cancelled,299
PRJ-14161,Metro Rail Project 4161,Metro Rail,Jazan,SADEEM Construction,Ministry of Housing,53869061.97,74910177.96,21041115.99,39.06,2019-03-14,2021-07-23,2022-05-04,285,In Progress,272
PRJ-14162,Commercial Complex Project 4162,Commercial Complex,Jazan,SSEM,NEOM Co.,144057722.62,140614863.73,-3442858.89,-2.39,2020-04-07,2021-03-30,2021-03-30,0,On Hold,21
PRJ-14163,Industrial Plant Project 4163,Industrial Plant,Qassim,El Seif Engineering,Aramco,131309070.26,208684547.69,77375477.43,58.93,2023-03-30,2026-02-03,2026-08-12,190,On Hold,403
PRJ-14164,Industrial Plant Project 4164,Industrial Plant,Medina,Nesma & Partners,Ministry of Transport,100727119.44,117679782.73,16952663.29,16.83,2022-07-26,2023-01-17,2023-04-07,80,On Hold,427
PRJ-14165,Hospital Project 4165,Hospital,Jeddah,Al Bawani,Aramco,142975918.32,126334181.11,-16641737.21,-11.64,2020-08-07,2021-04-24,2021-05-30,36,On Hold,39
PRJ-14166,Residential Building Project 4166,Residential Building,Medina,SADEEM Construction,Ministry of Transport,136077488.36,165777977.04,29700488.68,21.83,2022-04-04,2025-01-13,2025-02-01,19,In Progress,191
PRJ-14167,School Project 4167,School,Jazan,SADEEM Construction,Ministry of Housing,85186757.59,80485757.38,-4701000.21,-5.52,2022-07-23,2025-07-12,2025-07-12,0,Delayed,117
PRJ-14168,School Project 4168,School,Dammam,Al Fouzan,Aramco,70640324.26,81189620.66,10549296.4,14.93,2021-08-22,2024-05-04,2024-05-04,0,Completed,430
PRJ-14169,Hospital Project 4169,Hospital,Mecca,El Seif Engineering,Aramco,2814627.64,2763612.93,-51014.71,-1.81,2021-04-27,2021-11-19,2021-11-19,0,In Progress,24
PRJ-14170,School Project 4170,School,Riyadh,SSEM,Aramco,866960.67,1242053.29,375092.62,43.27,2022-02-18,2023-01-27,2023-02-12,16,Completed,411
PRJ-14171,Residential Building Project 4171,Residential Building,Tabuk,Nesma & Partners,NEOM Co.,119916388.45,160304670.62,40388282.17,33.68,2021-10-14,2022-03-30,2022-06-25,87,On Hold,411
PRJ-14172,Dam Project 4172,Dam,Medina,Al Fouzan,Ministry of Transport,38566716.56,45402450.51,6835733.95,17.72,2019-06-28,2021-04-21,2021-04-21,0,On Hold,71
PRJ-14173,Commercial Complex Project 4173,Commercial Complex,Abha,El Seif Engineering,Royal Commission,116409705.21,163731667.38,47321962.17,40.65,2022-04-15,2024-05-28,2024-06-22,25,Delayed,148
PRJ-14174,Highway Project 4174,Highway,Abha,El Seif Engineering,Private Developer,138685295.07,158753002.63,20067707.56,14.47,2022-08-21,2025-04-08,2025-05-15,37,Delayed,284
PRJ-14175,Highway Project 4175,Highway,Abha,Al Bawani,NEOM Co.,107097716.24,124140438.16,17042721.92,15.91,2021-08-06,2023-11-11,2024-02-07,88,Delayed,445
PRJ-14176,Metro Rail Project 4176,Metro Rail,Neom,SADEEM Construction,Ministry of Housing,61245293.26,53189600.89,-8055692.37,-13.15,2022-06-25,2023-03-29,2023-04-03,5,Cancelled,199
PRJ-14177,Metro Rail Project 4177,Metro Rail,Medina,Al Fouzan,Ministry of Housing,20440494.88,22410681.59,1970186.71,9.64,2019-02-27,2021-05-07,2021-05-07,0,Delayed,458
PRJ-14178,Highway Project 4178,Highway,Qassim,Al Bawani,Ministry of Housing,120442178.05,144104374.55,23662196.5,19.65,2018-02-27,2019-05-07,2019-05-07,0,Completed,456
PRJ-14179,Dam Project 4179,Dam,Qassim,El Seif Engineering,Ministry of Education,52281343.71,83635300.65,31353956.94,59.97,2019-03-10,2021-09-12,2021-10-09,27,Delayed,476
PRJ-14180,Highway Project 4180,Highway,Tabuk,Nesma & Partners,Private Developer,25472746.31,37036939.75,11564193.44,45.4,2021-12-07,2024-02-25,2024-04-02,37,Delayed,156
PRJ-14181,Industrial Plant Project 4181,Industrial Plant,Neom,Al Arrab,Private Developer,13801842.61,20709444.53,6907601.92,50.05,2021-04-17,2023-10-07,2023-12-05,59,Delayed,423
PRJ-14182,Residential Building Project 4182,Residential Building,Riyadh,Al Arrab,Ministry of Housing,5493749.48,4885599.74,-608149.74,-11.07,2021-03-09,2022-07-07,2022-07-09,2,In Progress,209
PRJ-14183,Industrial Plant Project 4183,Industrial Plant,Qassim,Al Arrab,NEOM Co.,50544158.0,53212217.16,2668059.16,5.28,2022-02-28,2025-02-05,2025-02-05,0,Delayed,420
PRJ-14184,Bridge Project 4184,Bridge,Jazan,SSEM,Ministry of Transport,80085985.33,78508293.66,-1577691.67,-1.97,2022-12-20,2025-06-01,2025-06-01,0,Delayed,344
PRJ-14185,School Project 4185,School,Riyadh,AECOM Arabia,Aramco,136783734.54,121250590.71,-15533143.83,-11.36,2018-09-06,2019-04-27,2019-05-10,13,Completed,249
PRJ-14186,Highway Project 4186,Highway,Tabuk,SADEEM Construction,Royal Commission,45383953.18,53397736.27,8013783.09,17.66,2019-02-10,2021-05-28,2022-02-27,275,On Hold,40
PRJ-14187,Metro Rail Project 4187,Metro Rail,Neom,Al Rashid Trading,NEOM Co.,41439456.61,38928100.18,-2511356.43,-6.06,2021-07-18,2024-02-25,2024-02-25,0,On Hold,298
PRJ-14188,Highway Project 4188,Highway,Abha,Nesma & Partners,Royal Commission,122965092.76,147415911.11,24450818.35,19.88,2023-04-06,2025-05-19,2025-05-19,0,On Hold,161
PRJ-14189,Bridge Project 4189,Bridge,Jeddah,Al Arrab,Ministry of Housing,49766548.96,66907642.4,17141093.44,34.44,2018-09-27,2019-08-05,2019-08-19,14,In Progress,393
PRJ-14190,Metro Rail Project 4190,Metro Rail,Mecca,Al Rashid Trading,Private Developer,107907000.47,109807119.78,1900119.31,1.76,2019-07-02,2022-05-27,2022-05-27,0,Cancelled,193
PRJ-14191,Highway Project 4191,Highway,Medina,Al Arrab,Aramco,135786962.79,164344598.81,28557636.02,21.03,2022-10-10,2025-03-23,2025-04-16,24,Cancelled,222
PRJ-14192,Industrial Plant Project 4192,Industrial Plant,Tabuk,SADEEM Construction,Royal Commission,97177576.6,144371073.27,47193496.67,48.56,2021-06-30,2023-09-26,2023-12-26,91,Cancelled,458
PRJ-14193,Commercial Complex Project 4193,Commercial Complex,Dammam,SSEM,Ministry of Transport,6481963.02,7949711.16,1467748.14,22.64,2018-08-12,2020-11-22,2020-12-04,12,In Progress,234
PRJ-14194,Commercial Complex Project 4194,Commercial Complex,Qassim,Al Rashid Trading,NEOM Co.,47520377.05,52750292.41,5229915.36,11.01,2018-10-25,2021-06-11,2021-06-11,0,Completed,92
PRJ-14195,Bridge Project 4195,Bridge,Neom,Al Rashid Trading,Ministry of Health,124027237.9,138836527.74,14809289.84,11.94,2021-09-25,2024-05-25,2024-05-25,0,Completed,246
PRJ-14196,School Project 4196,School,Mecca,Saudi Binladin Group,Private Developer,148405326.38,230027008.69,81621682.31,55.0,2018-03-24,2021-03-19,2021-03-28,9,Delayed,349
PRJ-14197,Hospital Project 4197,Hospital,Jeddah,El Seif Engineering,NEOM Co.,115110088.44,165447688.09,50337599.65,43.73,2020-02-13,2021-11-29,2022-03-13,104,Completed,189
PRJ-14198,Residential Building Project 4198,Residential Building,Dammam,Nesma & Partners,NEOM Co.,16059355.48,18256276.03,2196920.55,13.68,2020-09-03,2021-01-09,2021-01-09,0,Delayed,310
PRJ-14199,Hospital Project 4199,Hospital,Dammam,Al Bawani,NEOM Co.,80083425.09,79097362.03,-986063.06,-1.23,2022-05-17,2023-11-10,2023-11-10,0,On Hold,416
PRJ-14200,Industrial Plant Project 4200,Industrial Plant,Dammam,Al Rashid Trading,Ministry of Transport,98538706.62,100271901.78,1733195.16,1.76,2021-12-02,2023-01-21,2023-02-20,30,In Progress,429
PRJ-14201,Dam Project 4201,Dam,Medina,Nesma & Partners,Ministry of Education,5044413.51,6586034.18,1541620.67,30.56,2023-05-28,2025-02-08,2025-02-25,17,Cancelled,105
PRJ-14202,Commercial Complex Project 4202,Commercial Complex,Tabuk,El Seif Engineering,Ministry of Housing,131552489.12,167472129.92,35919640.8,27.3,2018-10-10,2019-01-20,2019-04-09,79,In Progress,44
PRJ-14203,Industrial Plant Project 4203,Industrial Plant,Medina,SADEEM Construction,Ministry of Health,113193620.82,163775970.28,50582349.46,44.69,2022-12-02,2025-11-05,2025-11-22,17,Delayed,120
PRJ-14204,Dam Project 4204,Dam,Jeddah,Al Fouzan,Royal Commission,31117827.98,42238792.0,11120964.02,35.74,2019-05-25,2020-12-22,2021-04-20,119,Completed,296
PRJ-14205,Metro Rail Project 4205,Metro Rail,Qassim,Al Rashid Trading,Aramco,3214615.86,4881164.02,1666548.16,51.84,2020-07-17,2022-05-07,2022-06-14,38,Cancelled,195
PRJ-14206,Residential Building Project 4206,Residential Building,Jazan,AECOM Arabia,Ministry of Transport,60171678.33,92124390.13,31952711.8,53.1,2019-04-23,2021-11-29,2021-12-16,17,In Progress,63
PRJ-14207,Highway Project 4207,Highway,Neom,SSEM,Ministry of Transport,116460367.98,129175614.05,12715246.07,10.92,2023-04-23,2026-01-17,2026-01-27,10,Delayed,274
PRJ-14208,Hospital Project 4208,Hospital,Riyadh,Nesma & Partners,Ministry of Education,101992295.74,109025626.09,7033330.35,6.9,2023-02-12,2025-03-28,2025-03-28,0,Completed,279
PRJ-14209,Highway Project 4209,Highway,Abha,Al Bawani,Ministry of Housing,24753320.88,38862382.62,14109061.74,57.0,2021-05-29,2021-08-27,2021-09-07,11,Completed,297
PRJ-14210,Dam Project 4210,Dam,Jeddah,Nesma & Partners,Aramco,103382078.29,123623492.69,20241414.4,19.58,2021-04-11,2022-12-26,2022-12-26,0,Delayed,102
PRJ-14211,Bridge Project 4211,Bridge,Neom,Al Fouzan,Ministry of Health,115168373.23,117811586.34,2643213.11,2.3,2018-03-19,2020-08-15,2020-11-08,85,Delayed,425
PRJ-14212,Metro Rail Project 4212,Metro Rail,Neom,Al Bawani,Ministry of Education,115836988.79,127562936.25,11725947.46,10.12,2019-12-20,2022-11-12,2022-11-12,0,Cancelled,25
PRJ-14213,Bridge Project 4213,Bridge,Dammam,Al Rashid Trading,Ministry of Housing,70657700.58,108807452.3,38149751.72,53.99,2023-04-01,2025-10-15,2025-10-27,12,On Hold,452
PRJ-14214,Residential Building Project 4214,Residential Building,Neom,SADEEM Construction,Aramco,128213020.05,138835665.79,10622645.74,8.29,2019-11-20,2021-06-08,2021-06-08,0,Delayed,72
PRJ-14215,Bridge Project 4215,Bridge,Riyadh,Saudi Binladin Group,Ministry of Education,55490917.54,84103843.15,28612925.61,51.56,2021-07-04,2023-03-11,2023-03-27,16,Delayed,274
PRJ-14216,Dam Project 4216,Dam,Tabuk,Al Fouzan,Royal Commission,46821045.84,46526403.86,-294641.98,-0.63,2018-01-11,2020-12-08,2021-03-03,85,Completed,165
PRJ-14217,Hospital Project 4217,Hospital,Riyadh,SADEEM Construction,Ministry of Education,99577002.29,104730722.48,5153720.19,5.18,2023-01-20,2023-10-17,2023-11-19,33,Delayed,356
PRJ-14218,School Project 4218,School,Dammam,SSEM,NEOM Co.,49050216.04,56429308.36,7379092.32,15.04,2020-05-29,2022-01-22,2022-01-22,0,Completed,157
PRJ-14219,Highway Project 4219,Highway,Riyadh,SADEEM Construction,Ministry of Transport,114389885.62,146094785.44,31704899.82,27.72,2021-02-07,2023-03-05,2023-03-16,11,Completed,359
PRJ-14220,Industrial Plant Project 4220,Industrial Plant,Abha,Nesma & Partners,Aramco,9721204.29,12041232.37,2320028.08,23.87,2022-12-01,2024-07-11,2024-07-18,7,Delayed,319
PRJ-14221,Bridge Project 4221,Bridge,Neom,SADEEM Construction,Aramco,13353073.42,15396089.73,2043016.31,15.3,2022-05-25,2023-11-01,2023-11-01,0,On Hold,239
PRJ-14222,Industrial Plant Project 4222,Industrial Plant,Riyadh,SSEM,Ministry of Health,107841928.41,127586718.0,19744789.59,18.31,2020-11-12,2022-09-10,2022-09-10,0,Delayed,282
PRJ-14223,Hospital Project 4223,Hospital,Jazan,SADEEM Construction,Aramco,104173302.44,134759630.41,30586327.97,29.36,2022-03-19,2025-02-21,2025-05-16,84,On Hold,244
PRJ-14224,Highway Project 4224,Highway,Abha,SADEEM Construction,Aramco,90232682.35,123050608.27,32817925.92,36.37,2020-07-05,2022-03-03,2022-06-24,113,On Hold,285
PRJ-14225,Metro Rail Project 4225,Metro Rail,Tabuk,Al Rashid Trading,Ministry of Education,5102592.04,8033393.11,2930801.07,57.44,2018-04-18,2019-11-13,2019-12-21,38,Cancelled,118
PRJ-14226,Commercial Complex Project 4226,Commercial Complex,Abha,SADEEM Construction,Royal Commission,119439247.34,165667349.31,46228101.97,38.7,2021-10-04,2023-11-25,2023-12-21,26,Delayed,136
PRJ-14227,Dam Project 4227,Dam,Qassim,Saudi Binladin Group,Private Developer,148533672.49,205540281.49,57006609.0,38.38,2018-01-06,2019-06-30,2019-07-02,2,Cancelled,112
PRJ-14228,School Project 4228,School,Tabuk,El Seif Engineering,Ministry of Education,42867955.34,46812969.77,3945014.43,9.2,2020-03-17,2021-07-02,2021-07-02,0,On Hold,470
PRJ-14229,Metro Rail Project 4229,Metro Rail,Dammam,Saudi Binladin Group,Ministry of Transport,91339724.59,86410763.57,-4928961.02,-5.4,2023-06-08,2025-07-21,2025-07-21,0,In Progress,185
PRJ-14230,Dam Project 4230,Dam,Jeddah,Nesma & Partners,Royal Commission,31408623.54,29919350.92,-1489272.62,-4.74,2022-12-30,2024-05-01,2024-05-30,29,Completed,89
PRJ-14231,Bridge Project 4231,Bridge,Riyadh,Saudi Binladin Group,Royal Commission,40144540.83,44627610.36,4483069.53,11.17,2021-09-13,2023-03-25,2023-05-18,54,Cancelled,68
PRJ-14232,Hospital Project 4232,Hospital,Medina,Nesma & Partners,Private Developer,73464993.36,86860754.57,13395761.21,18.23,2019-11-29,2020-08-30,2020-08-30,0,Completed,307
PRJ-14233,Airport Terminal Project 4233,Airport Terminal,Riyadh,Al Fouzan,Ministry of Education,34458788.78,46008210.78,11549422.0,33.52,2021-01-06,2023-07-15,2023-07-29,14,Completed,367
PRJ-14234,Bridge Project 4234,Bridge,Riyadh,Al Rashid Trading,Private Developer,113423169.96,132761368.56,19338198.6,17.05,2022-08-09,2023-01-20,2023-01-20,0,On Hold,183
PRJ-14235,Bridge Project 4235,Bridge,Dammam,AECOM Arabia,Royal Commission,137363211.64,155631422.95,18268211.31,13.3,2022-02-08,2023-07-27,2023-07-27,0,Cancelled,449
PRJ-14236,Dam Project 4236,Dam,Jazan,Saudi Binladin Group,Ministry of Education,34635460.07,40073890.37,5438430.3,15.7,2018-03-31,2020-09-26,2021-02-02,129,On Hold,60
PRJ-14237,Industrial Plant Project 4237,Industrial Plant,Medina,Al Rashid Trading,Ministry of Education,21661553.22,24111827.85,2450274.63,11.31,2018-04-15,2018-08-15,2018-08-15,0,Completed,383
PRJ-14238,Dam Project 4238,Dam,Mecca,SADEEM Construction,Ministry of Transport,99339022.73,150923296.07,51584273.34,51.93,2021-02-20,2022-06-21,2022-06-22,1,On Hold,132
PRJ-14239,Airport Terminal Project 4239,Airport Terminal,Jazan,Al Arrab,NEOM Co.,37687118.31,38805224.36,1118106.05,2.97,2018-06-12,2021-02-21,2021-02-21,0,On Hold,419
PRJ-14240,Industrial Plant Project 4240,Industrial Plant,Riyadh,Al Fouzan,Private Developer,100356093.45,103248921.68,2892828.23,2.88,2020-02-07,2023-01-27,2023-01-27,0,Completed,278
PRJ-14241,Highway Project 4241,Highway,Mecca,Al Bawani,Ministry of Education,66472526.52,77849621.12,11377094.6,17.12,2018-05-18,2019-06-26,2019-06-28,2,Delayed,461
PRJ-14242,Bridge Project 4242,Bridge,Jeddah,SADEEM Construction,Aramco,114844760.04,135608429.62,20763669.58,18.08,2022-02-12,2024-05-25,2024-08-07,74,In Progress,224
PRJ-14243,Bridge Project 4243,Bridge,Mecca,AECOM Arabia,NEOM Co.,63826081.12,102390922.73,38564841.61,60.42,2021-07-20,2022-01-10,2022-02-15,36,In Progress,305
PRJ-14244,Metro Rail Project 4244,Metro Rail,Qassim,Nesma & Partners,Aramco,40425610.57,48596247.62,8170637.05,20.21,2021-02-27,2022-04-14,2022-12-08,238,Completed,118
PRJ-14245,Highway Project 4245,Highway,Riyadh,SADEEM Construction,Private Developer,119497999.91,112145177.46,-7352822.45,-6.15,2020-11-13,2023-10-09,2023-11-06,28,On Hold,242
PRJ-14246,Dam Project 4246,Dam,Jeddah,Al Fouzan,Private Developer,94346043.97,90197071.53,-4148972.44,-4.4,2022-02-12,2022-09-03,2022-09-03,0,On Hold,209
PRJ-14247,Residential Building Project 4247,Residential Building,Mecca,Al Fouzan,Ministry of Health,76777282.14,81286487.18,4509205.04,5.87,2021-04-21,2023-02-01,2023-02-01,0,Completed,215
PRJ-14248,Industrial Plant Project 4248,Industrial Plant,Tabuk,SSEM,Ministry of Health,131492402.65,136587507.38,5095104.73,3.87,2023-03-01,2024-10-14,2024-10-14,0,On Hold,394
PRJ-14249,School Project 4249,School,Tabuk,SSEM,Ministry of Health,42276642.12,40978322.4,-1298319.72,-3.07,2020-03-31,2021-07-28,2021-07-28,0,On Hold,33
PRJ-14250,Airport Terminal Project 4250,Airport Terminal,Tabuk,Nesma & Partners,Ministry of Housing,131200655.56,124811610.87,-6389044.69,-4.87,2021-10-06,2023-05-31,2023-05-31,0,In Progress,310
PRJ-14251,School Project 4251,School,Mecca,Al Fouzan,Royal Commission,64167349.85,94238944.08,30071594.23,46.86,2019-01-14,2021-11-17,2021-11-23,6,Delayed,303
PRJ-14252,Metro Rail Project 4252,Metro Rail,Qassim,Al Bawani,Ministry of Education,71418709.68,81337319.55,9918609.87,13.89,2018-10-03,2020-06-25,2020-07-07,12,In Progress,249
PRJ-14253,Hospital Project 4253,Hospital,Mecca,SADEEM Construction,NEOM Co.,127906023.91,182175818.35,54269794.44,42.43,2018-01-11,2018-09-28,2018-10-22,24,Cancelled,195
PRJ-14254,Residential Building Project 4254,Residential Building,Abha,AECOM Arabia,NEOM Co.,134607258.18,149791931.93,15184673.75,11.28,2022-08-21,2024-07-20,2024-09-27,69,In Progress,340
PRJ-14255,Airport Terminal Project 4255,Airport Terminal,Abha,SADEEM Construction,Ministry of Housing,142891463.84,129668682.81,-13222781.03,-9.25,2020-02-18,2020-07-20,2020-07-20,0,On Hold,450
PRJ-14256,School Project 4256,School,Medina,AECOM Arabia,Ministry of Housing,56836916.37,66427558.16,9590641.79,16.87,2018-11-29,2019-11-05,2019-11-05,0,In Progress,38
PRJ-14257,Bridge Project 4257,Bridge,Jeddah,Al Bawani,Ministry of Transport,41558213.53,40807025.34,-751188.19,-1.81,2022-08-08,2024-06-08,2024-06-08,0,Completed,469
PRJ-14258,Commercial Complex Project 4258,Commercial Complex,Jeddah,El Seif Engineering,Private Developer,45742031.62,54920912.22,9178880.6,20.07,2018-02-13,2020-03-28,2020-04-25,28,Cancelled,175
PRJ-14259,Hospital Project 4259,Hospital,Qassim,SSEM,Royal Commission,109146858.03,127535177.68,18388319.65,16.85,2018-10-01,2020-01-14,2020-01-14,0,Cancelled,211
PRJ-14260,Commercial Complex Project 4260,Commercial Complex,Tabuk,El Seif Engineering,Private Developer,101292806.55,161678059.57,60385253.02,59.61,2020-04-23,2021-02-04,2021-02-10,6,Delayed,242
PRJ-14261,Airport Terminal Project 4261,Airport Terminal,Medina,Al Fouzan,Aramco,40041684.57,37838122.14,-2203562.43,-5.5,2020-07-16,2023-05-31,2023-05-31,0,In Progress,342
PRJ-14262,Airport Terminal Project 4262,Airport Terminal,Jazan,El Seif Engineering,Ministry of Transport,13950108.19,14912876.61,962768.42,6.9,2019-12-16,2021-02-14,2021-02-14,0,Cancelled,231
PRJ-14263,Bridge Project 4263,Bridge,Medina,Al Bawani,Royal Commission,17507488.14,16485624.47,-1021863.67,-5.84,2022-12-18,2025-03-14,2025-03-14,0,Delayed,44
PRJ-14264,Dam Project 4264,Dam,Qassim,Nesma & Partners,Royal Commission,45354556.85,60475385.5,15120828.65,33.34,2021-10-29,2024-09-20,2024-12-29,100,Cancelled,324
PRJ-14265,Metro Rail Project 4265,Metro Rail,Jeddah,Al Arrab,NEOM Co.,122603419.28,129958099.71,7354680.43,6.0,2022-10-29,2023-10-24,2023-12-05,42,On Hold,225
PRJ-14266,Highway Project 4266,Highway,Neom,Al Rashid Trading,Ministry of Health,37173919.45,44227204.47,7053285.02,18.97,2022-12-19,2025-06-16,2025-06-16,0,In Progress,230
PRJ-14267,Airport Terminal Project 4267,Airport Terminal,Tabuk,El Seif Engineering,Ministry of Education,1731318.12,1748255.29,16937.17,0.98,2021-04-23,2024-04-06,2024-06-08,63,Cancelled,382
PRJ-14268,Metro Rail Project 4268,Metro Rail,Riyadh,El Seif Engineering,Ministry of Housing,142119006.3,142501617.02,382610.72,0.27,2021-09-03,2022-04-15,2022-04-15,0,On Hold,426
PRJ-14269,Commercial Complex Project 4269,Commercial Complex,Neom,Saudi Binladin Group,Royal Commission,66332590.2,73770873.75,7438283.55,11.21,2022-01-15,2024-09-07,2024-09-07,0,Completed,106
PRJ-14270,Airport Terminal Project 4270,Airport Terminal,Jazan,Nesma & Partners,Aramco,88356523.2,114250704.05,25894180.85,29.31,2018-09-21,2021-07-14,2021-07-25,11,Delayed,336
PRJ-14271,Commercial Complex Project 4271,Commercial Complex,Neom,Saudi Binladin Group,Private Developer,109740679.21,100160371.0,-9580308.21,-8.73,2019-12-22,2022-09-27,2022-09-27,0,Delayed,427
PRJ-14272,Industrial Plant Project 4272,Industrial Plant,Abha,Nesma & Partners,NEOM Co.,2174296.14,2077473.2,-96822.94,-4.45,2018-07-12,2018-11-15,2018-12-03,18,In Progress,333
PRJ-14273,Bridge Project 4273,Bridge,Neom,Al Rashid Trading,Royal Commission,99819471.57,119412125.83,19592654.26,19.63,2020-12-04,2021-04-10,2021-04-17,7,In Progress,206
PRJ-14274,Highway Project 4274,Highway,Tabuk,Al Rashid Trading,Aramco,30051805.06,28334127.05,-1717678.01,-5.72,2019-07-21,2022-06-22,2023-01-17,209,Delayed,170
PRJ-14275,Metro Rail Project 4275,Metro Rail,Qassim,SADEEM Construction,Aramco,3954474.49,3523062.32,-431412.17,-10.91,2019-07-15,2021-08-31,2022-06-13,286,Delayed,280
PRJ-14276,Industrial Plant Project 4276,Industrial Plant,Medina,Al Fouzan,Ministry of Housing,143161637.01,202828916.66,59667279.65,41.68,2019-07-28,2021-03-08,2021-03-12,4,Cancelled,118
PRJ-14277,Bridge Project 4277,Bridge,Dammam,Al Bawani,Ministry of Housing,10654967.53,13394370.35,2739402.82,25.71,2021-04-11,2023-12-02,2023-12-05,3,Cancelled,415
PRJ-14278,Dam Project 4278,Dam,Riyadh,Nesma & Partners,Private Developer,69998204.06,112407901.33,42409697.27,60.59,2018-01-09,2019-01-10,2019-04-10,90,Completed,22
PRJ-14279,Metro Rail Project 4279,Metro Rail,Riyadh,SSEM,Ministry of Education,117051492.06,142096795.43,25045303.37,21.4,2021-10-02,2022-04-08,2022-05-05,27,Delayed,369
PRJ-14280,Bridge Project 4280,Bridge,Dammam,SSEM,Ministry of Education,53748690.88,71610834.72,17862143.84,33.23,2021-08-10,2023-08-14,2023-11-10,88,Delayed,141
PRJ-14281,Dam Project 4281,Dam,Abha,El Seif Engineering,Ministry of Education,87071342.89,77263474.83,-9807868.06,-11.26,2020-06-27,2021-02-02,2021-02-09,7,Delayed,174
PRJ-14282,Industrial Plant Project 4282,Industrial Plant,Qassim,El Seif Engineering,Private Developer,141805692.67,170744153.19,28938460.52,20.41,2023-04-05,2024-10-25,2024-11-05,11,On Hold,229
PRJ-14283,Commercial Complex Project 4283,Commercial Complex,Tabuk,Al Rashid Trading,Ministry of Transport,17638671.57,15382781.89,-2255889.68,-12.79,2022-04-30,2024-10-23,2024-12-16,54,Cancelled,146
PRJ-14284,Highway Project 4284,Highway,Jazan,Saudi Binladin Group,NEOM Co.,125181618.93,195189600.81,70007981.88,55.93,2018-05-22,2021-04-30,2021-05-04,4,Completed,116
PRJ-14285,Industrial Plant Project 4285,Industrial Plant,Medina,Al Rashid Trading,Ministry of Housing,109601009.28,142772236.36,33171227.08,30.27,2018-11-19,2020-05-09,2020-05-14,5,Cancelled,323
PRJ-14286,Hospital Project 4286,Hospital,Qassim,Nesma & Partners,Private Developer,47242119.0,72627471.32,25385352.32,53.73,2020-07-03,2023-01-10,2023-01-15,5,Cancelled,45
PRJ-14287,Highway Project 4287,Highway,Neom,AECOM Arabia,Ministry of Housing,60826653.59,62016612.37,1189958.78,1.96,2020-07-10,2021-05-22,2021-05-22,0,Completed,85
PRJ-14288,Dam Project 4288,Dam,Tabuk,AECOM Arabia,Ministry of Transport,25898057.88,26284449.21,386391.33,1.49,2021-11-28,2023-09-29,2023-09-29,0,Completed,495
PRJ-14289,Industrial Plant Project 4289,Industrial Plant,Dammam,El Seif Engineering,Aramco,130806718.53,131975949.18,1169230.65,0.89,2023-04-10,2024-09-12,2024-09-12,0,Completed,436
PRJ-14290,School Project 4290,School,Tabuk,AECOM Arabia,Aramco,142764732.59,169018120.41,26253387.82,18.39,2018-01-08,2018-05-24,2018-05-24,0,In Progress,211
PRJ-14291,Industrial Plant Project 4291,Industrial Plant,Medina,Al Arrab,Private Developer,22162349.57,34133104.58,11970755.01,54.01,2019-05-30,2020-06-20,2020-06-25,5,Cancelled,423
PRJ-14292,School Project 4292,School,Neom,El Seif Engineering,Private Developer,59217757.38,53373686.87,-5844070.51,-9.87,2018-11-17,2019-07-15,2019-07-15,0,Completed,333
PRJ-14293,Residential Building Project 4293,Residential Building,Jazan,Nesma & Partners,NEOM Co.,41443837.05,44729864.93,3286027.88,7.93,2022-12-27,2025-10-23,2025-10-23,0,Cancelled,132
PRJ-14294,Hospital Project 4294,Hospital,Dammam,SSEM,Ministry of Housing,119990261.91,112602832.44,-7387429.47,-6.16,2021-07-08,2024-02-20,2024-02-24,4,On Hold,481
PRJ-14295,Airport Terminal Project 4295,Airport Terminal,Tabuk,SSEM,Aramco,138352851.71,155694622.16,17341770.45,12.53,2021-05-17,2021-10-11,2021-10-11,0,Delayed,121
PRJ-14296,Residential Building Project 4296,Residential Building,Riyadh,Saudi Binladin Group,Ministry of Housing,88672050.32,100266456.21,11594405.89,13.08,2018-05-03,2021-02-07,2021-02-07,0,In Progress,185
PRJ-14297,Airport Terminal Project 4297,Airport Terminal,Abha,SSEM,Ministry of Education,64613727.02,74140529.55,9526802.53,14.74,2019-11-09,2022-07-31,2022-09-11,42,On Hold,71
PRJ-14298,Dam Project 4298,Dam,Dammam,Al Bawani,Private Developer,36992138.59,41383254.39,4391115.8,11.87,2020-08-05,2023-07-18,2023-07-18,0,Delayed,421
PRJ-14299,School Project 4299,School,Medina,Al Rashid Trading,NEOM Co.,63241007.68,75535890.01,12294882.33,19.44,2019-08-11,2021-11-06,2021-11-06,0,On Hold,448
PRJ-14300,Airport Terminal Project 4300,Airport Terminal,Mecca,El Seif Engineering,Royal Commission,52748034.76,84205382.3,31457347.54,59.64,2022-03-14,2023-04-11,2023-06-26,76,Completed,248
PRJ-14301,Hospital Project 4301,Hospital,Jazan,Al Rashid Trading,Royal Commission,36657015.59,43858638.36,7201622.77,19.65,2022-03-29,2025-03-19,2025-05-06,48,Delayed,65
PRJ-14302,Dam Project 4302,Dam,Abha,AECOM Arabia,Ministry of Health,137669946.72,142493527.44,4823580.72,3.5,2021-12-12,2023-03-14,2023-03-14,0,Cancelled,219
PRJ-14303,Hospital Project 4303,Hospital,Abha,Saudi Binladin Group,Ministry of Housing,111773405.74,115377047.92,3603642.18,3.22,2023-03-17,2025-08-27,2025-09-14,18,In Progress,371
PRJ-14304,Bridge Project 4304,Bridge,Jazan,Al Fouzan,NEOM Co.,30302844.28,31140092.42,837248.14,2.76,2021-03-12,2021-12-13,2021-12-13,0,Cancelled,141
PRJ-14305,Highway Project 4305,Highway,Jeddah,Saudi Binladin Group,NEOM Co.,113446451.22,122694769.92,9248318.7,8.15,2023-06-12,2024-03-16,2024-03-16,0,Delayed,183
PRJ-14306,Hospital Project 4306,Hospital,Jazan,AECOM Arabia,Royal Commission,103450078.84,127776186.61,24326107.77,23.51,2022-01-15,2024-08-21,2024-08-30,9,In Progress,258
PRJ-14307,School Project 4307,School,Abha,Saudi Binladin Group,Private Developer,7137092.11,11718489.53,4581397.42,64.19,2019-08-07,2020-01-15,2020-03-06,51,In Progress,39
PRJ-14308,Highway Project 4308,Highway,Neom,SSEM,Ministry of Housing,61328419.86,58319512.16,-3008907.7,-4.91,2018-06-08,2020-03-17,2020-03-17,0,In Progress,312
PRJ-14309,Airport Terminal Project 4309,Airport Terminal,Dammam,El Seif Engineering,Ministry of Housing,98052768.22,145146706.38,47093938.16,48.03,2022-05-15,2024-05-08,2024-06-05,28,In Progress,169
PRJ-14310,Bridge Project 4310,Bridge,Neom,Nesma & Partners,NEOM Co.,38455659.64,53852814.19,15397154.55,40.04,2021-07-30,2023-07-11,2023-08-23,43,Delayed,300
PRJ-14311,School Project 4311,School,Dammam,Al Bawani,Private Developer,48760767.41,51864216.88,3103449.47,6.36,2020-08-01,2020-11-25,2020-11-25,0,Cancelled,424
PRJ-14312,Hospital Project 4312,Hospital,Medina,AECOM Arabia,Ministry of Housing,22517434.37,35013661.82,12496227.45,55.5,2021-01-22,2023-11-21,2023-12-09,18,Delayed,394
PRJ-14313,Dam Project 4313,Dam,Abha,SSEM,Ministry of Housing,63468111.28,73107014.1,9638902.82,15.19,2023-05-02,2023-09-20,2023-09-20,0,Delayed,165
PRJ-14314,School Project 4314,School,Abha,Al Arrab,Ministry of Health,88742878.11,84976897.83,-3765980.28,-4.24,2019-09-25,2021-09-06,2021-09-06,0,Completed,358
PRJ-14315,Metro Rail Project 4315,Metro Rail,Mecca,Al Rashid Trading,Ministry of Health,87375383.58,91900991.46,4525607.88,5.18,2018-11-22,2020-07-21,2020-07-21,0,Completed,281
PRJ-14316,Hospital Project 4316,Hospital,Tabuk,AECOM Arabia,NEOM Co.,60096879.61,71116659.99,11019780.38,18.34,2022-06-01,2023-08-07,2023-08-10,3,On Hold,415
PRJ-14317,Highway Project 4317,Highway,Abha,Al Arrab,NEOM Co.,11377975.25,10577315.27,-800659.98,-7.04,2022-07-12,2023-05-13,2023-05-13,0,On Hold,386
PRJ-14318,Highway Project 4318,Highway,Jazan,Al Rashid Trading,Private Developer,62679521.67,62153919.07,-525602.6,-0.84,2022-08-23,2024-11-25,2024-11-25,0,Cancelled,374
PRJ-14319,Highway Project 4319,Highway,Jazan,Saudi Binladin Group,Private Developer,138868876.72,202232870.11,63363993.39,45.63,2018-12-29,2020-07-19,2020-08-02,14,In Progress,139
PRJ-14320,Industrial Plant Project 4320,Industrial Plant,Abha,Al Arrab,Ministry of Health,79772005.19,84406183.25,4634178.06,5.81,2018-04-05,2018-10-19,2018-11-24,36,Delayed,316
PRJ-14321,School Project 4321,School,Jeddah,Al Bawani,Ministry of Housing,141314793.44,149656118.03,8341324.59,5.9,2020-02-15,2023-02-12,2023-02-12,0,Cancelled,426
PRJ-14322,Airport Terminal Project 4322,Airport Terminal,Abha,Al Bawani,Ministry of Education,124782948.66,125970097.2,1187148.54,0.95,2021-06-15,2024-05-05,2024-05-05,0,Delayed,319
PRJ-14323,Industrial Plant Project 4323,Industrial Plant,Riyadh,Al Rashid Trading,Royal Commission,15481596.68,17062476.61,1580879.93,10.21,2020-12-01,2021-05-25,2021-05-25,0,Delayed,223
PRJ-14324,Commercial Complex Project 4324,Commercial Complex,Medina,SADEEM Construction,Private Developer,1660067.43,1667108.64,7041.21,0.42,2022-10-07,2023-02-22,2023-03-13,19,In Progress,454
PRJ-14325,Commercial Complex Project 4325,Commercial Complex,Qassim,Al Rashid Trading,Ministry of Housing,94292637.91,115180562.3,20887924.39,22.15,2020-03-20,2020-10-20,2021-02-13,116,On Hold,225
PRJ-14326,Metro Rail Project 4326,Metro Rail,Jeddah,Nesma & Partners,Ministry of Transport,122715989.35,152986590.93,30270601.58,24.67,2023-06-01,2025-01-16,2025-02-06,21,In Progress,333
PRJ-14327,Metro Rail Project 4327,Metro Rail,Qassim,Saudi Binladin Group,Aramco,139598312.23,162909800.97,23311488.74,16.7,2021-10-11,2024-03-13,2024-03-13,0,Completed,49
PRJ-14328,School Project 4328,School,Medina,El Seif Engineering,Royal Commission,117977169.55,151719434.33,33742264.78,28.6,2018-03-05,2018-12-04,2018-12-14,10,Cancelled,60
PRJ-14329,Hospital Project 4329,Hospital,Dammam,Al Rashid Trading,Aramco,33972636.38,42036736.45,8064100.07,23.74,2019-02-04,2021-12-10,2021-12-27,17,In Progress,357
PRJ-14330,Commercial Complex Project 4330,Commercial Complex,Mecca,Saudi Binladin Group,NEOM Co.,124830186.01,147511337.72,22681151.71,18.17,2018-12-10,2019-05-30,2019-08-05,67,Completed,291
PRJ-14331,Metro Rail Project 4331,Metro Rail,Abha,SSEM,NEOM Co.,3146814.54,3113530.5,-33284.04,-1.06,2022-09-04,2023-01-07,2023-03-07,59,Cancelled,19
PRJ-14332,Bridge Project 4332,Bridge,Jeddah,SSEM,Ministry of Education,93471353.6,95326941.54,1855587.94,1.99,2019-10-18,2021-10-27,2021-10-27,0,Completed,13
PRJ-14333,Residential Building Project 4333,Residential Building,Jeddah,AECOM Arabia,Aramco,147901065.17,175847640.18,27946575.01,18.9,2020-08-06,2023-07-06,2023-07-09,3,In Progress,430
PRJ-14334,Highway Project 4334,Highway,Mecca,SADEEM Construction,Ministry of Transport,46418917.55,54380989.09,7962071.54,17.15,2019-03-24,2020-03-11,2020-03-11,0,On Hold,68
PRJ-14335,Hospital Project 4335,Hospital,Jeddah,Al Fouzan,Private Developer,130466346.13,119370213.35,-11096132.78,-8.5,2020-10-06,2023-01-10,2023-01-18,8,Completed,248
PRJ-14336,Residential Building Project 4336,Residential Building,Qassim,SSEM,Ministry of Housing,94257189.91,130797640.26,36540450.35,38.77,2020-09-15,2021-04-29,2021-05-11,12,Completed,442
PRJ-14337,Industrial Plant Project 4337,Industrial Plant,Riyadh,Saudi Binladin Group,Ministry of Transport,5301903.53,5072433.9,-229469.63,-4.33,2022-02-09,2024-03-12,2024-12-19,282,Cancelled,487
PRJ-14338,Bridge Project 4338,Bridge,Mecca,AECOM Arabia,Aramco,103112648.8,158388260.94,55275612.14,53.61,2022-09-11,2023-06-11,2023-06-18,7,Completed,22
PRJ-14339,Hospital Project 4339,Hospital,Neom,Al Rashid Trading,NEOM Co.,9259337.71,15267242.31,6007904.6,64.88,2021-11-30,2022-11-26,2022-12-03,7,Delayed,105
PRJ-14340,Dam Project 4340,Dam,Abha,Nesma & Partners,Royal Commission,65244877.34,72479862.15,7234984.81,11.09,2021-09-04,2022-05-03,2022-05-03,0,Completed,122
PRJ-14341,Commercial Complex Project 4341,Commercial Complex,Jeddah,Al Arrab,Ministry of Education,27808125.8,30115105.17,2306979.37,8.3,2019-12-11,2021-10-08,2021-10-08,0,In Progress,95
PRJ-14342,School Project 4342,School,Jazan,Saudi Binladin Group,Aramco,109052857.22,165009807.36,55956950.14,51.31,2022-04-01,2024-08-05,2024-08-16,11,Completed,67
PRJ-14343,School Project 4343,School,Jazan,Al Bawani,Ministry of Health,90710927.98,105342456.22,14631528.24,16.13,2018-10-05,2021-01-26,2021-06-16,141,Completed,180
PRJ-14344,Bridge Project 4344,Bridge,Qassim,Al Arrab,Private Developer,83867537.8,82393837.06,-1473700.74,-1.76,2018-12-13,2021-04-23,2021-05-18,25,Completed,97
PRJ-14345,Highway Project 4345,Highway,Riyadh,AECOM Arabia,Private Developer,60708489.3,60892386.02,183896.72,0.3,2020-09-16,2021-03-10,2021-03-10,0,Delayed,116
PRJ-14346,Residential Building Project 4346,Residential Building,Mecca,Saudi Binladin Group,Royal Commission,60434957.03,74699463.81,14264506.78,23.6,2019-02-09,2021-07-28,2021-09-08,42,Completed,41
PRJ-14347,Hospital Project 4347,Hospital,Riyadh,SSEM,Royal Commission,141077264.91,166832734.24,25755469.33,18.26,2019-10-17,2022-04-08,2022-04-18,10,Delayed,93
PRJ-14348,Airport Terminal Project 4348,Airport Terminal,Mecca,Al Arrab,Ministry of Education,118150043.17,152132655.99,33982612.82,28.76,2018-05-08,2019-11-06,2019-11-29,23,Delayed,233
PRJ-14349,Dam Project 4349,Dam,Neom,SSEM,Ministry of Housing,8474354.37,9038636.09,564281.72,6.66,2018-01-15,2020-05-05,2020-05-20,15,Completed,343
PRJ-14350,Dam Project 4350,Dam,Abha,SADEEM Construction,Private Developer,149900600.86,233484760.35,83584159.49,55.76,2018-03-24,2020-10-19,2020-10-30,11,Delayed,177
PRJ-14351,Residential Building Project 4351,Residential Building,Jeddah,SSEM,NEOM Co.,101596943.39,130534547.06,28937603.67,28.48,2018-12-09,2020-06-03,2020-06-15,12,On Hold,134
PRJ-14352,Highway Project 4352,Highway,Qassim,Nesma & Partners,Ministry of Housing,126160114.05,146977856.21,20817742.16,16.5,2022-10-01,2023-04-29,2023-04-29,0,In Progress,15
PRJ-14353,Hospital Project 4353,Hospital,Jeddah,El Seif Engineering,NEOM Co.,24478884.31,27371763.22,2892878.91,11.82,2022-08-20,2023-01-21,2023-11-18,301,In Progress,445
PRJ-14354,School Project 4354,School,Qassim,Saudi Binladin Group,Aramco,6785697.01,10408282.36,3622585.35,53.39,2021-06-19,2024-03-12,2024-04-08,27,In Progress,165
PRJ-14355,Residential Building Project 4355,Residential Building,Abha,Al Fouzan,Aramco,57545370.98,77810567.86,20265196.88,35.22,2021-10-13,2022-03-19,2022-04-28,40,Delayed,448
PRJ-14356,Dam Project 4356,Dam,Jeddah,El Seif Engineering,Ministry of Education,56659485.96,80312502.97,23653017.01,41.75,2021-09-30,2022-02-17,2022-02-21,4,On Hold,300
PRJ-14357,School Project 4357,School,Qassim,Al Bawani,Ministry of Health,128257492.76,110853308.48,-17404184.28,-13.57,2019-02-04,2022-01-03,2022-02-06,34,Delayed,434
PRJ-14358,Residential Building Project 4358,Residential Building,Jazan,AECOM Arabia,Ministry of Housing,32826817.71,42881963.47,10055145.76,30.63,2021-07-23,2022-09-01,2022-09-03,2,In Progress,287
PRJ-14359,Airport Terminal Project 4359,Airport Terminal,Jeddah,AECOM Arabia,Ministry of Housing,113593412.99,172738124.47,59144711.48,52.07,2018-09-12,2021-07-03,2021-07-06,3,Delayed,430
PRJ-14360,Hospital Project 4360,Hospital,Abha,SSEM,Ministry of Health,83548592.27,135943709.01,52395116.74,62.71,2020-06-18,2022-01-04,2022-11-15,315,Delayed,76
PRJ-14361,Industrial Plant Project 4361,Industrial Plant,Neom,Al Arrab,Ministry of Housing,13010307.74,12371269.48,-639038.26,-4.91,2020-09-18,2021-03-25,2021-06-02,69,Completed,240
PRJ-14362,School Project 4362,School,Mecca,Al Fouzan,Aramco,59247341.59,93314763.82,34067422.23,57.5,2023-01-17,2025-11-26,2026-01-22,57,Completed,76
PRJ-14363,Highway Project 4363,Highway,Medina,Al Bawani,Ministry of Housing,76202565.19,82163997.9,5961432.71,7.82,2021-12-12,2022-11-24,2022-11-24,0,Delayed,241
PRJ-14364,Airport Terminal Project 4364,Airport Terminal,Dammam,SSEM,Ministry of Education,106368026.52,100752745.19,-5615281.33,-5.28,2018-10-06,2020-11-06,2020-12-29,53,In Progress,40
PRJ-14365,Metro Rail Project 4365,Metro Rail,Tabuk,AECOM Arabia,NEOM Co.,121605361.58,147203136.98,25597775.4,21.05,2019-07-03,2021-03-28,2021-04-16,19,In Progress,194
PRJ-14366,Airport Terminal Project 4366,Airport Terminal,Jazan,Nesma & Partners,Ministry of Education,63873012.92,102582641.95,38709629.03,60.6,2018-12-18,2021-11-22,2021-12-13,21,In Progress,120
PRJ-14367,Hospital Project 4367,Hospital,Jazan,Saudi Binladin Group,NEOM Co.,82456464.03,81980863.76,-475600.27,-0.58,2023-01-20,2025-04-05,2025-07-05,91,Cancelled,134
PRJ-14368,Metro Rail Project 4368,Metro Rail,Qassim,Al Arrab,Ministry of Health,108758328.84,151533312.92,42774984.08,39.33,2022-01-02,2022-10-19,2022-12-08,50,On Hold,156
PRJ-14369,Airport Terminal Project 4369,Airport Terminal,Mecca,SADEEM Construction,NEOM Co.,91234880.89,140387160.78,49152279.89,53.87,2020-07-20,2022-09-11,2022-10-05,24,Delayed,380
PRJ-14370,School Project 4370,School,Tabuk,Nesma & Partners,Ministry of Transport,123336166.28,188564980.03,65228813.75,52.89,2018-06-08,2020-05-15,2020-05-18,3,On Hold,217
PRJ-14371,Highway Project 4371,Highway,Dammam,SSEM,Ministry of Transport,62403258.61,60912385.42,-1490873.19,-2.39,2023-06-17,2024-08-21,2024-08-21,0,In Progress,448
PRJ-14372,Industrial Plant Project 4372,Industrial Plant,Riyadh,Al Arrab,NEOM Co.,130530400.92,195363774.46,64833373.54,49.67,2022-10-12,2023-03-08,2023-03-24,16,In Progress,148
PRJ-14373,Residential Building Project 4373,Residential Building,Jeddah,SADEEM Construction,NEOM Co.,39878839.99,41818457.35,1939617.36,4.86,2020-02-06,2020-08-08,2020-08-08,0,Delayed,100
PRJ-14374,School Project 4374,School,Medina,Al Arrab,NEOM Co.,15484124.37,16581331.11,1097206.74,7.09,2022-11-15,2025-05-11,2025-06-22,42,In Progress,109
PRJ-14375,Hospital Project 4375,Hospital,Jazan,Saudi Binladin Group,Private Developer,66825024.17,72126079.51,5301055.34,7.93,2019-06-30,2020-07-06,2020-07-08,2,Completed,388
PRJ-14376,Industrial Plant Project 4376,Industrial Plant,Medina,SADEEM Construction,Private Developer,117332791.37,160479302.88,43146511.51,36.77,2018-10-29,2021-09-09,2021-09-13,4,Delayed,145
PRJ-14377,Metro Rail Project 4377,Metro Rail,Mecca,SADEEM Construction,Royal Commission,137655164.99,206319949.8,68664784.81,49.88,2021-08-06,2023-03-08,2023-04-11,34,Completed,333
PRJ-14378,Airport Terminal Project 4378,Airport Terminal,Qassim,SADEEM Construction,NEOM Co.,16791258.58,16375163.6,-416094.98,-2.48,2021-07-04,2024-02-25,2024-02-25,0,Cancelled,66
PRJ-14379,Hospital Project 4379,Hospital,Jeddah,Nesma & Partners,Aramco,134233558.41,182778193.38,48544634.97,36.16,2023-02-07,2023-09-10,2023-10-17,37,Cancelled,98
PRJ-14380,Industrial Plant Project 4380,Industrial Plant,Abha,SADEEM Construction,NEOM Co.,99733127.05,102152669.3,2419542.25,2.43,2021-05-06,2023-03-27,2023-03-27,0,In Progress,139
PRJ-14381,Dam Project 4381,Dam,Medina,Al Fouzan,Ministry of Transport,7161216.43,9975363.87,2814147.44,39.3,2023-02-02,2025-02-28,2025-04-15,46,On Hold,201
PRJ-14382,Metro Rail Project 4382,Metro Rail,Jeddah,Al Fouzan,Ministry of Transport,71184267.38,79650050.85,8465783.47,11.89,2018-01-05,2020-08-26,2020-11-03,69,Completed,143
PRJ-14383,Hospital Project 4383,Hospital,Jeddah,Al Bawani,Ministry of Transport,44501100.76,66199397.99,21698297.23,48.76,2019-07-24,2022-03-17,2022-05-17,61,In Progress,34
PRJ-14384,Hospital Project 4384,Hospital,Jazan,Al Bawani,NEOM Co.,77489481.69,72779703.68,-4709778.01,-6.08,2019-10-27,2020-10-17,2020-10-17,0,Completed,380
PRJ-14385,Airport Terminal Project 4385,Airport Terminal,Jeddah,Nesma & Partners,Private Developer,32653184.98,35816246.67,3163061.69,9.69,2019-09-07,2021-01-23,2021-01-23,0,On Hold,283
PRJ-14386,School Project 4386,School,Dammam,SADEEM Construction,Ministry of Transport,58063665.06,66827908.32,8764243.26,15.09,2018-04-08,2020-08-07,2020-08-07,0,Delayed,333
PRJ-14387,School Project 4387,School,Riyadh,Al Arrab,Ministry of Health,142518273.9,164186230.42,21667956.52,15.2,2022-03-03,2024-06-24,2024-08-12,49,Completed,203
PRJ-14388,Metro Rail Project 4388,Metro Rail,Abha,Al Rashid Trading,Ministry of Education,118408621.17,116476200.79,-1932420.38,-1.63,2019-09-26,2022-07-17,2022-07-29,12,In Progress,419
PRJ-14389,Commercial Complex Project 4389,Commercial Complex,Qassim,SSEM,Ministry of Housing,5492284.13,8638525.05,3146240.92,57.28,2019-11-24,2021-03-23,2021-12-19,271,Delayed,234
PRJ-14390,Commercial Complex Project 4390,Commercial Complex,Tabuk,AECOM Arabia,Ministry of Housing,36228494.87,34850143.72,-1378351.15,-3.8,2018-08-09,2019-02-19,2019-02-19,0,In Progress,382
PRJ-14391,Bridge Project 4391,Bridge,Jeddah,Al Arrab,Ministry of Housing,145488207.39,215122605.45,69634398.06,47.86,2023-02-07,2023-05-09,2024-02-26,293,On Hold,94
PRJ-14392,Airport Terminal Project 4392,Airport Terminal,Neom,Al Bawani,Ministry of Health,48544808.38,44236281.25,-4308527.13,-8.88,2023-05-25,2025-11-08,2025-11-08,0,In Progress,67
PRJ-14393,Highway Project 4393,Highway,Riyadh,Al Bawani,Ministry of Health,137711479.76,177843831.13,40132351.37,29.14,2018-06-13,2021-03-08,2021-03-12,4,Cancelled,161
PRJ-14394,Highway Project 4394,Highway,Tabuk,Saudi Binladin Group,Ministry of Education,41471104.01,38135078.85,-3336025.16,-8.04,2020-03-20,2022-03-13,2022-03-13,0,On Hold,268
PRJ-14395,Industrial Plant Project 4395,Industrial Plant,Dammam,Saudi Binladin Group,Ministry of Housing,7963411.61,7223559.79,-739851.82,-9.29,2018-05-19,2020-06-09,2020-06-12,3,Delayed,79
PRJ-14396,Industrial Plant Project 4396,Industrial Plant,Abha,Saudi Binladin Group,Ministry of Education,114203438.27,128400487.16,14197048.89,12.43,2022-09-21,2023-08-05,2023-08-24,19,Cancelled,479
PRJ-14397,School Project 4397,School,Jeddah,Al Fouzan,Royal Commission,63046152.06,74311492.0,11265339.94,17.87,2020-11-28,2021-08-18,2021-08-18,0,Cancelled,372
PRJ-14398,Metro Rail Project 4398,Metro Rail,Mecca,SSEM,Royal Commission,136657396.0,152332401.65,15675005.65,11.47,2020-08-21,2022-09-25,2022-09-25,0,On Hold,369
PRJ-14399,Metro Rail Project 4399,Metro Rail,Qassim,Nesma & Partners,Ministry of Transport,132760015.42,153322877.11,20562861.69,15.49,2019-11-28,2020-03-26,2020-04-06,11,On Hold,347
PRJ-14400,Metro Rail Project 4400,Metro Rail,Qassim,Al Rashid Trading,Ministry of Health,92249971.19,113961912.45,21711941.26,23.54,2020-06-08,2021-12-04,2022-01-02,29,Completed,30
PRJ-14401,Hospital Project 4401,Hospital,Neom,Al Rashid Trading,Private Developer,60398348.34,91014204.73,30615856.39,50.69,2021-10-09,2024-01-24,2024-05-31,128,Delayed,428
PRJ-14402,Bridge Project 4402,Bridge,Neom,Saudi Binladin Group,Ministry of Transport,65529539.58,73274327.97,7744788.39,11.82,2023-06-16,2024-08-28,2024-08-28,0,In Progress,281
PRJ-14403,Hospital Project 4403,Hospital,Qassim,Al Arrab,Ministry of Health,40799473.14,46182752.3,5383279.16,13.19,2022-01-07,2023-06-16,2023-06-19,3,In Progress,192
PRJ-14404,Industrial Plant Project 4404,Industrial Plant,Jazan,Al Arrab,Ministry of Housing,60744433.62,69518213.86,8773780.24,14.44,2020-09-22,2023-07-07,2023-07-07,0,In Progress,54
PRJ-14405,Residential Building Project 4405,Residential Building,Jeddah,Al Bawani,Private Developer,54199413.66,49276510.72,-4922902.94,-9.08,2020-03-08,2020-10-16,2020-11-11,26,Delayed,439
PRJ-14406,Industrial Plant Project 4406,Industrial Plant,Jeddah,Al Bawani,Ministry of Housing,26662025.9,35645796.12,8983770.22,33.7,2022-05-27,2025-02-07,2025-04-14,66,Cancelled,160
PRJ-14407,Residential Building Project 4407,Residential Building,Qassim,Al Fouzan,Ministry of Transport,142567465.5,163594469.01,21027003.51,14.75,2020-04-10,2021-06-03,2021-12-20,200,Delayed,338
PRJ-14408,Bridge Project 4408,Bridge,Jazan,SSEM,Royal Commission,45171058.08,74482067.18,29311009.1,64.89,2022-08-13,2022-12-19,2023-02-15,58,Delayed,406
PRJ-14409,Hospital Project 4409,Hospital,Jazan,Al Rashid Trading,Ministry of Education,94631364.52,139618801.7,44987437.18,47.54,2022-10-27,2025-07-09,2025-08-25,47,Delayed,382
PRJ-14410,Highway Project 4410,Highway,Tabuk,El Seif Engineering,NEOM Co.,53623286.38,81316794.17,27693507.79,51.64,2023-04-16,2024-01-05,2024-01-30,25,Cancelled,434
PRJ-14411,Industrial Plant Project 4411,Industrial Plant,Abha,SSEM,Ministry of Housing,103373024.5,103477607.06,104582.56,0.1,2021-09-13,2022-03-06,2022-03-06,0,In Progress,446
PRJ-14412,Highway Project 4412,Highway,Jazan,AECOM Arabia,NEOM Co.,22099116.64,34792663.21,12693546.57,57.44,2019-07-15,2021-07-10,2021-07-17,7,On Hold,177
PRJ-14413,Highway Project 4413,Highway,Medina,AECOM Arabia,Ministry of Health,6015546.69,5810658.45,-204888.24,-3.41,2019-06-06,2021-01-24,2021-01-24,0,Cancelled,325
PRJ-14414,Residential Building Project 4414,Residential Building,Dammam,Saudi Binladin Group,Ministry of Transport,46780618.16,59752011.21,12971393.05,27.73,2020-11-24,2023-01-03,2023-04-01,88,Completed,296
PRJ-14415,Industrial Plant Project 4415,Industrial Plant,Jeddah,Al Fouzan,Aramco,33131287.69,34437933.58,1306645.89,3.94,2018-09-21,2021-08-09,2021-08-14,5,Delayed,250
PRJ-14416,Hospital Project 4416,Hospital,Medina,Al Bawani,Royal Commission,75628179.19,74217965.92,-1410213.27,-1.86,2021-12-19,2022-05-28,2022-05-28,0,Cancelled,455
PRJ-14417,Dam Project 4417,Dam,Abha,Al Rashid Trading,Royal Commission,142166573.99,127528650.48,-14637923.51,-10.3,2021-06-13,2022-02-22,2022-06-13,111,On Hold,392
PRJ-14418,Highway Project 4418,Highway,Riyadh,SADEEM Construction,Ministry of Housing,109525327.67,150355400.05,40830072.38,37.28,2019-12-27,2021-08-31,2021-09-11,11,In Progress,114
PRJ-14419,Industrial Plant Project 4419,Industrial Plant,Abha,El Seif Engineering,Aramco,42299358.39,62083699.06,19784340.67,46.77,2021-05-11,2023-01-30,2023-02-24,25,On Hold,83
PRJ-14420,Airport Terminal Project 4420,Airport Terminal,Dammam,Al Arrab,Royal Commission,139237306.9,136221168.31,-3016138.59,-2.17,2023-01-04,2024-12-11,2024-12-11,0,Cancelled,31
PRJ-14421,Industrial Plant Project 4421,Industrial Plant,Jeddah,AECOM Arabia,Aramco,50561114.17,52547151.0,1986036.83,3.93,2018-06-24,2020-01-27,2020-01-27,0,Completed,135
PRJ-14422,Bridge Project 4422,Bridge,Medina,Saudi Binladin Group,Royal Commission,139112638.24,128248306.24,-10864332.0,-7.81,2019-07-31,2020-08-22,2020-10-30,69,In Progress,224
PRJ-14423,School Project 4423,School,Riyadh,Nesma & Partners,Ministry of Housing,20223508.95,21207438.34,983929.39,4.87,2021-05-23,2023-05-28,2023-05-28,0,On Hold,476
PRJ-14424,Airport Terminal Project 4424,Airport Terminal,Qassim,Saudi Binladin Group,NEOM Co.,16439581.28,15925158.88,-514422.4,-3.13,2023-02-04,2025-04-04,2025-04-16,12,On Hold,258
PRJ-14425,School Project 4425,School,Jazan,SSEM,Ministry of Education,95588033.09,113257350.01,17669316.92,18.48,2019-05-07,2020-11-12,2020-11-12,0,On Hold,203
PRJ-14426,Industrial Plant Project 4426,Industrial Plant,Tabuk,Al Fouzan,Private Developer,149511698.66,151391410.53,1879711.87,1.26,2021-06-18,2022-08-20,2022-08-20,0,Cancelled,66
PRJ-14427,Metro Rail Project 4427,Metro Rail,Tabuk,SADEEM Construction,Ministry of Transport,90052389.25,104179834.74,14127445.49,15.69,2022-04-30,2023-07-30,2023-07-30,0,Completed,81
PRJ-14428,School Project 4428,School,Neom,Al Rashid Trading,Royal Commission,18060579.88,21258655.79,3198075.91,17.71,2019-02-25,2020-06-09,2021-02-17,253,In Progress,108
PRJ-14429,Bridge Project 4429,Bridge,Medina,El Seif Engineering,Ministry of Transport,31318850.96,36712047.76,5393196.8,17.22,2021-10-22,2023-01-28,2023-09-12,227,Cancelled,171
PRJ-14430,Hospital Project 4430,Hospital,Riyadh,SSEM,Ministry of Housing,11856062.9,12474879.85,618816.95,5.22,2020-02-11,2020-10-04,2020-11-08,35,On Hold,17
PRJ-14431,School Project 4431,School,Jazan,SADEEM Construction,Aramco,47055143.93,44058878.91,-2996265.02,-6.37,2021-07-18,2022-09-08,2022-09-08,0,Delayed,166
PRJ-14432,Airport Terminal Project 4432,Airport Terminal,Jazan,Al Arrab,NEOM Co.,129766537.53,135999650.45,6233112.92,4.8,2023-03-25,2023-10-10,2023-10-10,0,Delayed,297
PRJ-14433,Bridge Project 4433,Bridge,Mecca,Nesma & Partners,Ministry of Education,86035958.23,92129868.37,6093910.14,7.08,2022-12-05,2025-02-15,2025-02-15,0,In Progress,37
PRJ-14434,Highway Project 4434,Highway,Neom,SADEEM Construction,Ministry of Housing,61868720.62,89468740.4,27600019.78,44.61,2021-03-06,2022-08-25,2022-08-31,6,In Progress,186
PRJ-14435,Highway Project 4435,Highway,Riyadh,Nesma & Partners,Ministry of Transport,19494911.67,18152923.61,-1341988.06,-6.88,2022-06-22,2024-10-17,2024-10-17,0,Cancelled,115
PRJ-14436,Dam Project 4436,Dam,Jazan,El Seif Engineering,NEOM Co.,106666683.12,116844626.14,10177943.02,9.54,2021-01-23,2022-05-11,2022-05-18,7,Cancelled,318
PRJ-14437,Commercial Complex Project 4437,Commercial Complex,Neom,AECOM Arabia,Private Developer,71546506.32,101371619.05,29825112.73,41.69,2021-05-20,2023-12-16,2024-01-02,17,Delayed,329
PRJ-14438,Metro Rail Project 4438,Metro Rail,Jeddah,AECOM Arabia,Private Developer,93703053.12,102447314.16,8744261.04,9.33,2022-09-09,2023-10-25,2023-10-25,0,Delayed,162
PRJ-14439,School Project 4439,School,Mecca,Al Fouzan,NEOM Co.,107251122.43,118819941.66,11568819.23,10.79,2022-08-16,2023-07-15,2023-10-11,88,Delayed,96
PRJ-14440,Industrial Plant Project 4440,Industrial Plant,Dammam,Al Bawani,Ministry of Health,65980663.31,108073046.94,42092383.63,63.8,2021-01-07,2022-08-27,2022-09-07,11,Completed,413
PRJ-14441,Commercial Complex Project 4441,Commercial Complex,Qassim,AECOM Arabia,Ministry of Education,122200763.0,104417536.64,-17783226.36,-14.55,2020-09-26,2023-02-13,2023-02-18,5,Completed,73
PRJ-14442,Industrial Plant Project 4442,Industrial Plant,Abha,SSEM,Ministry of Housing,6896098.6,6492214.99,-403883.61,-5.86,2023-03-27,2025-07-30,2025-08-07,8,On Hold,260
PRJ-14443,Highway Project 4443,Highway,Tabuk,Saudi Binladin Group,NEOM Co.,80234048.18,123271284.98,43037236.8,53.64,2020-10-28,2023-08-13,2024-04-05,236,Delayed,351
PRJ-14444,Commercial Complex Project 4444,Commercial Complex,Jazan,SSEM,Ministry of Housing,110644158.03,129391638.31,18747480.28,16.94,2021-07-24,2024-02-17,2024-02-24,7,On Hold,31
PRJ-14445,Bridge Project 4445,Bridge,Jeddah,Al Arrab,Aramco,76430184.32,116273031.71,39842847.39,52.13,2021-09-21,2022-08-03,2022-09-21,49,Cancelled,326
PRJ-14446,Highway Project 4446,Highway,Jeddah,Al Arrab,Private Developer,136502887.63,191843860.64,55340973.01,40.54,2020-09-12,2021-12-04,2021-12-25,21,Delayed,157
PRJ-14447,Highway Project 4447,Highway,Qassim,Al Rashid Trading,NEOM Co.,17214155.5,18412031.57,1197876.07,6.96,2021-02-24,2023-07-12,2023-07-12,0,Cancelled,183
PRJ-14448,Commercial Complex Project 4448,Commercial Complex,Tabuk,Saudi Binladin Group,Ministry of Health,37679425.52,51140038.81,13460613.29,35.72,2022-12-17,2025-10-01,2025-10-17,16,Completed,187
PRJ-14449,Hospital Project 4449,Hospital,Jazan,El Seif Engineering,Royal Commission,38919397.71,33400124.48,-5519273.23,-14.18,2022-09-08,2023-12-15,2023-12-16,1,On Hold,222
PRJ-14450,Airport Terminal Project 4450,Airport Terminal,Neom,SADEEM Construction,Ministry of Housing,3812850.56,3557795.71,-255054.85,-6.69,2019-05-06,2021-03-05,2021-03-05,0,On Hold,138
PRJ-14451,School Project 4451,School,Riyadh,Al Fouzan,Royal Commission,36303562.83,35082545.29,-1221017.54,-3.36,2018-09-02,2019-10-18,2019-10-18,0,Completed,122
PRJ-14452,Bridge Project 4452,Bridge,Neom,Al Fouzan,Ministry of Health,148026090.83,140911457.57,-7114633.26,-4.81,2019-01-19,2019-10-28,2019-11-07,10,Completed,271
PRJ-14453,Highway Project 4453,Highway,Tabuk,Al Arrab,Ministry of Health,82061600.35,114266536.02,32204935.67,39.24,2021-04-30,2021-10-05,2021-12-02,58,On Hold,472
PRJ-14454,Metro Rail Project 4454,Metro Rail,Jazan,SADEEM Construction,Ministry of Health,44764272.33,63649637.49,18885365.16,42.19,2020-09-22,2022-08-06,2022-08-30,24,Cancelled,395
PRJ-14455,Airport Terminal Project 4455,Airport Terminal,Neom,Al Arrab,Ministry of Transport,109351621.61,169128504.02,59776882.41,54.66,2021-03-16,2021-09-09,2021-10-11,32,Delayed,92
PRJ-14456,Dam Project 4456,Dam,Riyadh,SADEEM Construction,Ministry of Transport,130580766.02,140202083.24,9621317.22,7.37,2021-03-14,2022-07-15,2022-07-15,0,In Progress,400
PRJ-14457,Hospital Project 4457,Hospital,Neom,El Seif Engineering,Ministry of Health,64763527.18,97441234.25,32677707.07,50.46,2018-09-30,2019-09-11,2019-10-11,30,In Progress,257
PRJ-14458,Industrial Plant Project 4458,Industrial Plant,Abha,AECOM Arabia,Ministry of Housing,1344989.67,1340033.41,-4956.26,-0.37,2020-09-26,2021-04-17,2021-09-08,144,Cancelled,56
PRJ-14459,Metro Rail Project 4459,Metro Rail,Qassim,Al Arrab,Ministry of Transport,70802223.36,82244494.24,11442270.88,16.16,2021-10-29,2023-05-19,2023-05-19,0,Delayed,351
PRJ-14460,Hospital Project 4460,Hospital,Medina,Al Arrab,Ministry of Housing,34143539.66,32643468.65,-1500071.01,-4.39,2022-06-03,2023-11-05,2023-11-24,19,On Hold,106
PRJ-14461,Hospital Project 4461,Hospital,Abha,SSEM,Ministry of Transport,59563910.65,67956596.64,8392685.99,14.09,2022-02-18,2024-03-05,2024-03-10,5,On Hold,327
PRJ-14462,Industrial Plant Project 4462,Industrial Plant,Dammam,AECOM Arabia,Private Developer,56332900.41,92715527.99,36382627.58,64.59,2018-05-13,2020-11-07,2021-04-05,149,Completed,439
PRJ-14463,Residential Building Project 4463,Residential Building,Medina,Nesma & Partners,Ministry of Education,17660548.66,15742549.21,-1917999.45,-10.86,2018-02-07,2018-12-02,2019-01-09,38,Cancelled,99
PRJ-14464,Dam Project 4464,Dam,Mecca,Al Arrab,Ministry of Transport,5013706.29,8134179.56,3120473.27,62.24,2022-06-14,2024-10-17,2024-10-20,3,In Progress,412
PRJ-14465,Hospital Project 4465,Hospital,Abha,El Seif Engineering,Aramco,141159100.41,135255593.37,-5903507.04,-4.18,2020-11-20,2022-09-11,2022-09-11,0,In Progress,437
PRJ-14466,Airport Terminal Project 4466,Airport Terminal,Riyadh,Al Arrab,Royal Commission,24670014.17,23983213.95,-686800.22,-2.78,2021-09-26,2023-05-26,2023-05-26,0,Completed,297
PRJ-14467,Hospital Project 4467,Hospital,Medina,El Seif Engineering,Aramco,77574275.61,83075175.29,5500899.68,7.09,2021-09-05,2022-03-10,2022-03-10,0,Completed,248
PRJ-14468,Dam Project 4468,Dam,Neom,Saudi Binladin Group,Ministry of Transport,33628217.85,36911762.31,3283544.46,9.76,2020-03-12,2022-03-24,2022-05-05,42,On Hold,343
PRJ-14469,Metro Rail Project 4469,Metro Rail,Mecca,SSEM,NEOM Co.,138358633.17,151781746.66,13423113.49,9.7,2018-05-31,2020-01-30,2020-01-30,0,Delayed,307
PRJ-14470,Airport Terminal Project 4470,Airport Terminal,Mecca,Al Fouzan,Ministry of Housing,65734503.55,74738395.18,9003891.63,13.7,2019-02-16,2019-11-30,2019-11-30,0,Completed,377
PRJ-14471,Highway Project 4471,Highway,Neom,SADEEM Construction,Ministry of Housing,122778236.59,137729143.21,14950906.62,12.18,2019-04-06,2021-11-03,2021-11-13,10,In Progress,351
PRJ-14472,Commercial Complex Project 4472,Commercial Complex,Medina,Nesma & Partners,Private Developer,140425295.48,124096688.96,-16328606.52,-11.63,2019-12-04,2022-03-30,2022-04-04,5,Delayed,222
PRJ-14473,Dam Project 4473,Dam,Jeddah,AECOM Arabia,Royal Commission,68381270.73,77979468.99,9598198.26,14.04,2022-07-24,2022-12-09,2022-12-09,0,In Progress,37
PRJ-14474,Hospital Project 4474,Hospital,Abha,Al Bawani,Ministry of Education,115864381.89,147907896.93,32043515.04,27.66,2018-05-07,2020-02-24,2021-01-03,314,On Hold,178
PRJ-14475,Highway Project 4475,Highway,Mecca,AECOM Arabia,Private Developer,15459668.4,22767708.61,7308040.21,47.27,2021-01-14,2023-07-07,2023-08-02,26,In Progress,419
PRJ-14476,Metro Rail Project 4476,Metro Rail,Qassim,Al Rashid Trading,NEOM Co.,14452553.98,14280943.21,-171610.77,-1.19,2018-01-09,2020-10-26,2021-01-24,90,Delayed,310
PRJ-14477,Dam Project 4477,Dam,Jazan,SSEM,Ministry of Health,2337453.84,3644996.33,1307542.49,55.94,2021-03-22,2022-03-21,2022-04-17,27,Completed,219
PRJ-14478,Hospital Project 4478,Hospital,Jazan,Al Arrab,Royal Commission,100764165.74,120374084.21,19609918.47,19.46,2020-11-06,2021-06-24,2021-06-24,0,In Progress,370
PRJ-14479,School Project 4479,School,Jeddah,AECOM Arabia,Royal Commission,9923531.05,11619465.74,1695934.69,17.09,2019-07-05,2021-08-05,2021-08-05,0,Completed,465
PRJ-14480,Highway Project 4480,Highway,Neom,SADEEM Construction,Private Developer,122203208.96,199047182.53,76843973.57,62.88,2022-05-14,2024-03-28,2024-04-08,11,Delayed,389
PRJ-14481,Hospital Project 4481,Hospital,Jazan,SSEM,Ministry of Health,43546693.35,67697639.91,24150946.56,55.46,2020-03-20,2022-11-19,2023-01-24,66,Cancelled,284
PRJ-14482,School Project 4482,School,Tabuk,Al Fouzan,Ministry of Housing,113769813.68,121624611.56,7854797.88,6.9,2022-02-17,2024-07-21,2024-07-21,0,Cancelled,445
PRJ-14483,Commercial Complex Project 4483,Commercial Complex,Tabuk,AECOM Arabia,Royal Commission,18440411.07,19539303.2,1098892.13,5.96,2020-03-30,2022-07-05,2022-07-05,0,In Progress,494
PRJ-14484,Bridge Project 4484,Bridge,Neom,Al Fouzan,Ministry of Transport,53841040.22,78419656.27,24578616.05,45.65,2022-07-11,2023-11-05,2023-12-22,47,Delayed,54
PRJ-14485,Highway Project 4485,Highway,Jazan,Saudi Binladin Group,Ministry of Health,136636569.85,156138839.33,19502269.48,14.27,2018-08-06,2019-12-01,2019-12-01,0,In Progress,219
PRJ-14486,Residential Building Project 4486,Residential Building,Qassim,SSEM,Ministry of Housing,140800076.94,134345177.37,-6454899.57,-4.58,2020-06-16,2023-04-30,2023-06-15,46,Completed,472
PRJ-14487,Bridge Project 4487,Bridge,Medina,Al Bawani,Aramco,12651226.17,13772422.97,1121196.8,8.86,2018-05-17,2021-04-07,2021-04-07,0,Cancelled,326
PRJ-14488,School Project 4488,School,Abha,SSEM,Ministry of Health,94636061.45,110576042.86,15939981.41,16.84,2019-03-27,2022-03-22,2022-07-30,130,In Progress,341
PRJ-14489,Dam Project 4489,Dam,Medina,SADEEM Construction,Private Developer,50119989.59,54496841.89,4376852.3,8.73,2019-04-04,2020-11-29,2020-11-29,0,On Hold,257
PRJ-14490,Residential Building Project 4490,Residential Building,Jazan,El Seif Engineering,Ministry of Housing,123928496.54,146363543.03,22435046.49,18.1,2020-04-10,2021-06-29,2021-06-29,0,Delayed,439
PRJ-14491,Bridge Project 4491,Bridge,Neom,Al Arrab,Ministry of Education,120567062.84,163721799.02,43154736.18,35.79,2018-03-11,2019-10-11,2019-10-27,16,On Hold,113
PRJ-14492,Metro Rail Project 4492,Metro Rail,Medina,El Seif Engineering,Ministry of Health,128516749.34,131517527.4,3000778.06,2.33,2022-01-26,2023-01-08,2023-01-28,20,Delayed,148
PRJ-14493,School Project 4493,School,Qassim,Al Bawani,Ministry of Education,25873654.24,28861321.28,2987667.04,11.55,2023-06-04,2025-10-05,2025-10-05,0,Delayed,274
PRJ-14494,Airport Terminal Project 4494,Airport Terminal,Abha,Al Bawani,Aramco,17109032.72,18619778.53,1510745.81,8.83,2022-10-07,2023-03-05,2023-03-13,8,Completed,79
PRJ-14495,Metro Rail Project 4495,Metro Rail,Dammam,Al Arrab,Ministry of Health,84276789.09,117122756.91,32845967.82,38.97,2019-10-10,2020-05-17,2020-06-01,15,Cancelled,468
PRJ-14496,Residential Building Project 4496,Residential Building,Riyadh,AECOM Arabia,Royal Commission,8817979.57,11016912.11,2198932.54,24.94,2018-04-16,2019-12-25,2019-12-28,3,Delayed,207
PRJ-14497,Commercial Complex Project 4497,Commercial Complex,Tabuk,AECOM Arabia,Ministry of Education,50876235.78,45972909.5,-4903326.28,-9.64,2022-02-10,2024-07-06,2025-05-06,304,Cancelled,353
PRJ-14498,Residential Building Project 4498,Residential Building,Riyadh,SSEM,Ministry of Transport,134410016.62,148865219.26,14455202.64,10.75,2020-11-03,2022-07-17,2022-07-17,0,On Hold,479
PRJ-14499,Bridge Project 4499,Bridge,Mecca,SSEM,Private Developer,18681914.44,30449615.48,11767701.04,62.99,2022-09-26,2023-08-31,2023-09-02,2,Cancelled,335
PRJ-14500,Residential Building Project 4500,Residential Building,Qassim,AECOM Arabia,Private Developer,102335296.29,144434485.02,42099188.73,41.14,2019-03-08,2019-09-21,2019-10-07,16,Cancelled,203
PRJ-14501,Dam Project 4501,Dam,Jeddah,Al Bawani,Ministry of Transport,113571602.08,139954494.73,26382892.65,23.23,2018-08-12,2019-04-05,2019-10-02,180,In Progress,487
PRJ-14502,Airport Terminal Project 4502,Airport Terminal,Mecca,Nesma & Partners,Royal Commission,64767472.34,76293953.8,11526481.46,17.8,2018-05-19,2020-05-23,2020-05-23,0,Cancelled,345
PRJ-14503,Residential Building Project 4503,Residential Building,Medina,Al Fouzan,Private Developer,90694527.82,143812746.97,53118219.15,58.57,2022-03-12,2024-11-06,2024-11-12,6,Cancelled,154
PRJ-14504,Commercial Complex Project 4504,Commercial Complex,Dammam,Al Fouzan,Ministry of Education,137282319.31,164293336.27,27011016.96,19.68,2021-07-03,2023-06-29,2023-06-29,0,In Progress,399
PRJ-14505,Highway Project 4505,Highway,Medina,Al Bawani,Ministry of Education,131171456.19,157318559.91,26147103.72,19.93,2020-05-07,2022-07-01,2022-07-01,0,On Hold,28
PRJ-14506,School Project 4506,School,Dammam,Al Bawani,Royal Commission,37080585.12,55933194.36,18852609.24,50.84,2022-09-12,2025-06-15,2025-08-09,55,Delayed,18
PRJ-14507,Bridge Project 4507,Bridge,Neom,AECOM Arabia,Ministry of Education,35025583.7,57215566.29,22189982.59,63.35,2019-03-23,2021-01-04,2021-01-07,3,In Progress,20
PRJ-14508,Airport Terminal Project 4508,Airport Terminal,Jeddah,Al Bawani,Ministry of Transport,44755670.45,38190090.74,-6565579.71,-14.67,2019-05-05,2020-09-23,2020-11-23,61,In Progress,334
PRJ-14509,Metro Rail Project 4509,Metro Rail,Jazan,Saudi Binladin Group,NEOM Co.,3643208.68,3792477.3,149268.62,4.1,2022-03-21,2023-07-18,2023-08-05,18,Completed,251
PRJ-14510,Commercial Complex Project 4510,Commercial Complex,Tabuk,SADEEM Construction,Aramco,103631271.87,94510542.48,-9120729.39,-8.8,2019-10-30,2021-08-14,2021-09-08,25,Completed,49
PRJ-14511,Dam Project 4511,Dam,Qassim,Al Arrab,Ministry of Housing,24812930.3,25220229.12,407298.82,1.64,2020-06-15,2021-08-28,2021-08-28,0,On Hold,262
PRJ-14512,Commercial Complex Project 4512,Commercial Complex,Neom,Nesma & Partners,NEOM Co.,28247807.56,41913471.95,13665664.39,48.38,2018-03-10,2020-07-28,2020-11-04,99,Cancelled,237
PRJ-14513,Hospital Project 4513,Hospital,Jazan,SADEEM Construction,Ministry of Housing,62702500.22,77592733.94,14890233.72,23.75,2020-10-28,2022-01-27,2022-01-29,2,In Progress,357
PRJ-14514,Residential Building Project 4514,Residential Building,Medina,Al Arrab,Ministry of Housing,14080308.07,14667286.06,586977.99,4.17,2020-06-15,2021-10-05,2021-10-09,4,Cancelled,456
PRJ-14515,Highway Project 4515,Highway,Mecca,AECOM Arabia,Ministry of Education,128999391.93,194918878.87,65919486.94,51.1,2023-03-18,2025-04-24,2025-07-10,77,On Hold,42
PRJ-14516,Bridge Project 4516,Bridge,Abha,SADEEM Construction,Ministry of Health,50444544.0,65039389.13,14594845.13,28.93,2023-04-26,2024-11-24,2024-12-03,9,Delayed,171
PRJ-14517,Bridge Project 4517,Bridge,Jazan,Al Fouzan,NEOM Co.,108417047.5,129884906.18,21467858.68,19.8,2020-06-27,2021-09-23,2021-09-23,0,Delayed,357
PRJ-14518,Airport Terminal Project 4518,Airport Terminal,Qassim,Nesma & Partners,Royal Commission,20169821.43,28348375.65,8178554.22,40.55,2022-01-15,2022-09-04,2022-09-05,1,Cancelled,303
PRJ-14519,Residential Building Project 4519,Residential Building,Jeddah,Al Bawani,Royal Commission,124917754.63,144143175.93,19225421.3,15.39,2018-08-02,2021-06-28,2021-06-28,0,Completed,171
PRJ-14520,School Project 4520,School,Jazan,Al Rashid Trading,Ministry of Transport,101930300.59,128310250.82,26379950.23,25.88,2022-11-06,2024-08-13,2024-11-13,92,On Hold,156
PRJ-14521,School Project 4521,School,Jazan,Saudi Binladin Group,Royal Commission,137115312.35,209474622.96,72359310.61,52.77,2021-09-15,2022-02-13,2022-05-27,103,Cancelled,14
PRJ-14522,Metro Rail Project 4522,Metro Rail,Qassim,Al Rashid Trading,Ministry of Transport,46808905.21,60313089.56,13504184.35,28.85,2022-10-27,2023-04-04,2023-04-10,6,Delayed,369
PRJ-14523,Residential Building Project 4523,Residential Building,Dammam,SSEM,Royal Commission,68225705.18,63451634.44,-4774070.74,-7.0,2023-05-06,2025-01-06,2025-03-10,63,Delayed,392
PRJ-14524,Hospital Project 4524,Hospital,Abha,Al Rashid Trading,Ministry of Transport,39032139.17,43932221.56,4900082.39,12.55,2019-02-28,2021-10-19,2021-10-19,0,In Progress,163
PRJ-14525,Metro Rail Project 4525,Metro Rail,Tabuk,Nesma & Partners,Private Developer,14700503.42,17048531.26,2348027.84,15.97,2019-10-20,2022-03-15,2022-03-26,11,Delayed,452
PRJ-14526,Hospital Project 4526,Hospital,Jazan,Al Bawani,NEOM Co.,93577772.59,143967867.73,50390095.14,53.85,2019-01-29,2020-06-14,2021-01-28,228,In Progress,421
PRJ-14527,Highway Project 4527,Highway,Mecca,Nesma & Partners,Ministry of Education,67407564.2,82526806.56,15119242.36,22.43,2020-02-13,2020-08-11,2020-10-24,74,On Hold,405
PRJ-14528,Highway Project 4528,Highway,Qassim,Al Arrab,Ministry of Education,41618518.71,35500433.14,-6118085.57,-14.7,2022-02-15,2025-01-21,2025-01-25,4,In Progress,497
PRJ-14529,Bridge Project 4529,Bridge,Jazan,Saudi Binladin Group,Ministry of Transport,80057544.01,93137522.55,13079978.54,16.34,2021-02-13,2023-04-14,2023-04-17,3,On Hold,296
PRJ-14530,Dam Project 4530,Dam,Dammam,Al Arrab,Aramco,88596128.3,87726064.17,-870064.13,-0.98,2022-11-13,2024-09-17,2024-09-26,9,Cancelled,89
PRJ-14531,Highway Project 4531,Highway,Neom,SADEEM Construction,Aramco,116320882.58,137728269.76,21407387.18,18.4,2022-06-15,2024-11-11,2024-11-11,0,In Progress,81
PRJ-14532,Airport Terminal Project 4532,Airport Terminal,Riyadh,Al Arrab,NEOM Co.,15515842.47,14688492.71,-827349.76,-5.33,2019-05-08,2020-07-27,2020-07-27,0,Completed,476
PRJ-14533,Airport Terminal Project 4533,Airport Terminal,Tabuk,SADEEM Construction,Royal Commission,144021892.26,235058975.66,91037083.4,63.21,2019-07-24,2020-11-01,2020-11-02,1,In Progress,172
PRJ-14534,Airport Terminal Project 4534,Airport Terminal,Qassim,Al Rashid Trading,Aramco,1194350.22,1308840.81,114490.59,9.59,2022-04-18,2023-04-10,2023-06-11,62,Delayed,215
PRJ-14535,Bridge Project 4535,Bridge,Riyadh,Al Rashid Trading,NEOM Co.,140819034.3,193407206.62,52588172.32,37.34,2018-11-05,2020-07-04,2020-07-15,11,Delayed,455
PRJ-14536,Metro Rail Project 4536,Metro Rail,Riyadh,SADEEM Construction,Ministry of Education,12464869.18,12124565.08,-340304.1,-2.73,2022-07-24,2024-06-06,2024-06-06,0,Delayed,236
PRJ-14537,Commercial Complex Project 4537,Commercial Complex,Abha,Al Bawani,Ministry of Health,116165062.3,184978370.05,68813307.75,59.24,2018-10-13,2020-11-10,2020-12-02,22,Delayed,40
PRJ-14538,Airport Terminal Project 4538,Airport Terminal,Abha,Nesma & Partners,Ministry of Health,64598335.55,78110004.42,13511668.87,20.92,2021-01-03,2023-10-18,2023-12-18,61,In Progress,162
PRJ-14539,Dam Project 4539,Dam,Abha,Saudi Binladin Group,NEOM Co.,146897617.67,163542493.37,16644875.7,11.33,2018-02-11,2018-12-13,2019-03-19,96,Cancelled,234
PRJ-14540,Highway Project 4540,Highway,Qassim,AECOM Arabia,Private Developer,132945588.73,153456887.8,20511299.07,15.43,2020-08-14,2021-12-21,2021-12-21,0,On Hold,117
PRJ-14541,Commercial Complex Project 4541,Commercial Complex,Abha,Al Rashid Trading,Ministry of Transport,31996719.4,29057688.02,-2939031.38,-9.19,2022-10-11,2023-01-25,2023-02-23,29,Completed,250
PRJ-14542,Highway Project 4542,Highway,Abha,Nesma & Partners,Ministry of Housing,125588252.73,113864810.51,-11723442.22,-9.33,2023-04-19,2024-03-15,2024-03-20,5,Delayed,321
PRJ-14543,Residential Building Project 4543,Residential Building,Qassim,SADEEM Construction,Ministry of Education,60332754.78,92546437.74,32213682.96,53.39,2021-03-15,2022-03-28,2022-04-22,25,In Progress,140
PRJ-14544,Bridge Project 4544,Bridge,Riyadh,Al Rashid Trading,Aramco,146149257.57,150803783.14,4654525.57,3.18,2021-12-31,2022-06-01,2022-06-01,0,On Hold,130
PRJ-14545,School Project 4545,School,Abha,Nesma & Partners,NEOM Co.,9536814.99,12418254.97,2881439.98,30.21,2019-07-16,2021-04-02,2021-05-13,41,Completed,158
PRJ-14546,Residential Building Project 4546,Residential Building,Qassim,Al Fouzan,Ministry of Education,67459756.05,66972741.38,-487014.67,-0.72,2023-02-15,2025-02-04,2025-02-04,0,In Progress,93
PRJ-14547,Metro Rail Project 4547,Metro Rail,Tabuk,El Seif Engineering,Aramco,75608579.91,110056566.76,34447986.85,45.56,2018-01-04,2020-01-13,2020-01-25,12,Completed,28
PRJ-14548,School Project 4548,School,Abha,Saudi Binladin Group,Ministry of Housing,81812107.63,105115070.08,23302962.45,28.48,2022-11-10,2023-08-14,2024-03-30,229,Cancelled,19
PRJ-14549,Commercial Complex Project 4549,Commercial Complex,Jazan,SADEEM Construction,Royal Commission,36120230.79,41730698.27,5610467.48,15.53,2020-11-12,2021-09-02,2021-09-02,0,On Hold,466
PRJ-14550,Highway Project 4550,Highway,Mecca,SADEEM Construction,Aramco,83804247.22,113035692.26,29231445.04,34.88,2018-02-18,2021-01-30,2021-02-05,6,Cancelled,288
PRJ-14551,Industrial Plant Project 4551,Industrial Plant,Tabuk,SSEM,Ministry of Transport,53978656.36,65456666.56,11478010.2,21.26,2022-08-23,2025-04-07,2025-10-28,204,Completed,457
PRJ-14552,Highway Project 4552,Highway,Mecca,Nesma & Partners,Ministry of Transport,109102983.04,127303485.61,18200502.57,16.68,2020-12-10,2023-05-11,2023-05-14,3,Delayed,443
PRJ-14553,Residential Building Project 4553,Residential Building,Jazan,El Seif Engineering,Aramco,147494594.75,144242728.6,-3251866.15,-2.2,2023-03-10,2025-03-26,2025-05-14,49,In Progress,325
PRJ-14554,Airport Terminal Project 4554,Airport Terminal,Tabuk,Saudi Binladin Group,NEOM Co.,42025725.4,41981377.44,-44347.96,-0.11,2021-09-16,2022-08-21,2022-08-21,0,Completed,440
PRJ-14555,School Project 4555,School,Abha,SSEM,Aramco,97729651.29,141670982.89,43941331.6,44.96,2021-01-12,2021-12-26,2022-02-06,42,In Progress,407
PRJ-14556,Commercial Complex Project 4556,Commercial Complex,Jazan,El Seif Engineering,Private Developer,76726171.42,87716900.95,10990729.53,14.32,2021-03-23,2022-09-30,2022-09-30,0,Completed,97
PRJ-14557,Metro Rail Project 4557,Metro Rail,Qassim,Nesma & Partners,Private Developer,65843173.37,85698410.99,19855237.62,30.16,2022-04-03,2024-08-11,2024-08-14,3,In Progress,269
PRJ-14558,Airport Terminal Project 4558,Airport Terminal,Jeddah,Al Fouzan,NEOM Co.,142869057.0,187581431.11,44712374.11,31.3,2020-11-08,2021-03-26,2021-05-12,47,Delayed,81
PRJ-14559,Commercial Complex Project 4559,Commercial Complex,Jazan,Al Arrab,Ministry of Housing,97197446.22,114612177.37,17414731.15,17.92,2023-06-15,2024-01-14,2024-01-14,0,On Hold,95
PRJ-14560,Hospital Project 4560,Hospital,Riyadh,Al Fouzan,Ministry of Housing,64537247.77,105311445.41,40774197.64,63.18,2022-02-17,2023-09-18,2023-09-30,12,Delayed,393
PRJ-14561,Metro Rail Project 4561,Metro Rail,Jeddah,Al Rashid Trading,Private Developer,129584748.46,158226149.83,28641401.37,22.1,2018-04-21,2019-03-21,2019-04-01,11,In Progress,197
PRJ-14562,Residential Building Project 4562,Residential Building,Dammam,SSEM,Private Developer,62554180.29,59096729.65,-3457450.64,-5.53,2020-03-24,2022-02-26,2022-02-26,0,In Progress,297
PRJ-14563,Bridge Project 4563,Bridge,Qassim,SADEEM Construction,Private Developer,143693988.91,146753769.82,3059780.91,2.13,2022-04-03,2022-08-19,2022-08-19,0,In Progress,256
PRJ-14564,School Project 4564,School,Tabuk,SADEEM Construction,Ministry of Transport,131361697.85,169232835.08,37871137.23,28.83,2021-04-11,2023-03-12,2023-03-18,6,Cancelled,397
PRJ-14565,Hospital Project 4565,Hospital,Qassim,Saudi Binladin Group,Ministry of Transport,4082227.08,5367030.98,1284803.9,31.47,2018-02-23,2019-01-09,2019-02-21,43,Completed,157
PRJ-14566,Airport Terminal Project 4566,Airport Terminal,Abha,Al Rashid Trading,NEOM Co.,94025642.73,95796208.03,1770565.3,1.88,2021-08-21,2023-07-16,2023-07-17,1,Completed,180
PRJ-14567,Residential Building Project 4567,Residential Building,Mecca,Al Bawani,Ministry of Education,11612465.42,15699486.63,4087021.21,35.2,2018-08-05,2020-09-09,2021-02-06,150,Completed,295
PRJ-14568,Highway Project 4568,Highway,Medina,SSEM,Ministry of Education,85144804.66,109785797.73,24640993.07,28.94,2018-08-03,2019-04-24,2019-09-23,152,Delayed,141
PRJ-14569,Dam Project 4569,Dam,Neom,Al Rashid Trading,Aramco,41317804.95,39650538.42,-1667266.53,-4.04,2018-05-27,2020-08-02,2020-08-10,8,Delayed,447
PRJ-14570,Residential Building Project 4570,Residential Building,Riyadh,Al Rashid Trading,Private Developer,127436095.8,127335269.64,-100826.16,-0.08,2020-03-18,2021-06-16,2021-07-14,28,Delayed,478
PRJ-14571,Airport Terminal Project 4571,Airport Terminal,Abha,Al Fouzan,Ministry of Education,26992802.28,38982591.82,11989789.54,44.42,2019-03-03,2021-07-12,2021-09-11,61,Cancelled,203
PRJ-14572,School Project 4572,School,Abha,Saudi Binladin Group,Ministry of Education,99080162.45,104983403.26,5903240.81,5.96,2019-03-25,2019-11-08,2019-11-23,15,Delayed,445
PRJ-14573,Dam Project 4573,Dam,Mecca,El Seif Engineering,NEOM Co.,146927889.09,160360533.11,13432644.02,9.14,2021-02-17,2021-05-24,2021-12-28,218,Cancelled,314
PRJ-14574,Bridge Project 4574,Bridge,Qassim,Nesma & Partners,Royal Commission,127210937.04,138362812.59,11151875.55,8.77,2022-10-23,2025-05-30,2025-07-11,42,Cancelled,330
PRJ-14575,Industrial Plant Project 4575,Industrial Plant,Riyadh,SADEEM Construction,Ministry of Transport,64269651.71,61428035.49,-2841616.22,-4.42,2019-05-21,2021-04-04,2021-04-04,0,Completed,80
PRJ-14576,School Project 4576,School,Neom,Al Fouzan,Ministry of Education,17102340.43,18197052.45,1094712.02,6.4,2020-06-22,2023-06-14,2023-07-22,38,On Hold,224
PRJ-14577,Airport Terminal Project 4577,Airport Terminal,Mecca,Al Bawani,Ministry of Housing,123098875.18,147556481.41,24457606.23,19.87,2021-09-26,2022-08-04,2022-08-04,0,On Hold,250
PRJ-14578,Airport Terminal Project 4578,Airport Terminal,Jeddah,SSEM,Royal Commission,11954662.18,12455688.5,501026.32,4.19,2019-06-20,2020-02-18,2020-02-18,0,In Progress,183
PRJ-14579,Bridge Project 4579,Bridge,Jazan,Al Arrab,Private Developer,120408352.62,136866400.68,16458048.06,13.67,2021-06-02,2022-02-07,2022-02-07,0,In Progress,397
PRJ-14580,Metro Rail Project 4580,Metro Rail,Medina,Saudi Binladin Group,Ministry of Transport,114119575.17,114655763.78,536188.61,0.47,2021-07-02,2024-06-05,2024-06-05,0,Cancelled,197
PRJ-14581,Highway Project 4581,Highway,Abha,Saudi Binladin Group,Royal Commission,68351061.72,111354300.81,43003239.09,62.92,2019-01-06,2019-10-15,2019-11-11,27,On Hold,460
PRJ-14582,Bridge Project 4582,Bridge,Mecca,Saudi Binladin Group,Aramco,49468317.01,52707776.19,3239459.18,6.55,2019-06-05,2019-11-28,2020-02-12,76,Delayed,243
PRJ-14583,Hospital Project 4583,Hospital,Mecca,SSEM,Ministry of Transport,148366632.59,163363399.18,14996766.59,10.11,2022-11-16,2025-01-02,2025-01-02,0,Completed,151
PRJ-14584,Metro Rail Project 4584,Metro Rail,Neom,Saudi Binladin Group,Ministry of Health,69794966.31,74542764.37,4747798.06,6.8,2020-12-29,2022-07-11,2022-08-08,28,On Hold,450
PRJ-14585,Hospital Project 4585,Hospital,Neom,SSEM,Ministry of Education,41488991.7,39051108.43,-2437883.27,-5.88,2021-06-02,2022-04-26,2022-04-29,3,Completed,349
PRJ-14586,Bridge Project 4586,Bridge,Mecca,Saudi Binladin Group,Royal Commission,52476925.35,59238925.8,6762000.45,12.89,2019-02-26,2020-09-19,2020-09-19,0,Cancelled,59
PRJ-14587,Residential Building Project 4587,Residential Building,Qassim,Saudi Binladin Group,Private Developer,91391689.56,85065133.49,-6326556.07,-6.92,2018-08-13,2021-02-17,2021-02-17,0,Delayed,229
PRJ-14588,Metro Rail Project 4588,Metro Rail,Mecca,Al Rashid Trading,Ministry of Housing,127909360.48,138194589.01,10285228.53,8.04,2022-10-19,2024-05-16,2024-05-16,0,Completed,469
PRJ-14589,Airport Terminal Project 4589,Airport Terminal,Qassim,SSEM,Ministry of Education,144147908.73,158714867.93,14566959.2,10.11,2018-05-20,2020-11-16,2020-11-16,0,Cancelled,311
PRJ-14590,Commercial Complex Project 4590,Commercial Complex,Abha,Al Fouzan,Ministry of Education,26688642.12,36531362.04,9842719.92,36.88,2019-04-20,2020-01-20,2020-02-08,19,Completed,70
PRJ-14591,Residential Building Project 4591,Residential Building,Mecca,Al Bawani,Royal Commission,4725572.81,4274153.39,-451419.42,-9.55,2021-02-12,2022-08-06,2022-08-06,0,Completed,491
PRJ-14592,Highway Project 4592,Highway,Abha,Al Fouzan,Ministry of Education,19845748.59,23688665.43,3842916.84,19.36,2018-11-24,2021-02-01,2021-05-16,104,Cancelled,440
PRJ-14593,Commercial Complex Project 4593,Commercial Complex,Dammam,SSEM,Royal Commission,73372350.83,101893156.76,28520805.93,38.87,2021-08-21,2024-06-09,2024-06-13,4,Cancelled,42
PRJ-14594,Metro Rail Project 4594,Metro Rail,Abha,Saudi Binladin Group,Private Developer,89622640.22,88577571.19,-1045069.03,-1.17,2022-01-12,2022-07-23,2022-07-23,0,Cancelled,408
PRJ-14595,Hospital Project 4595,Hospital,Tabuk,Al Rashid Trading,Ministry of Education,2542152.57,2957427.99,415275.42,16.34,2019-04-10,2021-07-08,2021-07-10,2,In Progress,243
PRJ-14596,School Project 4596,School,Medina,El Seif Engineering,Royal Commission,23519165.5,31810755.19,8291589.69,35.25,2021-03-04,2022-06-14,2022-06-28,14,On Hold,430
PRJ-14597,Commercial Complex Project 4597,Commercial Complex,Abha,AECOM Arabia,Private Developer,82311995.47,79789360.4,-2522635.07,-3.06,2021-01-26,2022-01-12,2022-01-12,0,Delayed,393
PRJ-14598,Industrial Plant Project 4598,Industrial Plant,Riyadh,Saudi Binladin Group,Ministry of Housing,51901462.44,79859951.0,27958488.56,53.87,2022-02-12,2024-06-15,2024-07-13,28,Delayed,220
PRJ-14599,Residential Building Project 4599,Residential Building,Dammam,Al Rashid Trading,Aramco,113105409.09,128921435.95,15816026.86,13.98,2022-01-28,2022-06-19,2022-07-13,24,Completed,237
PRJ-14600,Metro Rail Project 4600,Metro Rail,Jazan,Nesma & Partners,Ministry of Health,55075165.99,48542968.26,-6532197.73,-11.86,2022-02-25,2023-11-13,2024-01-15,63,Cancelled,348
PRJ-14601,Hospital Project 4601,Hospital,Mecca,Nesma & Partners,Ministry of Education,148203405.34,162921874.3,14718468.96,9.93,2019-02-27,2021-12-29,2021-12-29,0,Cancelled,374
PRJ-14602,Dam Project 4602,Dam,Neom,AECOM Arabia,NEOM Co.,102330086.01,136551663.33,34221577.32,33.44,2022-11-05,2025-08-08,2025-08-09,1,Cancelled,255
PRJ-14603,Bridge Project 4603,Bridge,Abha,Al Arrab,Royal Commission,72974319.98,67992631.12,-4981688.86,-6.83,2020-07-01,2021-07-08,2021-07-08,0,On Hold,438
PRJ-14604,Airport Terminal Project 4604,Airport Terminal,Medina,SSEM,Aramco,42049340.61,49075547.29,7026206.68,16.71,2018-05-03,2021-02-18,2021-02-18,0,Cancelled,391
PRJ-14605,Highway Project 4605,Highway,Tabuk,AECOM Arabia,Ministry of Housing,82723268.17,84710692.42,1987424.25,2.4,2020-05-30,2022-11-21,2022-11-21,0,Completed,295
PRJ-14606,Hospital Project 4606,Hospital,Medina,Al Arrab,Ministry of Housing,11365982.3,16051956.97,4685974.67,41.23,2021-07-24,2023-12-17,2024-01-23,37,In Progress,368
PRJ-14607,Residential Building Project 4607,Residential Building,Mecca,Saudi Binladin Group,NEOM Co.,92299519.24,116132188.9,23832669.66,25.82,2020-02-12,2021-05-05,2021-09-17,135,Completed,112
PRJ-14608,Commercial Complex Project 4608,Commercial Complex,Abha,Al Arrab,Ministry of Education,65350768.13,67750210.55,2399442.42,3.67,2019-12-23,2021-07-11,2021-08-06,26,Completed,234
PRJ-14609,Commercial Complex Project 4609,Commercial Complex,Dammam,SSEM,Ministry of Education,141218230.09,155192332.54,13974102.45,9.9,2020-06-18,2020-12-30,2021-01-25,26,Delayed,14
PRJ-14610,School Project 4610,School,Mecca,Nesma & Partners,Ministry of Education,67727137.71,77324441.33,9597303.62,14.17,2021-03-12,2021-11-18,2021-11-18,0,Delayed,117
PRJ-14611,Airport Terminal Project 4611,Airport Terminal,Qassim,El Seif Engineering,Ministry of Education,24661601.08,34368565.55,9706964.47,39.36,2022-01-13,2024-10-29,2024-11-08,10,In Progress,444
PRJ-14612,Dam Project 4612,Dam,Riyadh,Nesma & Partners,Royal Commission,47665636.37,54231601.83,6565965.46,13.78,2019-05-20,2020-07-02,2020-07-02,0,In Progress,304
PRJ-14613,Commercial Complex Project 4613,Commercial Complex,Tabuk,Al Bawani,Private Developer,20002796.33,22579273.54,2576477.21,12.88,2019-07-13,2020-12-15,2020-12-15,0,On Hold,37
PRJ-14614,Industrial Plant Project 4614,Industrial Plant,Abha,SSEM,NEOM Co.,10718581.37,12535027.8,1816446.43,16.95,2021-08-31,2024-08-29,2024-08-29,0,Cancelled,20
PRJ-14615,School Project 4615,School,Jeddah,Al Fouzan,Royal Commission,87410212.93,87895170.83,484957.9,0.55,2021-09-20,2022-01-21,2022-01-21,0,Completed,131
PRJ-14616,Industrial Plant Project 4616,Industrial Plant,Riyadh,AECOM Arabia,Ministry of Education,35272898.23,38273413.24,3000515.01,8.51,2018-07-11,2019-05-28,2019-05-28,0,Completed,427
PRJ-14617,School Project 4617,School,Abha,SSEM,Ministry of Health,76595826.44,125354645.33,48758818.89,63.66,2023-06-10,2024-10-27,2025-03-19,143,Delayed,129
PRJ-14618,Highway Project 4618,Highway,Mecca,Nesma & Partners,Aramco,95436172.64,118618838.2,23182665.56,24.29,2022-11-02,2025-01-08,2025-01-25,17,In Progress,181
PRJ-14619,Bridge Project 4619,Bridge,Dammam,Al Bawani,Ministry of Health,102530620.4,114083940.81,11553320.41,11.27,2018-05-31,2021-03-21,2021-03-24,3,Delayed,293
PRJ-14620,Commercial Complex Project 4620,Commercial Complex,Medina,Al Bawani,Ministry of Housing,11753200.03,11831610.25,78410.22,0.67,2019-11-13,2022-10-14,2022-10-16,2,In Progress,203
PRJ-14621,Dam Project 4621,Dam,Qassim,Al Bawani,Ministry of Health,73045361.56,90459135.65,17413774.09,23.84,2020-01-01,2021-01-28,2021-03-15,46,On Hold,66
PRJ-14622,Hospital Project 4622,Hospital,Jeddah,Saudi Binladin Group,Ministry of Education,50653753.28,65355317.22,14701563.94,29.02,2022-02-14,2022-05-26,2022-05-28,2,On Hold,14
PRJ-14623,Hospital Project 4623,Hospital,Dammam,AECOM Arabia,Royal Commission,41054653.68,66990939.0,25936285.32,63.18,2021-02-25,2021-07-01,2021-07-29,28,Delayed,158
PRJ-14624,Commercial Complex Project 4624,Commercial Complex,Dammam,Al Rashid Trading,Royal Commission,17141491.06,21057904.04,3916412.98,22.85,2021-10-11,2024-08-16,2024-08-23,7,Cancelled,311
PRJ-14625,School Project 4625,School,Dammam,Al Fouzan,Ministry of Health,145307765.39,164421975.02,19114209.63,13.15,2018-11-05,2020-10-06,2020-10-06,0,On Hold,22
PRJ-14626,Residential Building Project 4626,Residential Building,Abha,Nesma & Partners,Royal Commission,134785264.38,221537209.09,86751944.71,64.36,2019-12-10,2022-01-19,2022-01-31,12,Cancelled,456
PRJ-14627,Dam Project 4627,Dam,Tabuk,El Seif Engineering,Ministry of Transport,15873506.0,24357610.85,8484104.85,53.45,2022-12-03,2024-07-01,2024-07-02,1,In Progress,44
PRJ-14628,Highway Project 4628,Highway,Jazan,Al Rashid Trading,Private Developer,139126098.1,130881755.63,-8244342.47,-5.93,2022-11-14,2025-04-05,2025-04-07,2,Cancelled,340
PRJ-14629,Residential Building Project 4629,Residential Building,Jeddah,AECOM Arabia,Ministry of Education,5459536.58,5555274.21,95737.63,1.75,2021-11-09,2023-04-16,2023-04-19,3,Delayed,223
PRJ-14630,Commercial Complex Project 4630,Commercial Complex,Abha,SADEEM Construction,Ministry of Health,145526454.53,214337535.52,68811080.99,47.28,2019-10-18,2020-04-03,2020-05-06,33,On Hold,404
PRJ-14631,Hospital Project 4631,Hospital,Medina,Nesma & Partners,NEOM Co.,116532840.85,123585656.0,7052815.15,6.05,2022-10-01,2023-05-09,2023-05-09,0,On Hold,30
PRJ-14632,Airport Terminal Project 4632,Airport Terminal,Jeddah,Saudi Binladin Group,Aramco,119724602.17,129151987.89,9427385.72,7.87,2020-12-17,2021-12-18,2021-12-18,0,On Hold,47
PRJ-14633,Metro Rail Project 4633,Metro Rail,Qassim,Al Bawani,Private Developer,47524641.59,50772144.47,3247502.88,6.83,2022-05-05,2022-09-16,2022-09-16,0,Delayed,136
PRJ-14634,Dam Project 4634,Dam,Mecca,Al Bawani,Aramco,80259533.63,92060567.69,11801034.06,14.7,2018-10-06,2021-04-11,2021-04-11,0,On Hold,396
PRJ-14635,Metro Rail Project 4635,Metro Rail,Medina,Saudi Binladin Group,Ministry of Housing,147268219.0,215116534.64,67848315.64,46.07,2022-10-11,2024-06-25,2024-07-10,15,Cancelled,321
PRJ-14636,Residential Building Project 4636,Residential Building,Tabuk,Al Bawani,Ministry of Housing,15414569.1,17682569.06,2267999.96,14.71,2018-09-05,2020-06-15,2020-07-29,44,Delayed,374
PRJ-14637,Residential Building Project 4637,Residential Building,Tabuk,Saudi Binladin Group,Aramco,6388829.35,6446161.77,57332.42,0.9,2022-01-18,2024-03-29,2024-03-29,0,In Progress,184
PRJ-14638,Airport Terminal Project 4638,Airport Terminal,Abha,AECOM Arabia,Ministry of Housing,91791091.26,85895813.04,-5895278.22,-6.42,2019-01-13,2021-01-21,2021-01-21,0,Completed,59
PRJ-14639,School Project 4639,School,Abha,AECOM Arabia,Private Developer,138643156.62,128009465.53,-10633691.09,-7.67,2018-02-15,2019-07-18,2019-07-18,0,Completed,92
PRJ-14640,Industrial Plant Project 4640,Industrial Plant,Abha,SSEM,Ministry of Health,139536004.62,155410979.63,15874975.01,11.38,2019-06-13,2021-11-13,2021-12-19,36,Delayed,299
PRJ-14641,Airport Terminal Project 4641,Airport Terminal,Medina,Al Arrab,NEOM Co.,58917176.98,66119378.22,7202201.24,12.22,2020-07-25,2020-12-14,2020-12-14,0,Cancelled,431
PRJ-14642,Airport Terminal Project 4642,Airport Terminal,Mecca,AECOM Arabia,Royal Commission,90419929.58,99596908.32,9176978.74,10.15,2018-06-03,2020-05-06,2020-05-06,0,Cancelled,86
PRJ-14643,Residential Building Project 4643,Residential Building,Medina,Al Rashid Trading,Aramco,58680110.17,96346520.06,37666409.89,64.19,2022-09-24,2025-01-02,2025-01-22,20,On Hold,361
PRJ-14644,Hospital Project 4644,Hospital,Jazan,El Seif Engineering,Ministry of Health,32481469.14,35192325.46,2710856.32,8.35,2019-12-27,2021-04-30,2021-05-16,16,Cancelled,333
PRJ-14645,Commercial Complex Project 4645,Commercial Complex,Medina,Saudi Binladin Group,Private Developer,114884170.81,124529428.62,9645257.81,8.4,2021-03-22,2024-03-19,2024-05-01,43,Delayed,130
PRJ-14646,Airport Terminal Project 4646,Airport Terminal,Neom,Al Arrab,Private Developer,12667852.34,13025531.18,357678.84,2.82,2018-07-25,2020-08-17,2020-08-17,0,Cancelled,207
PRJ-14647,Highway Project 4647,Highway,Neom,Al Fouzan,Ministry of Transport,61845470.35,75812754.07,13967283.72,22.58,2022-12-23,2025-06-13,2025-10-24,133,In Progress,21
PRJ-14648,Dam Project 4648,Dam,Dammam,SADEEM Construction,Ministry of Education,38834546.25,48265685.11,9431138.86,24.29,2019-06-06,2020-10-02,2020-12-07,66,Completed,467
PRJ-14649,Bridge Project 4649,Bridge,Neom,Al Fouzan,Royal Commission,90076757.46,104158738.52,14081981.06,15.63,2019-05-30,2021-01-10,2021-01-13,3,Cancelled,391
PRJ-14650,Residential Building Project 4650,Residential Building,Tabuk,Al Bawani,Ministry of Transport,141661439.33,159454326.35,17792887.02,12.56,2019-05-18,2021-03-28,2021-04-23,26,Cancelled,122
PRJ-14651,Hospital Project 4651,Hospital,Mecca,SADEEM Construction,NEOM Co.,94037243.5,100543913.63,6506670.13,6.92,2021-08-01,2023-09-21,2023-12-02,72,Cancelled,289
PRJ-14652,Airport Terminal Project 4652,Airport Terminal,Jeddah,AECOM Arabia,NEOM Co.,76014949.41,75096454.29,-918495.12,-1.21,2020-06-06,2020-09-19,2020-12-23,95,Cancelled,110
PRJ-14653,Highway Project 4653,Highway,Tabuk,AECOM Arabia,Ministry of Health,108089756.88,117206512.03,9116755.15,8.43,2018-10-18,2021-04-24,2021-04-24,0,In Progress,81
PRJ-14654,Bridge Project 4654,Bridge,Abha,Al Bawani,Ministry of Transport,102111432.11,112435255.16,10323823.05,10.11,2022-07-10,2022-12-31,2023-01-12,12,Delayed,72
PRJ-14655,Airport Terminal Project 4655,Airport Terminal,Medina,AECOM Arabia,Royal Commission,102789345.75,121879773.22,19090427.47,18.57,2019-11-26,2022-11-08,2022-11-15,7,Cancelled,430
PRJ-14656,Residential Building Project 4656,Residential Building,Dammam,Nesma & Partners,Ministry of Housing,28632109.58,34101335.21,5469225.63,19.1,2022-10-30,2023-04-28,2023-04-28,0,Completed,225
PRJ-14657,Highway Project 4657,Highway,Neom,SADEEM Construction,Royal Commission,65039595.31,62584923.96,-2454671.35,-3.77,2023-02-16,2025-10-21,2026-02-02,104,Cancelled,156
PRJ-14658,Industrial Plant Project 4658,Industrial Plant,Jazan,Al Rashid Trading,Royal Commission,88311333.53,130882633.29,42571299.76,48.21,2019-03-14,2021-04-24,2021-04-30,6,Delayed,366
PRJ-14659,Bridge Project 4659,Bridge,Neom,El Seif Engineering,Ministry of Housing,117663596.82,185867484.54,68203887.72,57.97,2019-03-21,2021-07-18,2021-07-21,3,Completed,433
PRJ-14660,Airport Terminal Project 4660,Airport Terminal,Abha,Al Arrab,Ministry of Education,29597132.26,48495105.31,18897973.05,63.85,2021-03-19,2023-11-11,2023-12-09,28,On Hold,337
PRJ-14661,Dam Project 4661,Dam,Mecca,SSEM,Ministry of Education,132418281.95,148848612.2,16430330.25,12.41,2021-07-23,2023-08-13,2024-09-07,391,Completed,50
PRJ-14662,Residential Building Project 4662,Residential Building,Mecca,Saudi Binladin Group,Ministry of Transport,16283558.51,20360895.06,4077336.55,25.04,2019-05-28,2021-01-28,2021-02-03,6,Cancelled,98
PRJ-14663,School Project 4663,School,Riyadh,El Seif Engineering,Ministry of Education,119087836.9,164077462.25,44989625.35,37.78,2021-12-28,2023-07-21,2023-07-25,4,Delayed,339
PRJ-14664,Bridge Project 4664,Bridge,Medina,SADEEM Construction,NEOM Co.,48874851.8,67424528.8,18549677.0,37.95,2019-10-27,2020-06-09,2020-06-21,12,Cancelled,76
PRJ-14665,Highway Project 4665,Highway,Mecca,Nesma & Partners,Royal Commission,70316413.22,68539855.52,-1776557.7,-2.53,2022-04-15,2025-01-05,2025-02-24,50,In Progress,243
PRJ-14666,Dam Project 4666,Dam,Mecca,Al Fouzan,Ministry of Education,118597266.33,119219084.15,621817.82,0.52,2019-11-26,2022-01-14,2022-01-15,1,Cancelled,279
PRJ-14667,Hospital Project 4667,Hospital,Dammam,El Seif Engineering,Aramco,98594382.32,103735458.43,5141076.11,5.21,2023-03-11,2026-01-22,2026-03-20,57,Completed,126
PRJ-14668,School Project 4668,School,Medina,Al Bawani,Ministry of Transport,49415145.07,50366794.05,951648.98,1.93,2022-08-21,2024-07-07,2024-07-30,23,On Hold,287
PRJ-14669,Airport Terminal Project 4669,Airport Terminal,Mecca,Nesma & Partners,Ministry of Housing,121767861.11,137852298.86,16084437.75,13.21,2022-03-13,2024-07-26,2024-07-26,0,Delayed,470
PRJ-14670,Metro Rail Project 4670,Metro Rail,Qassim,Al Rashid Trading,Royal Commission,22221110.94,23091043.42,869932.48,3.91,2020-10-27,2022-12-05,2022-12-05,0,On Hold,38
PRJ-14671,School Project 4671,School,Neom,Al Rashid Trading,NEOM Co.,116336751.11,157809111.13,41472360.02,35.65,2019-11-29,2021-08-18,2021-08-30,12,Completed,86
PRJ-14672,Hospital Project 4672,Hospital,Mecca,Al Arrab,Aramco,8006861.66,8668281.5,661419.84,8.26,2020-05-09,2022-12-27,2022-12-27,0,On Hold,313
PRJ-14673,Industrial Plant Project 4673,Industrial Plant,Abha,SSEM,Ministry of Education,23321620.51,26800623.19,3479002.68,14.92,2021-09-22,2023-06-11,2023-06-11,0,Cancelled,274
PRJ-14674,School Project 4674,School,Medina,Al Arrab,Aramco,53639694.81,52806464.31,-833230.5,-1.55,2019-04-06,2021-12-15,2021-12-15,0,Delayed,409
PRJ-14675,Hospital Project 4675,Hospital,Neom,Nesma & Partners,Aramco,126212902.02,147326684.74,21113782.72,16.73,2021-12-29,2022-07-24,2022-07-25,1,In Progress,127
PRJ-14676,Hospital Project 4676,Hospital,Riyadh,El Seif Engineering,Private Developer,55815529.32,88155240.44,32339711.12,57.94,2019-03-14,2020-09-25,2020-10-05,10,In Progress,215
PRJ-14677,Bridge Project 4677,Bridge,Qassim,AECOM Arabia,Ministry of Health,112763794.83,160321920.74,47558125.91,42.17,2022-08-29,2025-05-19,2025-05-20,1,Cancelled,493
PRJ-14678,Metro Rail Project 4678,Metro Rail,Jazan,SSEM,Aramco,79331220.4,87292623.53,7961403.13,10.04,2020-09-07,2022-11-30,2023-02-07,69,In Progress,20
PRJ-14679,Residential Building Project 4679,Residential Building,Qassim,El Seif Engineering,Ministry of Housing,86337218.94,107200497.82,20863278.88,24.16,2018-03-03,2020-08-16,2020-09-05,20,Cancelled,428
PRJ-14680,School Project 4680,School,Abha,AECOM Arabia,Ministry of Housing,68687757.23,99911009.4,31223252.17,45.46,2019-01-09,2020-05-17,2020-05-23,6,Delayed,310
PRJ-14681,Hospital Project 4681,Hospital,Jeddah,SADEEM Construction,Ministry of Housing,67974736.89,71961233.73,3986496.84,5.86,2021-12-03,2023-10-02,2024-01-05,95,Completed,349
PRJ-14682,Airport Terminal Project 4682,Airport Terminal,Riyadh,Saudi Binladin Group,Private Developer,102570204.02,141625517.86,39055313.84,38.08,2023-04-10,2025-04-15,2025-07-08,84,In Progress,149
PRJ-14683,Highway Project 4683,Highway,Dammam,SSEM,Private Developer,130755299.69,150139025.99,19383726.3,14.82,2023-06-22,2026-03-05,2026-03-05,0,On Hold,226
PRJ-14684,Hospital Project 4684,Hospital,Dammam,AECOM Arabia,Private Developer,54337598.47,52979651.45,-1357947.02,-2.5,2020-11-23,2023-06-06,2023-11-28,175,Completed,243
PRJ-14685,Commercial Complex Project 4685,Commercial Complex,Neom,SSEM,NEOM Co.,80561119.46,116409967.86,35848848.4,44.5,2019-11-11,2022-03-10,2022-03-17,7,Delayed,115
PRJ-14686,Bridge Project 4686,Bridge,Tabuk,Al Rashid Trading,Ministry of Health,79444734.07,81301215.2,1856481.13,2.34,2020-02-04,2021-08-21,2021-08-21,0,On Hold,237
PRJ-14687,Bridge Project 4687,Bridge,Mecca,Nesma & Partners,Ministry of Health,40685165.88,48806313.31,8121147.43,19.96,2022-09-02,2025-02-26,2025-02-26,0,On Hold,175
PRJ-14688,Residential Building Project 4688,Residential Building,Medina,El Seif Engineering,Ministry of Housing,11220722.87,11487842.51,267119.64,2.38,2021-12-22,2023-01-22,2023-01-23,1,Completed,141
PRJ-14689,Residential Building Project 4689,Residential Building,Jazan,SSEM,Aramco,145675332.56,173903053.05,28227720.49,19.38,2023-01-08,2025-01-11,2025-01-11,0,Cancelled,25
PRJ-14690,School Project 4690,School,Jeddah,AECOM Arabia,Ministry of Housing,98411696.35,100495011.41,2083315.06,2.12,2022-09-22,2024-04-26,2024-06-28,63,On Hold,319
PRJ-14691,Dam Project 4691,Dam,Mecca,SSEM,NEOM Co.,145820293.08,137484542.38,-8335750.7,-5.72,2022-09-26,2025-03-16,2025-03-16,0,On Hold,71
PRJ-14692,Highway Project 4692,Highway,Mecca,Al Rashid Trading,Royal Commission,15618215.63,20436471.68,4818256.05,30.85,2020-05-16,2021-09-17,2021-09-20,3,Completed,121
PRJ-14693,Highway Project 4693,Highway,Tabuk,Al Rashid Trading,Ministry of Health,117255672.91,118428247.62,1172574.71,1.0,2022-10-02,2025-08-09,2025-08-09,0,In Progress,462
PRJ-14694,Hospital Project 4694,Hospital,Tabuk,Al Bawani,Ministry of Education,146695450.17,151144142.47,4448692.3,3.03,2022-02-16,2024-05-31,2024-05-31,0,Delayed,383
PRJ-14695,Residential Building Project 4695,Residential Building,Jazan,Al Bawani,Aramco,22992058.34,23906912.9,914854.56,3.98,2018-04-24,2020-08-25,2020-08-25,0,In Progress,344
PRJ-14696,Metro Rail Project 4696,Metro Rail,Mecca,SSEM,Ministry of Health,102016056.23,117284568.21,15268511.98,14.97,2023-04-25,2024-04-23,2024-04-23,0,Completed,103
PRJ-14697,School Project 4697,School,Jeddah,SADEEM Construction,Ministry of Transport,69085859.35,74480224.72,5394365.37,7.81,2020-04-09,2022-05-11,2022-05-11,0,Cancelled,212
PRJ-14698,Highway Project 4698,Highway,Jazan,Al Fouzan,Ministry of Health,40468034.47,66318106.59,25850072.12,63.88,2019-09-03,2021-11-15,2021-12-16,31,Completed,308
PRJ-14699,Hospital Project 4699,Hospital,Jeddah,AECOM Arabia,Royal Commission,7833509.1,9133552.01,1300042.91,16.6,2022-12-26,2024-05-01,2024-05-01,0,Completed,41
PRJ-14700,School Project 4700,School,Medina,Al Arrab,NEOM Co.,84561234.16,136474370.93,51913136.77,61.39,2023-03-11,2025-06-06,2025-06-14,8,Delayed,357
PRJ-14701,Commercial Complex Project 4701,Commercial Complex,Abha,SADEEM Construction,Ministry of Housing,72761468.31,72412075.21,-349393.1,-0.48,2020-11-11,2022-05-11,2022-05-23,12,Completed,456
PRJ-14702,Industrial Plant Project 4702,Industrial Plant,Qassim,El Seif Engineering,Aramco,37045605.43,42597063.98,5551458.55,14.99,2022-02-26,2022-12-22,2022-12-22,0,In Progress,457
PRJ-14703,Dam Project 4703,Dam,Medina,AECOM Arabia,Ministry of Health,92354296.39,95639778.48,3285482.09,3.56,2023-03-22,2024-06-27,2024-09-08,73,In Progress,401
PRJ-14704,Metro Rail Project 4704,Metro Rail,Tabuk,AECOM Arabia,Ministry of Health,18610216.79,23379822.37,4769605.58,25.63,2020-08-01,2022-01-24,2022-06-25,152,Delayed,274
PRJ-14705,Metro Rail Project 4705,Metro Rail,Neom,Saudi Binladin Group,Ministry of Education,149746886.09,165992862.96,16245976.87,10.85,2019-01-09,2019-07-09,2019-07-09,0,On Hold,321
PRJ-14706,Metro Rail Project 4706,Metro Rail,Jeddah,Al Fouzan,Private Developer,46604991.5,68759970.42,22154978.92,47.54,2021-01-29,2023-04-19,2023-06-20,62,On Hold,14
PRJ-14707,Residential Building Project 4707,Residential Building,Dammam,AECOM Arabia,Ministry of Transport,2804567.33,3211392.66,406825.33,14.51,2022-05-09,2023-03-17,2023-03-17,0,In Progress,210
PRJ-14708,Airport Terminal Project 4708,Airport Terminal,Neom,Al Rashid Trading,Ministry of Education,45428750.21,46839979.43,1411229.22,3.11,2019-06-21,2021-12-31,2022-01-04,4,In Progress,232
PRJ-14709,Airport Terminal Project 4709,Airport Terminal,Qassim,SADEEM Construction,Aramco,70552680.75,76275197.36,5722516.61,8.11,2020-10-20,2022-01-21,2022-02-06,16,Cancelled,44
PRJ-14710,Airport Terminal Project 4710,Airport Terminal,Mecca,Nesma & Partners,Royal Commission,26246639.17,43099286.68,16852647.51,64.21,2022-01-19,2022-06-22,2022-08-04,43,Completed,252
PRJ-14711,School Project 4711,School,Tabuk,Al Fouzan,NEOM Co.,116779841.27,115469698.78,-1310142.49,-1.12,2019-03-27,2019-11-30,2019-11-30,0,In Progress,363
PRJ-14712,Airport Terminal Project 4712,Airport Terminal,Tabuk,Al Bawani,Ministry of Education,37098939.73,35811597.72,-1287342.01,-3.47,2018-02-22,2020-04-06,2020-04-06,0,In Progress,12
PRJ-14713,Highway Project 4713,Highway,Dammam,Al Bawani,NEOM Co.,20935913.64,27935214.52,6999300.88,33.43,2023-03-17,2025-02-26,2025-03-22,24,In Progress,288
PRJ-14714,Dam Project 4714,Dam,Qassim,AECOM Arabia,Ministry of Education,105972647.77,117000586.58,11027938.81,10.41,2020-02-07,2020-08-21,2020-08-21,0,Cancelled,342
PRJ-14715,School Project 4715,School,Mecca,SSEM,NEOM Co.,44203830.04,44163750.5,-40079.54,-0.09,2020-12-13,2022-05-07,2022-05-07,0,On Hold,146
PRJ-14716,School Project 4716,School,Mecca,Al Fouzan,Royal Commission,102386423.05,102881388.94,494965.89,0.48,2020-07-20,2020-11-21,2020-11-21,0,In Progress,62
PRJ-14717,Residential Building Project 4717,Residential Building,Jeddah,Al Bawani,Royal Commission,32287166.85,34471953.1,2184786.25,6.77,2021-11-02,2024-02-13,2024-02-27,14,Cancelled,255
PRJ-14718,Hospital Project 4718,Hospital,Abha,SADEEM Construction,Royal Commission,13702751.82,15745032.84,2042281.02,14.9,2018-02-22,2020-06-29,2020-06-29,0,Completed,343
PRJ-14719,Residential Building Project 4719,Residential Building,Tabuk,Al Bawani,Ministry of Housing,128040152.68,115468883.63,-12571269.05,-9.82,2018-01-04,2018-07-24,2018-07-31,7,On Hold,259
PRJ-14720,Metro Rail Project 4720,Metro Rail,Jazan,SADEEM Construction,Private Developer,110954701.88,129234310.55,18279608.67,16.47,2020-06-10,2022-02-01,2022-02-08,7,Cancelled,425
PRJ-14721,Airport Terminal Project 4721,Airport Terminal,Abha,Al Arrab,Ministry of Transport,10088220.21,9764195.41,-324024.8,-3.21,2020-02-26,2022-09-22,2022-09-22,0,Delayed,134
PRJ-14722,Bridge Project 4722,Bridge,Medina,SADEEM Construction,Ministry of Education,119038890.61,135861339.74,16822449.13,14.13,2019-07-21,2021-01-14,2021-01-14,0,In Progress,111
PRJ-14723,Dam Project 4723,Dam,Neom,Nesma & Partners,NEOM Co.,31459181.32,31483535.56,24354.24,0.08,2022-11-08,2025-04-28,2025-04-28,0,In Progress,267
PRJ-14724,Commercial Complex Project 4724,Commercial Complex,Neom,El Seif Engineering,Royal Commission,20568643.65,33809448.25,13240804.6,64.37,2019-01-07,2019-04-07,2019-04-09,2,Cancelled,463
PRJ-14725,Dam Project 4725,Dam,Medina,SADEEM Construction,Royal Commission,98511295.71,104680955.0,6169659.29,6.26,2019-10-24,2020-03-13,2020-03-13,0,Delayed,14
PRJ-14726,Hospital Project 4726,Hospital,Riyadh,SADEEM Construction,Ministry of Education,114942025.81,171881065.69,56939039.88,49.54,2022-03-20,2022-10-29,2022-12-22,54,Cancelled,228
PRJ-14727,Highway Project 4727,Highway,Neom,El Seif Engineering,Private Developer,2972647.67,4084192.7,1111545.03,37.39,2023-04-29,2024-07-25,2024-07-31,6,On Hold,203
PRJ-14728,Residential Building Project 4728,Residential Building,Neom,Al Bawani,Royal Commission,56676022.5,78344616.72,21668594.22,38.23,2018-08-24,2020-07-08,2020-11-06,121,Delayed,258
PRJ-14729,Bridge Project 4729,Bridge,Abha,Al Arrab,Royal Commission,143504061.86,221163526.83,77659464.97,54.12,2021-06-11,2022-04-06,2022-04-12,6,Delayed,278
PRJ-14730,Dam Project 4730,Dam,Mecca,Al Bawani,Royal Commission,48542169.72,58098639.61,9556469.89,19.69,2021-09-02,2024-06-12,2024-06-12,0,In Progress,67
PRJ-14731,Metro Rail Project 4731,Metro Rail,Qassim,SADEEM Construction,Private Developer,24074456.47,25396190.97,1321734.5,5.49,2023-05-17,2024-05-11,2024-05-11,0,On Hold,43
PRJ-14732,School Project 4732,School,Medina,AECOM Arabia,Royal Commission,119030257.81,145748652.23,26718394.42,22.45,2019-11-26,2020-08-27,2020-09-13,17,On Hold,152
PRJ-14733,Bridge Project 4733,Bridge,Jazan,Nesma & Partners,Aramco,147960191.43,197269061.63,49308870.2,33.33,2019-04-01,2019-11-22,2019-12-08,16,On Hold,199
PRJ-14734,School Project 4734,School,Jeddah,AECOM Arabia,Aramco,8653679.27,9974776.12,1321096.85,15.27,2021-01-27,2023-12-03,2023-12-03,0,On Hold,180
PRJ-14735,Hospital Project 4735,Hospital,Jazan,AECOM Arabia,Ministry of Transport,97401123.32,84050899.91,-13350223.41,-13.71,2022-02-05,2022-09-12,2022-09-27,15,Completed,480
PRJ-14736,Residential Building Project 4736,Residential Building,Tabuk,AECOM Arabia,Ministry of Housing,88954488.68,80091159.87,-8863328.81,-9.96,2019-08-11,2020-10-01,2020-10-01,0,In Progress,204
PRJ-14737,Hospital Project 4737,Hospital,Qassim,Al Fouzan,Private Developer,92606735.04,92719127.56,112392.52,0.12,2019-10-23,2020-02-23,2020-06-19,117,Delayed,165
PRJ-14738,Highway Project 4738,Highway,Mecca,Al Arrab,NEOM Co.,29187188.68,31988617.95,2801429.27,9.6,2021-09-08,2024-05-05,2024-05-05,0,In Progress,106
PRJ-14739,Metro Rail Project 4739,Metro Rail,Medina,Al Rashid Trading,Ministry of Housing,8527729.6,8268022.04,-259707.56,-3.05,2022-04-12,2024-09-11,2024-09-22,11,Delayed,459
PRJ-14740,Bridge Project 4740,Bridge,Tabuk,AECOM Arabia,Ministry of Education,87236367.28,95831726.98,8595359.7,9.85,2023-03-26,2024-05-10,2024-05-10,0,Cancelled,20
PRJ-14741,Metro Rail Project 4741,Metro Rail,Abha,Nesma & Partners,NEOM Co.,108309810.11,99796637.52,-8513172.59,-7.86,2021-12-12,2024-03-28,2024-04-05,8,Completed,278
PRJ-14742,Dam Project 4742,Dam,Qassim,SSEM,Royal Commission,12263206.71,19702994.11,7439787.4,60.67,2020-08-21,2022-08-29,2022-09-14,16,In Progress,408
PRJ-14743,Dam Project 4743,Dam,Medina,SSEM,Ministry of Health,33050490.62,30760456.55,-2290034.07,-6.93,2018-04-08,2019-03-17,2019-03-25,8,In Progress,307
PRJ-14744,Airport Terminal Project 4744,Airport Terminal,Medina,Al Arrab,Ministry of Health,91032755.95,124200082.37,33167326.42,36.43,2018-02-25,2019-07-21,2019-08-24,34,On Hold,267
PRJ-14745,Hospital Project 4745,Hospital,Tabuk,Saudi Binladin Group,Ministry of Housing,129238971.34,123754797.35,-5484173.99,-4.24,2021-08-09,2023-10-10,2023-10-29,19,Completed,237
PRJ-14746,Highway Project 4746,Highway,Neom,Al Arrab,NEOM Co.,43766067.04,48087046.72,4320979.68,9.87,2021-06-02,2024-04-24,2024-04-24,0,Completed,361
PRJ-14747,Commercial Complex Project 4747,Commercial Complex,Riyadh,SSEM,Ministry of Transport,92161735.07,97627012.49,5465277.42,5.93,2019-01-08,2021-04-04,2021-04-04,0,Delayed,85
PRJ-14748,Dam Project 4748,Dam,Qassim,Nesma & Partners,Royal Commission,102603180.59,159554092.94,56950912.35,55.51,2020-03-01,2021-03-22,2021-04-21,30,Delayed,353
PRJ-14749,Commercial Complex Project 4749,Commercial Complex,Tabuk,Al Arrab,Ministry of Education,88109448.43,92423791.43,4314343.0,4.9,2018-05-19,2018-12-18,2019-02-01,45,Cancelled,292
PRJ-14750,Dam Project 4750,Dam,Dammam,SADEEM Construction,Royal Commission,101888296.4,119276373.28,17388076.88,17.07,2018-07-05,2020-04-21,2020-04-21,0,Cancelled,245
PRJ-14751,Residential Building Project 4751,Residential Building,Qassim,Al Bawani,Private Developer,58166983.02,83168981.15,25001998.13,42.98,2020-10-10,2021-01-15,2021-03-01,45,In Progress,363
PRJ-14752,Airport Terminal Project 4752,Airport Terminal,Riyadh,Al Fouzan,Ministry of Transport,9399166.43,8968228.55,-430937.88,-4.58,2020-03-13,2022-07-10,2022-08-05,26,In Progress,233
PRJ-14753,Airport Terminal Project 4753,Airport Terminal,Medina,AECOM Arabia,Royal Commission,145114216.25,136085070.55,-9029145.7,-6.22,2022-04-25,2022-08-27,2022-10-16,50,Completed,188
PRJ-14754,Commercial Complex Project 4754,Commercial Complex,Medina,Saudi Binladin Group,Ministry of Health,18701923.65,21056707.9,2354784.25,12.59,2020-04-30,2022-04-10,2022-08-07,119,Cancelled,64
PRJ-14755,Hospital Project 4755,Hospital,Abha,Al Bawani,Ministry of Transport,5718425.93,6075784.39,357358.46,6.25,2020-07-10,2022-04-27,2022-04-27,0,In Progress,257
PRJ-14756,Airport Terminal Project 4756,Airport Terminal,Tabuk,Al Rashid Trading,Ministry of Education,58482842.4,54407930.33,-4074912.07,-6.97,2022-12-02,2024-10-04,2024-10-04,0,Completed,157
PRJ-14757,Metro Rail Project 4757,Metro Rail,Dammam,SADEEM Construction,Aramco,120387098.64,175196352.7,54809254.06,45.53,2020-08-26,2021-07-10,2021-09-21,73,On Hold,362
PRJ-14758,Bridge Project 4758,Bridge,Neom,Saudi Binladin Group,Royal Commission,123452135.35,130965229.94,7513094.59,6.09,2019-03-18,2020-12-10,2020-12-17,7,Cancelled,114
PRJ-14759,School Project 4759,School,Qassim,El Seif Engineering,Ministry of Health,31674867.27,50943755.31,19268888.04,60.83,2018-11-28,2020-05-24,2020-07-06,43,Delayed,351
PRJ-14760,School Project 4760,School,Riyadh,Al Arrab,Ministry of Education,107667162.41,125371953.77,17704791.36,16.44,2020-01-31,2021-09-04,2021-09-04,0,Delayed,239
PRJ-14761,Bridge Project 4761,Bridge,Tabuk,SADEEM Construction,Aramco,95985514.69,114281245.68,18295730.99,19.06,2018-01-07,2020-07-15,2020-07-29,14,On Hold,256
PRJ-14762,Highway Project 4762,Highway,Tabuk,Saudi Binladin Group,Private Developer,11760554.11,13038252.24,1277698.13,10.86,2019-01-02,2019-05-12,2019-05-12,0,Cancelled,343
PRJ-14763,Metro Rail Project 4763,Metro Rail,Qassim,Al Bawani,Aramco,66045119.36,85602994.39,19557875.03,29.61,2021-07-10,2021-11-03,2021-11-27,24,Delayed,280
PRJ-14764,Dam Project 4764,Dam,Dammam,Al Rashid Trading,Royal Commission,41967684.09,51477904.49,9510220.4,22.66,2020-10-28,2022-06-06,2022-06-25,19,On Hold,332
PRJ-14765,Highway Project 4765,Highway,Riyadh,Al Bawani,Ministry of Housing,58569869.57,88237869.27,29667999.7,50.65,2019-08-14,2020-04-16,2020-08-27,133,Completed,199
PRJ-14766,Residential Building Project 4766,Residential Building,Jazan,SADEEM Construction,Ministry of Transport,67949018.55,106436436.38,38487417.83,56.64,2020-04-11,2020-11-06,2020-12-03,27,Completed,229
PRJ-14767,Commercial Complex Project 4767,Commercial Complex,Jeddah,Al Fouzan,Royal Commission,130001926.62,151728714.56,21726787.94,16.71,2020-02-23,2022-02-26,2022-02-26,0,Delayed,18
PRJ-14768,Industrial Plant Project 4768,Industrial Plant,Jazan,Al Fouzan,Ministry of Housing,40865746.97,37208047.93,-3657699.04,-8.95,2018-03-26,2018-08-06,2018-08-06,0,Cancelled,164
PRJ-14769,Residential Building Project 4769,Residential Building,Qassim,AECOM Arabia,NEOM Co.,39529486.58,62357301.06,22827814.48,57.75,2021-07-06,2022-02-14,2022-02-23,9,Cancelled,328
PRJ-14770,Residential Building Project 4770,Residential Building,Abha,SADEEM Construction,Private Developer,97561788.56,93493742.64,-4068045.92,-4.17,2019-05-11,2021-05-08,2021-05-10,2,Cancelled,494
PRJ-14771,Residential Building Project 4771,Residential Building,Medina,Al Arrab,Ministry of Transport,23773580.77,34194283.44,10420702.67,43.83,2019-03-22,2021-01-15,2021-02-13,29,In Progress,165
PRJ-14772,Hospital Project 4772,Hospital,Tabuk,Al Bawani,Aramco,129016764.63,130482865.46,1466100.83,1.14,2018-03-20,2019-10-27,2020-01-19,84,Delayed,43
PRJ-14773,Industrial Plant Project 4773,Industrial Plant,Dammam,SADEEM Construction,Private Developer,46810986.47,45504813.16,-1306173.31,-2.79,2021-07-26,2023-08-17,2023-08-17,0,On Hold,215
PRJ-14774,Bridge Project 4774,Bridge,Neom,Saudi Binladin Group,Ministry of Housing,54134854.34,70921534.22,16786679.88,31.01,2018-03-13,2020-06-27,2020-09-08,73,Cancelled,19
PRJ-14775,Industrial Plant Project 4775,Industrial Plant,Qassim,Al Bawani,Ministry of Health,110859688.65,96790078.78,-14069609.87,-12.69,2021-07-18,2023-03-07,2023-03-27,20,Delayed,15
PRJ-14776,Metro Rail Project 4776,Metro Rail,Abha,El Seif Engineering,Ministry of Education,10097225.16,14388861.17,4291636.01,42.5,2021-03-02,2021-07-22,2021-08-14,23,In Progress,47
PRJ-14777,Dam Project 4777,Dam,Riyadh,AECOM Arabia,Aramco,32691913.87,36502904.17,3810990.3,11.66,2020-03-26,2022-12-19,2022-12-19,0,Cancelled,62
PRJ-14778,Bridge Project 4778,Bridge,Riyadh,Al Rashid Trading,Private Developer,121694533.14,176108465.22,54413932.08,44.71,2021-05-19,2022-09-09,2022-09-24,15,Completed,196
PRJ-14779,Residential Building Project 4779,Residential Building,Jeddah,Al Arrab,Private Developer,60902477.57,67206200.01,6303722.44,10.35,2019-06-19,2020-08-15,2020-08-15,0,In Progress,199
PRJ-14780,Dam Project 4780,Dam,Medina,El Seif Engineering,NEOM Co.,114717558.87,129208374.57,14490815.7,12.63,2019-12-17,2022-08-19,2023-01-10,144,On Hold,216
PRJ-14781,Metro Rail Project 4781,Metro Rail,Qassim,SSEM,Ministry of Health,61950596.7,58833615.48,-3116981.22,-5.03,2022-04-27,2023-01-18,2023-01-18,0,Cancelled,191
PRJ-14782,Dam Project 4782,Dam,Neom,SADEEM Construction,Ministry of Education,31008922.23,49106860.2,18097937.97,58.36,2020-01-16,2021-01-26,2021-09-22,239,Cancelled,325
PRJ-14783,Dam Project 4783,Dam,Jeddah,SSEM,Ministry of Transport,59493440.27,64138664.26,4645223.99,7.81,2019-03-28,2021-04-23,2021-04-28,5,On Hold,58
PRJ-14784,School Project 4784,School,Riyadh,SADEEM Construction,NEOM Co.,68530229.87,67652707.05,-877522.82,-1.28,2023-04-05,2024-07-29,2024-07-29,0,Delayed,239
PRJ-14785,Commercial Complex Project 4785,Commercial Complex,Abha,Al Fouzan,Ministry of Housing,35420072.93,30329356.14,-5090716.79,-14.37,2019-06-27,2022-02-09,2022-03-20,39,In Progress,230
PRJ-14786,Industrial Plant Project 4786,Industrial Plant,Mecca,Al Fouzan,NEOM Co.,81114963.84,92319377.21,11204413.37,13.81,2023-01-24,2024-12-27,2024-12-27,0,Delayed,382
PRJ-14787,Hospital Project 4787,Hospital,Mecca,El Seif Engineering,Aramco,40301128.8,43565014.58,3263885.78,8.1,2019-03-25,2021-10-25,2021-10-25,0,Cancelled,32
PRJ-14788,Industrial Plant Project 4788,Industrial Plant,Neom,Al Bawani,Ministry of Education,100500565.79,121271993.32,20771427.53,20.67,2020-05-27,2022-12-21,2023-01-21,31,Cancelled,423
PRJ-14789,Bridge Project 4789,Bridge,Jazan,Al Rashid Trading,Ministry of Health,52313409.19,60201079.7,7887670.51,15.08,2019-10-29,2022-09-06,2022-09-06,0,In Progress,428
PRJ-14790,Dam Project 4790,Dam,Abha,Saudi Binladin Group,Ministry of Education,113887670.57,113475004.52,-412666.05,-0.36,2021-09-13,2022-09-26,2022-09-26,0,Delayed,442
PRJ-14791,Industrial Plant Project 4791,Industrial Plant,Riyadh,Nesma & Partners,Ministry of Health,15901369.57,14715457.87,-1185911.7,-7.46,2018-09-11,2020-11-19,2020-11-21,2,In Progress,176
PRJ-14792,Hospital Project 4792,Hospital,Tabuk,Al Arrab,Aramco,87638969.5,98115463.37,10476493.87,11.95,2019-02-09,2020-11-30,2020-12-01,1,In Progress,435
PRJ-14793,Commercial Complex Project 4793,Commercial Complex,Medina,Al Bawani,Private Developer,113103355.44,111780549.49,-1322805.95,-1.17,2018-09-09,2021-07-26,2021-07-26,0,Completed,441
PRJ-14794,Residential Building Project 4794,Residential Building,Neom,Al Fouzan,Private Developer,114614557.54,128785514.21,14170956.67,12.36,2018-09-29,2021-08-06,2021-08-06,0,In Progress,453
PRJ-14795,Dam Project 4795,Dam,Tabuk,Saudi Binladin Group,Royal Commission,37251156.33,53947918.44,16696762.11,44.82,2023-01-23,2024-06-07,2024-07-16,39,Cancelled,473
PRJ-14796,Industrial Plant Project 4796,Industrial Plant,Qassim,Nesma & Partners,Ministry of Housing,59919361.89,75918828.9,15999467.01,26.7,2018-11-17,2020-05-09,2020-05-16,7,In Progress,115
PRJ-14797,Industrial Plant Project 4797,Industrial Plant,Riyadh,Nesma & Partners,Ministry of Transport,138248939.41,150951945.94,12703006.53,9.19,2020-12-20,2022-08-02,2022-08-02,0,In Progress,87
PRJ-14798,School Project 4798,School,Jazan,Nesma & Partners,Ministry of Education,26351913.4,31405220.13,5053306.73,19.18,2019-05-15,2020-04-22,2020-05-26,34,On Hold,238
PRJ-14799,School Project 4799,School,Jazan,SADEEM Construction,Ministry of Health,88933555.2,112230400.89,23296845.69,26.2,2021-06-12,2024-03-01,2024-04-09,39,Cancelled,450
PRJ-14800,Commercial Complex Project 4800,Commercial Complex,Neom,SADEEM Construction,Ministry of Health,122190604.2,163986960.01,41796355.81,34.21,2023-06-09,2025-03-10,2025-04-17,38,Delayed,308
PRJ-14801,Highway Project 4801,Highway,Neom,SADEEM Construction,Private Developer,23043525.97,36840248.8,13796722.83,59.87,2021-06-04,2023-05-16,2023-12-22,220,On Hold,187
PRJ-14802,Dam Project 4802,Dam,Dammam,Al Arrab,Ministry of Health,20976286.01,21951103.08,974817.07,4.65,2019-06-18,2021-02-13,2021-02-13,0,Completed,475
PRJ-14803,Hospital Project 4803,Hospital,Medina,Al Arrab,Ministry of Health,39203866.92,55955824.65,16751957.73,42.73,2020-06-18,2023-03-24,2023-05-05,42,In Progress,26
PRJ-14804,Bridge Project 4804,Bridge,Jeddah,Al Arrab,Aramco,21562325.53,25079317.23,3516991.7,16.31,2021-12-31,2024-10-09,2024-10-09,0,Completed,257
PRJ-14805,Dam Project 4805,Dam,Neom,Saudi Binladin Group,Royal Commission,27555473.06,33496000.09,5940527.03,21.56,2019-09-12,2020-08-16,2020-10-02,47,Cancelled,123
PRJ-14806,Bridge Project 4806,Bridge,Medina,El Seif Engineering,Royal Commission,49576707.89,46972531.61,-2604176.28,-5.25,2023-06-16,2025-12-06,2025-12-06,0,Completed,272
PRJ-14807,Residential Building Project 4807,Residential Building,Jeddah,Al Arrab,Ministry of Health,25558331.29,28077543.58,2519212.29,9.86,2021-01-12,2022-01-23,2022-01-23,0,On Hold,79
PRJ-14808,Airport Terminal Project 4808,Airport Terminal,Riyadh,El Seif Engineering,Ministry of Transport,82789343.0,77542620.25,-5246722.75,-6.34,2020-12-18,2022-08-12,2022-08-12,0,Cancelled,339
PRJ-14809,Hospital Project 4809,Hospital,Medina,El Seif Engineering,Aramco,17348330.14,15989837.44,-1358492.7,-7.83,2019-07-20,2020-10-14,2020-10-14,0,In Progress,298
PRJ-14810,Dam Project 4810,Dam,Qassim,El Seif Engineering,Royal Commission,111693218.43,100160312.01,-11532906.42,-10.33,2019-05-19,2020-12-25,2021-01-31,37,Delayed,306
PRJ-14811,Commercial Complex Project 4811,Commercial Complex,Riyadh,Al Arrab,Ministry of Health,84260376.3,132541286.82,48280910.52,57.3,2020-10-21,2021-01-31,2021-02-02,2,On Hold,190
PRJ-14812,Residential Building Project 4812,Residential Building,Mecca,Al Arrab,Ministry of Housing,136114054.17,216550809.26,80436755.09,59.1,2018-10-17,2021-09-14,2021-10-19,35,In Progress,424
PRJ-14813,Highway Project 4813,Highway,Mecca,SSEM,NEOM Co.,121812228.05,139908844.23,18096616.18,14.86,2023-03-26,2023-11-19,2023-11-19,0,Cancelled,366
PRJ-14814,Highway Project 4814,Highway,Abha,El Seif Engineering,Ministry of Transport,85671323.66,84970340.28,-700983.38,-0.82,2018-03-30,2019-06-08,2019-06-08,0,Completed,281
PRJ-14815,Industrial Plant Project 4815,Industrial Plant,Riyadh,El Seif Engineering,Royal Commission,33060967.71,33000135.75,-60831.96,-0.18,2020-09-10,2023-05-15,2023-05-15,0,On Hold,482
PRJ-14816,Residential Building Project 4816,Residential Building,Abha,Nesma & Partners,Aramco,94460066.8,89906804.49,-4553262.31,-4.82,2021-03-01,2021-07-07,2021-07-07,0,Delayed,104
PRJ-14817,School Project 4817,School,Qassim,Al Arrab,Ministry of Health,39166715.38,40593953.58,1427238.2,3.64,2020-02-06,2022-12-17,2023-01-04,18,On Hold,292
PRJ-14818,Commercial Complex Project 4818,Commercial Complex,Abha,Al Bawani,NEOM Co.,88502228.62,128192955.18,39690726.56,44.85,2019-08-19,2020-03-12,2020-05-27,76,On Hold,110
PRJ-14819,Residential Building Project 4819,Residential Building,Qassim,SSEM,Aramco,100130778.82,107622207.51,7491428.69,7.48,2019-07-29,2022-05-29,2022-05-29,0,In Progress,326
PRJ-14820,Residential Building Project 4820,Residential Building,Neom,Nesma & Partners,Ministry of Housing,73448212.43,115002887.44,41554675.01,56.58,2018-04-17,2021-02-05,2021-02-11,6,On Hold,100
PRJ-14821,School Project 4821,School,Riyadh,SSEM,Ministry of Housing,37656132.3,34922020.82,-2734111.48,-7.26,2018-12-30,2021-01-05,2021-01-05,0,On Hold,156
PRJ-14822,Airport Terminal Project 4822,Airport Terminal,Tabuk,SSEM,NEOM Co.,112627269.29,129241683.61,16614414.32,14.75,2019-04-19,2019-09-20,2019-09-25,5,Completed,465
PRJ-14823,Hospital Project 4823,Hospital,Dammam,Nesma & Partners,Ministry of Transport,4728596.78,4674515.37,-54081.41,-1.14,2018-10-04,2019-06-28,2019-07-02,4,In Progress,404
PRJ-14824,Hospital Project 4824,Hospital,Mecca,Saudi Binladin Group,Aramco,8634314.1,9471817.42,837503.32,9.7,2021-04-28,2022-05-26,2022-05-26,0,Cancelled,360
PRJ-14825,Industrial Plant Project 4825,Industrial Plant,Jazan,Al Fouzan,Private Developer,125632665.47,194688064.79,69055399.32,54.97,2021-08-05,2022-07-01,2022-07-15,14,Delayed,194
PRJ-14826,Metro Rail Project 4826,Metro Rail,Mecca,SSEM,Ministry of Housing,32395312.9,32318118.99,-77193.91,-0.24,2020-08-31,2021-01-26,2021-01-26,0,Cancelled,98
PRJ-14827,Industrial Plant Project 4827,Industrial Plant,Abha,Al Rashid Trading,Ministry of Health,23035180.46,25020070.33,1984889.87,8.62,2021-05-11,2022-10-03,2022-10-03,0,Delayed,194
PRJ-14828,Hospital Project 4828,Hospital,Riyadh,SADEEM Construction,Royal Commission,63270503.84,92333172.29,29062668.45,45.93,2019-05-15,2021-02-20,2021-03-20,28,Completed,457
PRJ-14829,Dam Project 4829,Dam,Jazan,Saudi Binladin Group,Ministry of Housing,82082600.9,131184433.4,49101832.5,59.82,2019-01-21,2021-05-09,2021-06-07,29,Completed,332
PRJ-14830,Commercial Complex Project 4830,Commercial Complex,Medina,Al Fouzan,Ministry of Housing,45210114.29,64386557.95,19176443.66,42.42,2019-01-31,2020-02-14,2020-02-27,13,Delayed,354
PRJ-14831,School Project 4831,School,Neom,Al Arrab,Private Developer,91890174.8,105758042.23,13867867.43,15.09,2018-08-25,2018-12-11,2018-12-16,5,Completed,56
PRJ-14832,Metro Rail Project 4832,Metro Rail,Medina,Al Rashid Trading,Royal Commission,70441782.96,72260375.05,1818592.09,2.58,2018-01-15,2018-10-22,2018-10-22,0,In Progress,424
PRJ-14833,School Project 4833,School,Riyadh,AECOM Arabia,Ministry of Transport,27152083.84,31966936.46,4814852.62,17.73,2020-03-05,2020-08-21,2020-08-21,0,On Hold,214
PRJ-14834,Bridge Project 4834,Bridge,Medina,El Seif Engineering,Ministry of Health,114466654.87,159572105.45,45105450.58,39.4,2019-08-23,2020-02-25,2020-03-15,19,In Progress,107
PRJ-14835,Commercial Complex Project 4835,Commercial Complex,Riyadh,El Seif Engineering,Ministry of Education,134643759.48,141416130.61,6772371.13,5.03,2021-11-16,2022-05-12,2022-05-16,4,Cancelled,161
PRJ-14836,Hospital Project 4836,Hospital,Jazan,SADEEM Construction,Ministry of Housing,81633836.46,71756461.96,-9877374.5,-12.1,2022-04-11,2023-06-17,2023-08-04,48,Cancelled,195
PRJ-14837,Residential Building Project 4837,Residential Building,Qassim,El Seif Engineering,Ministry of Housing,147610713.45,152994368.57,5383655.12,3.65,2022-09-20,2022-12-24,2022-12-24,0,On Hold,404
PRJ-14838,Dam Project 4838,Dam,Medina,Al Fouzan,NEOM Co.,54205055.52,53544693.29,-660362.23,-1.22,2020-05-04,2022-11-01,2022-11-01,0,Delayed,54
PRJ-14839,Dam Project 4839,Dam,Abha,Al Rashid Trading,Royal Commission,26566327.79,42886855.32,16320527.53,61.43,2019-06-25,2020-03-27,2020-05-13,47,Completed,86
PRJ-14840,Highway Project 4840,Highway,Qassim,Al Arrab,Ministry of Education,62339890.85,94073269.97,31733379.12,50.9,2018-04-22,2018-10-29,2019-01-28,91,On Hold,21
PRJ-14841,Highway Project 4841,Highway,Mecca,AECOM Arabia,NEOM Co.,72417143.56,86754821.43,14337677.87,19.8,2019-01-31,2022-01-15,2022-02-17,33,On Hold,157
PRJ-14842,Commercial Complex Project 4842,Commercial Complex,Mecca,AECOM Arabia,Ministry of Housing,84029149.53,118229919.24,34200769.71,40.7,2020-08-22,2021-12-01,2021-12-02,1,In Progress,75
PRJ-14843,Dam Project 4843,Dam,Neom,AECOM Arabia,Ministry of Education,8397284.35,9615944.31,1218659.96,14.51,2022-06-11,2024-08-19,2024-08-19,0,On Hold,72
PRJ-14844,Hospital Project 4844,Hospital,Qassim,SSEM,Aramco,123829565.95,120253762.64,-3575803.31,-2.89,2022-07-29,2023-12-11,2023-12-11,0,Completed,254
PRJ-14845,Commercial Complex Project 4845,Commercial Complex,Tabuk,El Seif Engineering,Aramco,48887585.76,64889975.12,16002389.36,32.73,2019-06-13,2019-11-18,2019-12-07,19,In Progress,159
PRJ-14846,Airport Terminal Project 4846,Airport Terminal,Mecca,Al Fouzan,Private Developer,43459372.43,47293778.02,3834405.59,8.82,2020-05-02,2023-04-16,2023-12-30,258,In Progress,237
PRJ-14847,Commercial Complex Project 4847,Commercial Complex,Jazan,SADEEM Construction,Aramco,8795862.8,7922946.11,-872916.69,-9.92,2022-12-31,2024-11-07,2024-11-07,0,On Hold,315
PRJ-14848,Hospital Project 4848,Hospital,Mecca,Al Fouzan,Ministry of Housing,15622083.16,25294418.62,9672335.46,61.91,2019-12-22,2021-09-27,2021-11-13,47,In Progress,140
PRJ-14849,Residential Building Project 4849,Residential Building,Jeddah,El Seif Engineering,Ministry of Education,64331446.79,67792812.25,3461365.46,5.38,2022-12-14,2024-04-29,2024-04-29,0,On Hold,63
PRJ-14850,Bridge Project 4850,Bridge,Riyadh,El Seif Engineering,Aramco,22453801.28,21684173.03,-769628.25,-3.43,2018-09-15,2020-11-01,2020-11-25,24,Completed,350
PRJ-14851,Airport Terminal Project 4851,Airport Terminal,Jeddah,SSEM,NEOM Co.,91876542.51,92479145.27,602602.76,0.66,2023-04-05,2023-08-03,2023-10-23,81,Cancelled,204
PRJ-14852,Hospital Project 4852,Hospital,Abha,SADEEM Construction,Ministry of Housing,114802275.85,116254429.63,1452153.78,1.26,2018-05-11,2018-09-09,2018-09-09,0,Delayed,158
PRJ-14853,Highway Project 4853,Highway,Abha,Saudi Binladin Group,Ministry of Education,17056901.92,17154853.44,97951.52,0.57,2022-08-07,2024-05-24,2024-05-24,0,Completed,72
PRJ-14854,School Project 4854,School,Mecca,Al Rashid Trading,Private Developer,26443769.49,31309905.54,4866136.05,18.4,2021-11-11,2024-03-30,2024-04-13,14,Completed,438
PRJ-14855,Commercial Complex Project 4855,Commercial Complex,Mecca,SSEM,Royal Commission,45438372.86,49845285.46,4406912.6,9.7,2019-08-21,2022-05-05,2022-05-05,0,In Progress,150
PRJ-14856,Airport Terminal Project 4856,Airport Terminal,Dammam,Nesma & Partners,Ministry of Transport,137868381.66,138402556.18,534174.52,0.39,2022-09-23,2025-08-23,2025-09-07,15,Delayed,74
PRJ-14857,Commercial Complex Project 4857,Commercial Complex,Jeddah,Al Arrab,Private Developer,40973052.35,53564553.94,12591501.59,30.73,2018-04-23,2019-09-04,2019-10-31,57,Cancelled,424
PRJ-14858,Hospital Project 4858,Hospital,Jeddah,Al Fouzan,NEOM Co.,68524149.33,64747853.11,-3776296.22,-5.51,2019-07-26,2020-06-23,2020-06-23,0,Delayed,85
PRJ-14859,Commercial Complex Project 4859,Commercial Complex,Jazan,SADEEM Construction,Ministry of Health,67734232.59,108681642.24,40947409.65,60.45,2019-10-28,2020-10-15,2020-10-24,9,Completed,494
PRJ-14860,School Project 4860,School,Mecca,AECOM Arabia,Royal Commission,132668481.36,167603116.2,34934634.84,26.33,2020-05-30,2020-09-06,2020-09-08,2,Delayed,62
PRJ-14861,Commercial Complex Project 4861,Commercial Complex,Medina,SSEM,Aramco,34146222.65,52977126.84,18830904.19,55.15,2019-04-04,2022-02-10,2022-02-25,15,On Hold,390
PRJ-14862,Bridge Project 4862,Bridge,Jeddah,Saudi Binladin Group,Ministry of Education,79363420.72,88678482.76,9315062.04,11.74,2021-05-10,2023-02-15,2023-08-17,183,Cancelled,229
PRJ-14863,Metro Rail Project 4863,Metro Rail,Tabuk,SSEM,Ministry of Health,31579308.94,42619890.48,11040581.54,34.96,2018-08-17,2019-01-08,2019-02-25,48,In Progress,17
PRJ-14864,Industrial Plant Project 4864,Industrial Plant,Jeddah,Al Fouzan,Private Developer,70475786.33,78749439.22,8273652.89,11.74,2019-08-04,2021-08-17,2021-08-24,7,In Progress,131
PRJ-14865,Industrial Plant Project 4865,Industrial Plant,Medina,Al Fouzan,Ministry of Education,143996592.3,152064286.68,8067694.38,5.6,2020-06-03,2021-05-13,2021-05-13,0,Completed,350
PRJ-14866,School Project 4866,School,Qassim,Al Fouzan,NEOM Co.,60404542.55,88987416.65,28582874.1,47.32,2023-05-02,2025-12-03,2025-12-25,22,On Hold,418
PRJ-14867,Hospital Project 4867,Hospital,Riyadh,SADEEM Construction,Ministry of Housing,51346286.01,67671780.89,16325494.88,31.79,2021-02-28,2023-08-21,2024-06-14,298,Completed,275
PRJ-14868,Hospital Project 4868,Hospital,Neom,Al Arrab,Ministry of Education,99948013.47,155478137.53,55530124.06,55.56,2021-08-12,2022-08-12,2022-09-18,37,In Progress,299
PRJ-14869,Residential Building Project 4869,Residential Building,Tabuk,Al Fouzan,Ministry of Housing,55990531.04,90518708.28,34528177.24,61.67,2019-12-19,2021-11-21,2021-11-23,2,Cancelled,44
PRJ-14870,Airport Terminal Project 4870,Airport Terminal,Mecca,SSEM,NEOM Co.,65534283.15,90636814.05,25102530.9,38.3,2020-03-26,2021-07-28,2021-08-26,29,In Progress,389
PRJ-14871,Metro Rail Project 4871,Metro Rail,Neom,Nesma & Partners,Private Developer,82203799.45,79045304.15,-3158495.3,-3.84,2020-05-22,2020-11-06,2020-11-06,0,Cancelled,187
PRJ-14872,Industrial Plant Project 4872,Industrial Plant,Riyadh,Al Arrab,NEOM Co.,113393885.99,146548043.54,33154157.55,29.24,2020-09-26,2023-01-21,2023-03-10,48,Cancelled,23
PRJ-14873,Airport Terminal Project 4873,Airport Terminal,Qassim,Saudi Binladin Group,Ministry of Health,73539893.51,67447946.48,-6091947.03,-8.28,2022-06-25,2024-02-19,2024-02-22,3,In Progress,351
PRJ-14874,Commercial Complex Project 4874,Commercial Complex,Jazan,AECOM Arabia,Royal Commission,51264944.41,50919103.23,-345841.18,-0.67,2018-10-13,2020-09-19,2020-09-19,0,In Progress,117
PRJ-14875,Bridge Project 4875,Bridge,Jeddah,Nesma & Partners,Royal Commission,143071639.42,197144054.16,54072414.74,37.79,2020-09-22,2022-01-24,2022-03-10,45,In Progress,275
PRJ-14876,Hospital Project 4876,Hospital,Abha,El Seif Engineering,Ministry of Health,77888389.31,127173462.28,49285072.97,63.28,2021-11-12,2022-08-08,2022-08-13,5,Delayed,57
PRJ-14877,Bridge Project 4877,Bridge,Mecca,Nesma & Partners,Ministry of Education,56568584.39,70430100.33,13861515.94,24.5,2021-12-21,2024-01-18,2024-01-21,3,Delayed,343
PRJ-14878,Dam Project 4878,Dam,Medina,SSEM,Private Developer,131162702.74,152960278.24,21797575.5,16.62,2023-02-03,2023-11-04,2023-11-04,0,Delayed,379
PRJ-14879,Highway Project 4879,Highway,Riyadh,AECOM Arabia,Private Developer,2139404.45,2283145.42,143740.97,6.72,2018-03-13,2018-12-17,2019-02-20,65,On Hold,143
PRJ-14880,Commercial Complex Project 4880,Commercial Complex,Tabuk,Al Bawani,Ministry of Education,6326368.41,7302761.64,976393.23,15.43,2021-06-18,2021-11-22,2021-11-22,0,Delayed,35
PRJ-14881,Hospital Project 4881,Hospital,Neom,Nesma & Partners,Royal Commission,129648080.02,139873336.44,10225256.42,7.89,2023-05-05,2024-03-21,2024-03-21,0,Completed,452
PRJ-14882,Metro Rail Project 4882,Metro Rail,Tabuk,Al Fouzan,Ministry of Education,86377846.72,98810735.53,12432888.81,14.39,2021-05-29,2023-01-15,2023-01-15,0,In Progress,212
PRJ-14883,Industrial Plant Project 4883,Industrial Plant,Dammam,SSEM,Ministry of Transport,118053278.13,152548204.94,34494926.81,29.22,2021-04-13,2022-10-26,2022-12-31,66,Cancelled,379
PRJ-14884,Commercial Complex Project 4884,Commercial Complex,Abha,El Seif Engineering,NEOM Co.,145163240.36,136923148.89,-8240091.47,-5.68,2018-11-01,2020-09-17,2021-03-02,166,Completed,347
PRJ-14885,Commercial Complex Project 4885,Commercial Complex,Medina,Al Rashid Trading,Ministry of Housing,127506792.05,147914645.65,20407853.6,16.01,2018-03-02,2018-09-17,2018-10-07,20,Completed,101
PRJ-14886,Industrial Plant Project 4886,Industrial Plant,Abha,AECOM Arabia,Private Developer,92154310.33,84486119.5,-7668190.83,-8.32,2020-12-11,2023-11-13,2023-11-13,0,Completed,97
PRJ-14887,Bridge Project 4887,Bridge,Dammam,Nesma & Partners,NEOM Co.,76215937.26,77798882.29,1582945.03,2.08,2022-10-20,2023-09-08,2024-05-09,244,In Progress,278
PRJ-14888,Hospital Project 4888,Hospital,Jazan,Saudi Binladin Group,Private Developer,64245289.27,75927926.76,11682637.49,18.18,2021-04-12,2022-02-08,2022-02-08,0,On Hold,16
PRJ-14889,Airport Terminal Project 4889,Airport Terminal,Tabuk,Al Bawani,Ministry of Education,64570293.75,77641214.31,13070920.56,20.24,2020-11-29,2023-11-05,2023-11-18,13,Completed,125
PRJ-14890,Commercial Complex Project 4890,Commercial Complex,Abha,Al Bawani,NEOM Co.,78158188.59,116499019.45,38340830.86,49.06,2020-02-09,2020-09-29,2020-10-28,29,Cancelled,424
PRJ-14891,Metro Rail Project 4891,Metro Rail,Medina,SSEM,Aramco,68089279.76,86948412.14,18859132.38,27.7,2018-08-07,2019-11-21,2020-07-03,225,Cancelled,164
PRJ-14892,Industrial Plant Project 4892,Industrial Plant,Neom,Al Bawani,Ministry of Transport,51102836.3,72779525.17,21676688.87,42.42,2018-01-07,2019-10-12,2019-11-13,32,On Hold,464
PRJ-14893,Bridge Project 4893,Bridge,Qassim,El Seif Engineering,Aramco,83928321.86,82745461.28,-1182860.58,-1.41,2022-06-13,2023-04-27,2023-08-30,125,Cancelled,146
PRJ-14894,School Project 4894,School,Dammam,SADEEM Construction,Royal Commission,43152009.27,59926776.37,16774767.1,38.87,2019-09-24,2020-11-07,2020-11-16,9,Completed,17
PRJ-14895,Hospital Project 4895,Hospital,Medina,Al Fouzan,Royal Commission,3243124.92,3445087.22,201962.3,6.23,2023-04-16,2025-05-10,2025-06-21,42,In Progress,479
PRJ-14896,Industrial Plant Project 4896,Industrial Plant,Qassim,El Seif Engineering,Aramco,46848266.01,47913618.1,1065352.09,2.27,2020-11-12,2023-04-18,2023-05-10,22,In Progress,299
PRJ-14897,Bridge Project 4897,Bridge,Qassim,Al Fouzan,Ministry of Housing,132728461.38,160004941.94,27276480.56,20.55,2023-03-21,2025-09-21,2025-09-23,2,Delayed,261
PRJ-14898,Dam Project 4898,Dam,Neom,Al Bawani,NEOM Co.,127488629.28,138180286.31,10691657.03,8.39,2019-11-29,2022-11-07,2022-12-05,28,In Progress,247
PRJ-14899,Commercial Complex Project 4899,Commercial Complex,Tabuk,Al Arrab,Private Developer,63403651.06,70505387.12,7101736.06,11.2,2019-10-20,2020-04-29,2020-04-29,0,In Progress,120
PRJ-14900,Residential Building Project 4900,Residential Building,Jazan,Saudi Binladin Group,Ministry of Health,146002481.13,170522373.68,24519892.55,16.79,2020-05-02,2021-09-24,2021-09-24,0,On Hold,119
PRJ-14901,Bridge Project 4901,Bridge,Jeddah,El Seif Engineering,Aramco,51693704.85,62004498.33,10310793.48,19.95,2020-06-01,2022-09-04,2022-09-04,0,Cancelled,180
PRJ-14902,Hospital Project 4902,Hospital,Medina,Saudi Binladin Group,Ministry of Transport,1023947.2,930039.9,-93907.3,-9.17,2019-02-25,2020-10-08,2020-10-08,0,Delayed,360
PRJ-14903,Residential Building Project 4903,Residential Building,Medina,SSEM,Ministry of Education,123664157.02,124847641.49,1183484.47,0.96,2018-06-08,2020-06-04,2020-09-27,115,On Hold,302
PRJ-14904,Bridge Project 4904,Bridge,Riyadh,Al Arrab,Aramco,9585005.63,11414592.69,1829587.06,19.09,2021-01-07,2023-07-16,2023-07-24,8,Completed,156
PRJ-14905,Hospital Project 4905,Hospital,Qassim,Nesma & Partners,Ministry of Housing,109719657.43,119298255.72,9578598.29,8.73,2018-10-22,2020-05-22,2020-05-22,0,Delayed,239
PRJ-14906,Industrial Plant Project 4906,Industrial Plant,Dammam,SADEEM Construction,Ministry of Health,36024372.03,37860935.38,1836563.35,5.1,2019-07-07,2021-04-29,2021-04-29,0,Delayed,460
PRJ-14907,Hospital Project 4907,Hospital,Riyadh,Al Arrab,Royal Commission,138969008.76,154054348.68,15085339.92,10.86,2018-10-03,2021-05-04,2021-06-23,50,Delayed,376
PRJ-14908,Bridge Project 4908,Bridge,Abha,SSEM,Aramco,147348551.92,163937953.69,16589401.77,11.26,2018-02-19,2018-09-29,2018-09-29,0,Completed,328
PRJ-14909,Hospital Project 4909,Hospital,Jazan,Al Bawani,Ministry of Housing,9836178.67,9685944.41,-150234.26,-1.53,2019-04-25,2021-12-07,2021-12-08,1,Delayed,15
PRJ-14910,Airport Terminal Project 4910,Airport Terminal,Jeddah,AECOM Arabia,Ministry of Health,109314452.27,104408603.05,-4905849.22,-4.49,2022-10-27,2024-07-30,2024-07-30,0,Delayed,152
PRJ-14911,Hospital Project 4911,Hospital,Abha,Al Fouzan,Ministry of Education,76967272.0,71423937.91,-5543334.09,-7.2,2021-11-28,2024-03-28,2024-03-28,0,On Hold,144
PRJ-14912,Industrial Plant Project 4912,Industrial Plant,Dammam,Saudi Binladin Group,Royal Commission,138172480.6,138612999.9,440519.3,0.32,2018-04-24,2019-04-15,2019-04-15,0,Completed,467
PRJ-14913,Hospital Project 4913,Hospital,Tabuk,Al Arrab,Ministry of Education,136265742.46,116493980.83,-19771761.63,-14.51,2019-07-29,2022-01-20,2022-04-16,86,Completed,69
PRJ-14914,School Project 4914,School,Jazan,Al Fouzan,Ministry of Transport,69888210.49,60783513.01,-9104697.48,-13.03,2023-03-09,2023-07-13,2024-04-24,286,Delayed,452
PRJ-14915,Commercial Complex Project 4915,Commercial Complex,Mecca,Saudi Binladin Group,Royal Commission,136349568.56,124072000.31,-12277568.25,-9.0,2021-07-12,2023-11-04,2023-11-25,21,On Hold,19
PRJ-14916,Metro Rail Project 4916,Metro Rail,Jeddah,SADEEM Construction,Private Developer,16986370.88,27215348.62,10228977.74,60.22,2020-06-06,2023-05-08,2023-05-22,14,Completed,35
PRJ-14917,Residential Building Project 4917,Residential Building,Riyadh,SADEEM Construction,Ministry of Housing,104089918.16,120774039.38,16684121.22,16.03,2019-08-23,2019-12-14,2019-12-14,0,Delayed,138
PRJ-14918,Metro Rail Project 4918,Metro Rail,Jazan,Al Arrab,Ministry of Transport,55285268.63,50473466.06,-4811802.57,-8.7,2022-02-07,2023-03-06,2023-03-06,0,Delayed,97
PRJ-14919,Hospital Project 4919,Hospital,Abha,Saudi Binladin Group,Private Developer,146160486.76,173097206.15,26936719.39,18.43,2021-02-03,2023-11-06,2023-11-06,0,Delayed,212
PRJ-14920,School Project 4920,School,Dammam,Al Fouzan,Ministry of Education,55617274.87,61554261.54,5936986.67,10.67,2018-05-04,2019-10-08,2019-10-08,0,Completed,366
PRJ-14921,Dam Project 4921,Dam,Neom,Al Fouzan,Aramco,147090775.45,143965038.95,-3125736.5,-2.13,2020-11-04,2021-05-04,2021-08-13,101,Completed,415
PRJ-14922,School Project 4922,School,Tabuk,Nesma & Partners,Royal Commission,27596547.01,29518968.68,1922421.67,6.97,2021-02-14,2021-07-15,2021-07-15,0,Delayed,318
PRJ-14923,Residential Building Project 4923,Residential Building,Mecca,Al Rashid Trading,Aramco,95777071.55,95282889.48,-494182.07,-0.52,2023-04-10,2024-06-19,2024-07-29,40,Completed,407
PRJ-14924,Dam Project 4924,Dam,Mecca,El Seif Engineering,Ministry of Health,143871559.47,219783594.48,75912035.01,52.76,2019-07-17,2021-09-14,2021-10-14,30,On Hold,459
PRJ-14925,Bridge Project 4925,Bridge,Jeddah,Saudi Binladin Group,Ministry of Transport,81239824.43,132562784.98,51322960.55,63.17,2022-08-13,2025-01-14,2025-01-30,16,Cancelled,244
PRJ-14926,School Project 4926,School,Jazan,Saudi Binladin Group,NEOM Co.,87527144.94,101536921.36,14009776.42,16.01,2019-09-22,2020-12-25,2020-12-25,0,Cancelled,140
PRJ-14927,Industrial Plant Project 4927,Industrial Plant,Mecca,Al Arrab,Ministry of Health,143017213.26,157691692.95,14674479.69,10.26,2020-01-19,2021-02-01,2021-02-01,0,Cancelled,472
PRJ-14928,Highway Project 4928,Highway,Mecca,SADEEM Construction,Aramco,82566332.44,75300981.68,-7265350.76,-8.8,2021-09-22,2024-08-11,2024-08-11,0,Completed,453
PRJ-14929,Commercial Complex Project 4929,Commercial Complex,Medina,SSEM,NEOM Co.,30527256.8,29178029.27,-1349227.53,-4.42,2023-04-13,2024-04-15,2024-04-15,0,On Hold,487
PRJ-14930,Metro Rail Project 4930,Metro Rail,Dammam,AECOM Arabia,Ministry of Education,38586439.88,43913390.31,5326950.43,13.81,2022-01-08,2024-05-13,2024-05-23,10,Delayed,478
PRJ-14931,Industrial Plant Project 4931,Industrial Plant,Qassim,AECOM Arabia,Private Developer,63370384.67,56012420.51,-7357964.16,-11.61,2022-12-26,2023-04-15,2023-04-18,3,On Hold,183
PRJ-14932,Airport Terminal Project 4932,Airport Terminal,Mecca,Al Arrab,Ministry of Transport,101254695.14,107451527.79,6196832.65,6.12,2023-06-11,2026-02-28,2026-02-28,0,Delayed,296
PRJ-14933,Airport Terminal Project 4933,Airport Terminal,Jazan,Al Bawani,Ministry of Housing,66899558.23,101161733.85,34262175.62,51.21,2023-05-16,2025-06-03,2025-07-03,30,On Hold,351
PRJ-14934,Dam Project 4934,Dam,Abha,SADEEM Construction,Ministry of Education,64440089.91,103932700.3,39492610.39,61.29,2019-02-26,2021-12-29,2022-05-31,153,Delayed,448
PRJ-14935,Highway Project 4935,Highway,Tabuk,El Seif Engineering,Aramco,126023862.13,172120047.52,46096185.39,36.58,2021-01-06,2023-08-29,2023-09-14,16,Cancelled,302
PRJ-14936,Dam Project 4936,Dam,Mecca,SSEM,Ministry of Health,26972102.83,44101077.47,17128974.64,63.51,2020-07-26,2023-01-28,2023-02-21,24,On Hold,395
PRJ-14937,Residential Building Project 4937,Residential Building,Neom,El Seif Engineering,Aramco,77988109.72,91892725.99,13904616.27,17.83,2019-01-24,2020-12-29,2020-12-29,0,Delayed,74
PRJ-14938,Hospital Project 4938,Hospital,Neom,AECOM Arabia,Ministry of Transport,61396570.62,80636784.06,19240213.44,31.34,2020-07-07,2021-01-28,2021-08-18,202,Completed,281
PRJ-14939,Hospital Project 4939,Hospital,Abha,SSEM,Royal Commission,6819214.64,7294228.56,475013.92,6.97,2018-08-28,2020-07-06,2020-08-01,26,On Hold,385
PRJ-14940,Bridge Project 4940,Bridge,Neom,Al Arrab,Ministry of Education,5355957.64,5734001.0,378043.36,7.06,2021-09-16,2022-01-31,2022-03-23,51,On Hold,254
PRJ-14941,Dam Project 4941,Dam,Jeddah,SADEEM Construction,Ministry of Housing,119584008.83,120237067.04,653058.21,0.55,2022-07-07,2023-10-03,2023-10-13,10,Completed,79
PRJ-14942,Hospital Project 4942,Hospital,Riyadh,El Seif Engineering,Royal Commission,146103368.33,194478335.18,48374966.85,33.11,2023-05-26,2024-09-04,2024-09-17,13,Completed,337
PRJ-14943,Metro Rail Project 4943,Metro Rail,Neom,Al Bawani,Royal Commission,91692233.18,145034794.53,53342561.35,58.18,2022-07-22,2024-02-01,2024-02-25,24,In Progress,261
PRJ-14944,Industrial Plant Project 4944,Industrial Plant,Mecca,Al Bawani,Private Developer,101328940.17,103468997.38,2140057.21,2.11,2019-11-21,2021-02-18,2021-02-18,0,On Hold,209
PRJ-14945,School Project 4945,School,Medina,Al Rashid Trading,Royal Commission,129425867.49,128759365.6,-666501.89,-0.51,2019-07-11,2021-09-14,2022-07-02,291,Delayed,23
PRJ-14946,Metro Rail Project 4946,Metro Rail,Tabuk,Al Rashid Trading,Ministry of Housing,81863395.26,110541624.67,28678229.41,35.03,2020-07-09,2022-09-09,2022-12-08,90,On Hold,76
PRJ-14947,Airport Terminal Project 4947,Airport Terminal,Dammam,SSEM,Ministry of Health,122636783.35,134418280.55,11781497.2,9.61,2019-11-01,2021-09-06,2021-09-06,0,On Hold,40
PRJ-14948,Airport Terminal Project 4948,Airport Terminal,Neom,SADEEM Construction,NEOM Co.,125985944.1,134595493.69,8609549.59,6.83,2022-12-11,2025-04-02,2025-06-27,86,On Hold,21
PRJ-14949,Bridge Project 4949,Bridge,Abha,Al Arrab,Ministry of Housing,25864331.65,36507243.97,10642912.32,41.15,2021-07-26,2024-01-08,2024-01-27,19,Delayed,145
PRJ-14950,Airport Terminal Project 4950,Airport Terminal,Dammam,AECOM Arabia,Private Developer,34465092.35,38750760.85,4285668.5,12.43,2021-11-18,2022-09-05,2023-03-07,183,Cancelled,435
PRJ-14951,School Project 4951,School,Jeddah,Al Arrab,Royal Commission,145344470.65,170207147.42,24862676.77,17.11,2020-09-06,2021-07-22,2021-08-26,35,Cancelled,141
PRJ-14952,Highway Project 4952,Highway,Mecca,SSEM,Aramco,29290126.55,28876302.36,-413824.19,-1.41,2019-08-13,2021-01-14,2021-04-25,101,On Hold,108
PRJ-14953,School Project 4953,School,Neom,Al Fouzan,Ministry of Housing,16392720.29,19212640.49,2819920.2,17.2,2022-09-09,2025-05-01,2025-05-01,0,Delayed,320
PRJ-14954,Highway Project 4954,Highway,Tabuk,Saudi Binladin Group,Aramco,149648725.59,133728801.91,-15919923.68,-10.64,2021-05-26,2022-09-25,2022-09-30,5,On Hold,281
PRJ-14955,Residential Building Project 4955,Residential Building,Jazan,AECOM Arabia,NEOM Co.,49794800.52,50484806.95,690006.43,1.39,2018-04-20,2019-02-17,2019-09-17,212,Completed,110
PRJ-14956,Bridge Project 4956,Bridge,Mecca,AECOM Arabia,Ministry of Housing,45563024.31,43752405.34,-1810618.97,-3.97,2019-03-04,2019-10-24,2019-10-24,0,In Progress,101
PRJ-14957,School Project 4957,School,Neom,Nesma & Partners,Private Developer,116251954.98,157865645.75,41613690.77,35.8,2019-07-31,2021-07-28,2022-04-29,275,On Hold,354
PRJ-14958,Metro Rail Project 4958,Metro Rail,Tabuk,AECOM Arabia,Aramco,58389069.63,68473579.11,10084509.48,17.27,2021-08-13,2022-03-11,2022-03-11,0,Delayed,225
PRJ-14959,Industrial Plant Project 4959,Industrial Plant,Riyadh,Al Rashid Trading,Aramco,145445114.96,149577227.13,4132112.17,2.84,2021-01-15,2021-08-02,2021-08-07,5,Cancelled,473
PRJ-14960,Commercial Complex Project 4960,Commercial Complex,Mecca,Al Arrab,Royal Commission,79081838.69,94831676.38,15749837.69,19.92,2019-12-16,2021-11-09,2021-11-11,2,In Progress,24
PRJ-14961,Bridge Project 4961,Bridge,Medina,AECOM Arabia,Ministry of Housing,87477794.08,92430967.98,4953173.9,5.66,2021-05-19,2022-08-28,2022-08-28,0,On Hold,340
PRJ-14962,Metro Rail Project 4962,Metro Rail,Mecca,Nesma & Partners,Ministry of Transport,49970833.17,53105690.52,3134857.35,6.27,2023-04-25,2025-03-02,2025-03-02,0,Cancelled,355
PRJ-14963,Bridge Project 4963,Bridge,Jazan,Al Fouzan,Private Developer,143840742.66,197617774.39,53777031.73,37.39,2018-11-22,2021-08-15,2021-08-21,6,In Progress,252
PRJ-14964,Dam Project 4964,Dam,Medina,SADEEM Construction,Royal Commission,6987805.78,9024489.68,2036683.9,29.15,2022-02-14,2022-07-08,2022-07-10,2,In Progress,457
PRJ-14965,Dam Project 4965,Dam,Jazan,Nesma & Partners,Aramco,16188407.46,15981364.17,-207043.29,-1.28,2021-03-24,2022-09-29,2023-01-07,100,Delayed,33
PRJ-14966,Hospital Project 4966,Hospital,Tabuk,Al Rashid Trading,NEOM Co.,84944951.06,85962833.78,1017882.72,1.2,2020-06-27,2021-12-03,2022-01-08,36,Delayed,355
PRJ-14967,Airport Terminal Project 4967,Airport Terminal,Medina,SSEM,NEOM Co.,100404785.86,134619317.23,34214531.37,34.08,2023-05-09,2024-09-14,2024-09-20,6,On Hold,311
PRJ-14968,Bridge Project 4968,Bridge,Qassim,Al Bawani,Private Developer,62087972.14,102199422.38,40111450.24,64.6,2021-05-02,2023-12-29,2024-01-29,31,Cancelled,233
PRJ-14969,Dam Project 4969,Dam,Dammam,Al Bawani,Ministry of Education,140703636.3,164008608.83,23304972.53,16.56,2019-06-11,2021-01-12,2021-01-12,0,Cancelled,52
PRJ-14970,Residential Building Project 4970,Residential Building,Mecca,Saudi Binladin Group,Ministry of Education,10440373.88,12381385.3,1941011.42,18.59,2021-12-14,2023-04-06,2023-04-06,0,Cancelled,203
PRJ-14971,Metro Rail Project 4971,Metro Rail,Abha,Al Fouzan,NEOM Co.,42632939.03,39363442.99,-3269496.04,-7.67,2022-03-15,2024-10-14,2024-10-28,14,On Hold,122
PRJ-14972,Commercial Complex Project 4972,Commercial Complex,Qassim,Saudi Binladin Group,NEOM Co.,17284777.37,27750118.73,10465341.36,60.55,2019-08-09,2019-11-25,2020-10-17,327,Completed,245
PRJ-14973,Commercial Complex Project 4973,Commercial Complex,Neom,El Seif Engineering,NEOM Co.,91806900.0,102342201.24,10535301.24,11.48,2022-05-08,2024-04-06,2024-04-06,0,In Progress,243
PRJ-14974,Residential Building Project 4974,Residential Building,Dammam,Al Arrab,Royal Commission,114414476.82,111993956.46,-2420520.36,-2.12,2020-12-19,2022-06-10,2022-06-10,0,On Hold,123
PRJ-14975,Hospital Project 4975,Hospital,Tabuk,Saudi Binladin Group,Aramco,7261829.82,7299553.46,37723.64,0.52,2019-03-06,2021-01-20,2021-01-20,0,Completed,25
PRJ-14976,Commercial Complex Project 4976,Commercial Complex,Tabuk,Al Bawani,Private Developer,36598902.12,36365497.53,-233404.59,-0.64,2020-03-21,2021-07-02,2021-07-03,1,Completed,426
PRJ-14977,Bridge Project 4977,Bridge,Jazan,Saudi Binladin Group,Ministry of Housing,19112585.29,22447034.08,3334448.79,17.45,2021-11-29,2024-03-09,2024-03-09,0,On Hold,150
PRJ-14978,Metro Rail Project 4978,Metro Rail,Medina,El Seif Engineering,Ministry of Education,21469948.41,22785939.0,1315990.59,6.13,2020-04-29,2021-07-31,2021-07-31,0,In Progress,13
PRJ-14979,Highway Project 4979,Highway,Jeddah,SSEM,Ministry of Transport,89169340.29,82860176.76,-6309163.53,-7.08,2019-03-13,2020-09-17,2020-10-10,23,Completed,52
PRJ-14980,Residential Building Project 4980,Residential Building,Jeddah,SADEEM Construction,NEOM Co.,48160355.08,56180784.66,8020429.58,16.65,2018-11-17,2020-04-13,2020-04-14,1,Cancelled,325
PRJ-14981,Highway Project 4981,Highway,Dammam,SADEEM Construction,Ministry of Housing,28695540.23,40295618.11,11600077.88,40.42,2020-05-01,2020-07-30,2020-08-23,24,Delayed,148
PRJ-14982,Metro Rail Project 4982,Metro Rail,Abha,Al Arrab,Ministry of Housing,80051919.1,82475171.46,2423252.36,3.03,2023-02-19,2023-11-11,2023-11-11,0,Delayed,137
PRJ-14983,Hospital Project 4983,Hospital,Qassim,Saudi Binladin Group,Private Developer,58406346.42,59895384.22,1489037.8,2.55,2020-08-22,2023-03-18,2023-05-12,55,Completed,412
PRJ-14984,Residential Building Project 4984,Residential Building,Mecca,Al Fouzan,Ministry of Housing,110265641.76,130704481.76,20438840.0,18.54,2023-01-06,2023-06-29,2023-08-10,42,Completed,372
PRJ-14985,Commercial Complex Project 4985,Commercial Complex,Neom,Al Fouzan,Ministry of Health,44946439.58,46796544.96,1850105.38,4.12,2022-08-28,2023-01-24,2023-01-24,0,Cancelled,409
PRJ-14986,Bridge Project 4986,Bridge,Mecca,SSEM,Ministry of Education,14435481.92,13558996.41,-876485.51,-6.07,2020-06-14,2022-05-26,2022-05-27,1,Delayed,477
PRJ-14987,Airport Terminal Project 4987,Airport Terminal,Tabuk,Al Arrab,NEOM Co.,28478182.2,43551949.14,15073766.94,52.93,2020-08-25,2021-10-13,2021-11-03,21,In Progress,101
PRJ-14988,Industrial Plant Project 4988,Industrial Plant,Abha,SADEEM Construction,Ministry of Housing,35728528.63,42179264.57,6450735.94,18.05,2021-04-24,2022-08-23,2022-08-23,0,Cancelled,222
PRJ-14989,Commercial Complex Project 4989,Commercial Complex,Jazan,Al Fouzan,Private Developer,143258732.39,170144296.6,26885564.21,18.77,2018-08-05,2021-04-21,2021-04-21,0,On Hold,65
PRJ-14990,Commercial Complex Project 4990,Commercial Complex,Mecca,Al Bawani,Aramco,125715628.83,114168287.37,-11547341.46,-9.19,2018-04-24,2019-08-18,2019-08-31,13,Completed,300
PRJ-14991,Dam Project 4991,Dam,Tabuk,Al Fouzan,Ministry of Education,85538400.4,130872094.34,45333693.94,53.0,2021-02-14,2021-06-27,2021-07-21,24,Cancelled,205
PRJ-14992,Hospital Project 4992,Hospital,Riyadh,SADEEM Construction,Private Developer,149400662.12,168249531.45,18848869.33,12.62,2019-08-17,2021-12-05,2021-12-26,21,Delayed,392
PRJ-14993,Highway Project 4993,Highway,Neom,SADEEM Construction,NEOM Co.,28292305.88,29784275.39,1491969.51,5.27,2020-04-08,2022-08-12,2022-08-12,0,Cancelled,285
PRJ-14994,Residential Building Project 4994,Residential Building,Tabuk,Saudi Binladin Group,Aramco,83550040.67,104743475.52,21193434.85,25.37,2022-08-05,2023-10-05,2023-11-26,52,Cancelled,346
PRJ-14995,School Project 4995,School,Dammam,Al Arrab,Private Developer,137512018.13,149671524.24,12159506.11,8.84,2021-06-18,2024-03-02,2024-03-02,0,Delayed,83
PRJ-14996,Industrial Plant Project 4996,Industrial Plant,Jeddah,Al Arrab,Aramco,126130267.61,119128842.1,-7001425.51,-5.55,2018-11-03,2019-11-29,2019-11-29,0,On Hold,205
PRJ-14997,Airport Terminal Project 4997,Airport Terminal,Jeddah,SSEM,Ministry of Housing,128372751.48,126599464.97,-1773286.51,-1.38,2020-05-28,2020-10-10,2020-11-12,33,In Progress,228
PRJ-14998,Hospital Project 4998,Hospital,Neom,SSEM,NEOM Co.,28869651.94,25283241.14,-3586410.8,-12.42,2023-03-24,2025-05-09,2025-07-26,78,On Hold,210
PRJ-14999,School Project 4999,School,Jeddah,Saudi Binladin Group,Royal Commission,69648974.02,69234046.32,-414927.7,-0.6,2018-09-06,2019-08-19,2019-08-19,0,Delayed,29
